; generated by Slic3r 1.3.0 on 2026-08-06 at 13:20:27

; external perimeters extrusion width = 0.55mm (4.37mm^3/s)
; perimeters extrusion width = 0.70mm (11.44mm^3/s)
; infill extrusion width = 0.63mm (13.45mm^3/s)
; solid infill extrusion width = 0.70mm (3.81mm^3/s)
; top infill extrusion width = 0.70mm (2.86mm^3/s)

M107
M104 S200 ; set temperature
G28 ; home all axes
G1 Z5 F5000 ; lift nozzle

; Filament gcode

M109 S200 ; set temperature and wait for it to be reached
G21 ; set units to millimeters
G90 ; use absolute coordinates
M82 ; use absolute distances for extrusion
G92 E0
G1 Z0.350 F7800.000
G1 E-2.00000 F2400.00000
G92 E0
G1 X82.415 Y83.253 F7800.000
G1 E2.00000 F2400.00000
G1 F1800
G1 X84.168 Y81.774 E2.07096
G1 X86.320 Y80.981 E2.14192
G1 X87.500 Y80.875 E2.17858
G1 X112.500 Y80.875 E2.95211
G1 X114.759 Y81.272 E3.02307
G1 X116.747 Y82.415 E3.09403
G1 X118.226 Y84.168 E3.16500
G1 X119.019 Y86.320 E3.23596
G1 X119.125 Y87.500 E3.27261
G1 X119.125 Y112.500 E4.04614
G1 X118.728 Y114.759 E4.11710
G1 X117.585 Y116.747 E4.18807
G1 X115.832 Y118.226 E4.25903
G1 X113.680 Y119.019 E4.32999
G1 X112.500 Y119.125 E4.36664
G1 X87.500 Y119.125 E5.14017
G1 X85.241 Y118.728 E5.21114
G1 X83.253 Y117.585 E5.28210
G1 X81.774 Y115.832 E5.35306
G1 X80.981 Y113.680 E5.42402
G1 X80.875 Y112.500 E5.46068
G1 X80.875 Y87.500 E6.23421
G1 X81.272 Y85.241 E6.30517
G1 X82.378 Y83.318 E6.37381
G1 E4.37381 F2400.00000
G92 E0
G1 X110.900 Y110.900 F7800.000
G1 E2.00000 F2400.00000
G1 F1800
G1 X89.100 Y110.900 E2.67453
G1 X89.100 Y89.100 E3.34907
G1 X110.900 Y89.100 E4.02360
G1 X110.900 Y110.825 E4.69582
G1 X111.525 Y111.525 F7800.000
G1 F1800
G1 X88.475 Y111.525 E5.40902
G1 X88.475 Y88.475 E6.12223
G1 X111.525 Y88.475 E6.83543
G1 X111.525 Y111.450 E7.54631
G1 X112.150 Y112.150 F7800.000
G1 F1800
G1 X87.850 Y112.150 E8.29819
G1 X87.850 Y87.850 E9.05006
G1 X112.150 Y87.850 E9.80194
G1 X112.150 Y112.075 E10.55149
G1 X111.667 Y112.021 F7800.000
G1 E8.55149 F2400.00000
G92 E0
G1 X110.032 Y110.518 F7800.000
G1 E2.00000 F2400.00000
G1 F1800
G1 X110.518 Y110.032 E2.02151
G1 X110.518 Y109.139 E2.04946
G1 X109.139 Y110.518 E2.11050
G1 X108.245 Y110.518 E2.13845
G1 X110.518 Y108.245 E2.23902
G1 X110.518 Y107.352 E2.26698
G1 X107.352 Y110.518 E2.40708
G1 X106.458 Y110.518 E2.43503
G1 X110.518 Y106.458 E2.61466
G1 X110.518 Y105.565 E2.64261
G1 X105.565 Y110.518 E2.86177
G1 X104.671 Y110.518 E2.88972
G1 X110.518 Y104.671 E3.14841
G1 X110.518 Y103.778 E3.17636
G1 X103.778 Y110.518 E3.47458
G1 X102.884 Y110.518 E3.50254
G1 X110.518 Y102.884 E3.84029
G1 X110.518 Y101.991 E3.86824
G1 X101.991 Y110.518 E4.24552
G1 X101.097 Y110.518 E4.27347
G1 X110.518 Y101.097 E4.69028
G1 X110.518 Y100.204 E4.71823
G1 X100.204 Y110.518 E5.17457
G1 X99.310 Y110.518 E5.20253
G1 X110.518 Y99.310 E5.69840
G1 X110.518 Y98.417 E5.72635
G1 X98.417 Y110.518 E6.26175
G1 X97.523 Y110.518 E6.28970
G1 X110.518 Y97.523 E6.86463
G1 X110.518 Y96.630 E6.89258
G1 X96.630 Y110.518 E7.50705
G1 X95.736 Y110.518 E7.53500
G1 X110.518 Y95.736 E8.18899
G1 X110.518 Y94.843 E8.21694
G1 X94.843 Y110.518 E8.91046
G1 X93.949 Y110.518 E8.93841
G1 X110.518 Y93.949 E9.67146
G1 X110.518 Y93.056 E9.69942
G1 X93.056 Y110.518 E10.47200
G1 X92.162 Y110.518 E10.49995
G1 X110.518 Y92.162 E11.31206
G1 X110.518 Y91.269 E11.34001
G1 X91.269 Y110.518 E12.19165
G1 X90.375 Y110.518 E12.21961
G1 X110.518 Y90.375 E13.11078
G1 X110.518 Y89.482 E13.13873
G1 X89.482 Y110.518 E14.06943
G1 X89.482 Y109.625 E14.09738
G1 X109.625 Y89.482 E14.98855
G1 X108.731 Y89.482 E15.01651
G1 X89.482 Y108.731 E15.86815
G1 X89.482 Y107.838 E15.89610
G1 X107.838 Y89.482 E16.70821
G1 X106.944 Y89.482 E16.73616
G1 X89.482 Y106.944 E17.50874
G1 X89.482 Y106.051 E17.53670
G1 X106.051 Y89.482 E18.26975
G1 X105.157 Y89.482 E18.29770
G1 X89.482 Y105.157 E18.99122
G1 X89.482 Y104.264 E19.01917
G1 X104.264 Y89.482 E19.67316
G1 X103.370 Y89.482 E19.70112
G1 X89.482 Y103.370 E20.31558
G1 X89.482 Y102.477 E20.34353
G1 X102.477 Y89.482 E20.91846
G1 X101.583 Y89.482 E20.94641
G1 X89.482 Y101.583 E21.48181
G1 X89.482 Y100.690 E21.50976
G1 X100.690 Y89.482 E22.00564
G1 X99.796 Y89.482 E22.03359
G1 X89.482 Y99.796 E22.48993
G1 X89.482 Y98.903 E22.51788
G1 X98.903 Y89.482 E22.93469
G1 X98.009 Y89.482 E22.96264
G1 X89.482 Y98.009 E23.33992
G1 X89.482 Y97.116 E23.36788
G1 X97.116 Y89.482 E23.70563
G1 X96.222 Y89.482 E23.73358
G1 X89.482 Y96.222 E24.03180
G1 X89.482 Y95.329 E24.05975
G1 X95.329 Y89.482 E24.31844
G1 X94.435 Y89.482 E24.34639
G1 X89.482 Y94.435 E24.56555
G1 X89.482 Y93.542 E24.59350
G1 X93.542 Y89.482 E24.77313
G1 X92.648 Y89.482 E24.80109
G1 X89.482 Y92.648 E24.94119
G1 X89.482 Y91.755 E24.96914
G1 X91.755 Y89.482 E25.06971
G1 X90.861 Y89.482 E25.09766
G1 X89.482 Y90.861 E25.15870
G1 X89.482 Y89.968 E25.18665
G1 X89.968 Y89.482 E25.20816
G1 Z0.650 F7800.000
G1 X111.029 Y111.029 F7800.000
G1 F3600
G1 X88.971 Y111.029 E25.80320
G1 X88.971 Y88.971 E26.39823
G1 X111.029 Y88.971 E26.99327
G1 X111.029 Y110.954 E27.58628
G1 X111.664 Y111.664 F7800.000
G1 F3600
G1 X88.336 Y111.664 E28.21561
G1 X88.336 Y88.336 E28.84494
G1 X111.664 Y88.336 E29.47427
G1 X111.664 Y111.589 E30.10157
G1 X112.225 Y112.225 F7800.000
G1 F1800
G1 X87.775 Y112.225 E30.60550
G1 X87.775 Y87.775 E31.10942
G1 X112.225 Y87.775 E31.61334
G1 X112.225 Y112.150 E32.11572
G1 X111.742 Y112.096 F7800.000
G1 X110.640 Y89.854 F7800.000
G1 F1200
G1 X110.146 Y89.360 E32.13469
G1 X109.242 Y89.360 E32.15920
G1 X110.640 Y90.758 E32.21283
G1 X110.640 Y91.662 E32.23734
G1 X108.338 Y89.360 E32.32564
G1 X107.435 Y89.360 E32.35015
G1 X110.640 Y92.565 E32.47311
G1 X110.640 Y93.469 E32.49762
G1 X106.531 Y89.360 E32.65525
G1 X105.627 Y89.360 E32.67976
G1 X110.640 Y94.373 E32.87205
G1 X110.640 Y95.277 E32.89656
G1 X104.723 Y89.360 E33.12352
G1 X103.820 Y89.360 E33.14803
G1 X110.640 Y96.180 E33.40964
G1 X110.640 Y97.084 E33.43416
G1 X102.916 Y89.360 E33.73044
G1 X102.012 Y89.360 E33.75495
G1 X110.640 Y97.988 E34.08590
G1 X110.640 Y98.892 E34.11041
G1 X101.108 Y89.360 E34.47602
G1 X100.205 Y89.360 E34.50053
G1 X110.640 Y99.795 E34.90081
G1 X110.640 Y100.699 E34.92532
G1 X99.301 Y89.360 E35.36026
G1 X98.397 Y89.360 E35.38477
G1 X110.640 Y101.603 E35.85437
G1 X110.640 Y102.507 E35.87888
G1 X97.493 Y89.360 E36.38315
G1 X96.590 Y89.360 E36.40766
G1 X110.640 Y103.410 E36.94659
G1 X110.640 Y104.314 E36.97111
G1 X95.686 Y89.360 E37.54470
G1 X94.782 Y89.360 E37.56921
G1 X110.640 Y105.218 E38.17747
G1 X110.640 Y106.122 E38.20199
G1 X93.878 Y89.360 E38.84491
G1 X92.975 Y89.360 E38.86942
G1 X110.640 Y107.025 E39.54701
G1 X110.640 Y107.929 E39.57152
G1 X92.071 Y89.360 E40.28378
G1 X91.167 Y89.360 E40.30829
G1 X110.640 Y108.833 E41.05520
G1 X110.640 Y109.737 E41.07972
G1 X90.263 Y89.360 E41.86130
G1 X89.360 Y89.360 E41.88581
G1 X110.640 Y110.640 E42.70206
G1 X109.737 Y110.640 E42.72657
G1 X89.360 Y90.263 E43.50815
G1 X89.360 Y91.167 E43.53266
G1 X108.833 Y110.640 E44.27958
G1 X107.929 Y110.640 E44.30409
G1 X89.360 Y92.071 E45.01635
G1 X89.360 Y92.975 E45.04086
G1 X107.025 Y110.640 E45.71845
G1 X106.122 Y110.640 E45.74296
G1 X89.360 Y93.878 E46.38589
G1 X89.360 Y94.782 E46.41040
G1 X105.218 Y110.640 E47.01866
G1 X104.314 Y110.640 E47.04317
G1 X89.360 Y95.686 E47.61677
G1 X89.360 Y96.590 E47.64128
G1 X103.410 Y110.640 E48.18022
G1 X102.507 Y110.640 E48.20473
G1 X89.360 Y97.493 E48.70900
G1 X89.360 Y98.397 E48.73351
G1 X101.603 Y110.640 E49.20312
G1 X100.699 Y110.640 E49.22763
G1 X89.360 Y99.301 E49.66257
G1 X89.360 Y100.205 E49.68708
G1 X99.795 Y110.640 E50.08736
G1 X98.892 Y110.640 E50.11187
G1 X89.360 Y101.108 E50.47748
G1 X89.360 Y102.012 E50.50199
G1 X97.988 Y110.640 E50.83294
G1 X97.084 Y110.640 E50.85745
G1 X89.360 Y102.916 E51.15374
G1 X89.360 Y103.820 E51.17825
G1 X96.180 Y110.640 E51.43987
G1 X95.277 Y110.640 E51.46438
G1 X89.360 Y104.723 E51.69134
G1 X89.360 Y105.627 E51.71585
G1 X94.373 Y110.640 E51.90814
G1 X93.469 Y110.640 E51.93265
G1 X89.360 Y106.531 E52.09028
G1 X89.360 Y107.435 E52.11479
G1 X92.565 Y110.640 E52.23775
G1 X91.662 Y110.640 E52.26227
G1 X89.360 Y108.338 E52.35057
G1 X89.360 Y109.242 E52.37508
G1 X90.758 Y110.640 E52.42871
G1 X89.854 Y110.640 E52.45322
G1 X89.360 Y110.146 E52.47219
G1 Z0.950 F7800.000
G1 X111.029 Y111.029 F7800.000
G1 F3600
G1 X88.971 Y111.029 E53.06723
G1 X88.971 Y88.971 E53.66226
G1 X111.029 Y88.971 E54.25730
G1 X111.029 Y110.954 E54.85031
G1 X111.664 Y111.664 F7800.000
G1 F3600
G1 X88.336 Y111.664 E55.47964
G1 X88.336 Y88.336 E56.10897
G1 X111.664 Y88.336 E56.73830
G1 X111.664 Y111.589 E57.36560
G1 X112.225 Y112.225 F7800.000
G1 F1800
G1 X87.775 Y112.225 E57.86953
G1 X87.775 Y87.775 E58.37345
G1 X112.225 Y87.775 E58.87737
G1 X112.225 Y112.150 E59.37975
G1 X111.742 Y112.096 F7800.000
G1 X110.146 Y110.640 F7800.000
G1 F1200
G1 X110.640 Y110.146 E59.39872
G1 X110.640 Y109.242 E59.42323
G1 X109.242 Y110.640 E59.47686
G1 X108.338 Y110.640 E59.50137
G1 X110.640 Y108.338 E59.58967
G1 X110.640 Y107.435 E59.61418
G1 X107.435 Y110.640 E59.73714
G1 X106.531 Y110.640 E59.76165
G1 X110.640 Y106.531 E59.91928
G1 X110.640 Y105.627 E59.94379
G1 X105.627 Y110.640 E60.13608
G1 X104.723 Y110.640 E60.16059
G1 X110.640 Y104.723 E60.38755
G1 X110.640 Y103.820 E60.41206
G1 X103.820 Y110.640 E60.67367
G1 X102.916 Y110.640 E60.69819
G1 X110.640 Y102.916 E60.99447
G1 X110.640 Y102.012 E61.01898
G1 X102.012 Y110.640 E61.34993
G1 X101.108 Y110.640 E61.37444
G1 X110.640 Y101.108 E61.74005
G1 X110.640 Y100.205 E61.76456
G1 X100.205 Y110.640 E62.16484
G1 X99.301 Y110.640 E62.18935
G1 X110.640 Y99.301 E62.62429
G1 X110.640 Y98.397 E62.64880
G1 X98.397 Y110.640 E63.11840
G1 X97.493 Y110.640 E63.14291
G1 X110.640 Y97.493 E63.64718
G1 X110.640 Y96.590 E63.67169
G1 X96.590 Y110.640 E64.21062
G1 X95.686 Y110.640 E64.23514
G1 X110.640 Y95.686 E64.80873
G1 X110.640 Y94.782 E64.83324
G1 X94.782 Y110.640 E65.44150
G1 X93.878 Y110.640 E65.46601
G1 X110.640 Y93.878 E66.10894
G1 X110.640 Y92.975 E66.13345
G1 X92.975 Y110.640 E66.81104
G1 X92.071 Y110.640 E66.83555
G1 X110.640 Y92.071 E67.54780
G1 X110.640 Y91.167 E67.57232
G1 X91.167 Y110.640 E68.31923
G1 X90.263 Y110.640 E68.34375
G1 X110.640 Y90.263 E69.12533
G1 X110.640 Y89.360 E69.14984
G1 X89.360 Y110.640 E69.96608
G1 X89.360 Y109.737 E69.99060
G1 X109.737 Y89.360 E70.77218
G1 X108.833 Y89.360 E70.79669
G1 X89.360 Y108.833 E71.54361
G1 X89.360 Y107.929 E71.56812
G1 X107.929 Y89.360 E72.28038
G1 X107.025 Y89.360 E72.30489
G1 X89.360 Y107.025 E72.98248
G1 X89.360 Y106.122 E73.00699
G1 X106.122 Y89.360 E73.64992
G1 X105.218 Y89.360 E73.67443
G1 X89.360 Y105.218 E74.28269
G1 X89.360 Y104.314 E74.30720
G1 X104.314 Y89.360 E74.88080
G1 X103.410 Y89.360 E74.90531
G1 X89.360 Y103.410 E75.44425
G1 X89.360 Y102.507 E75.46876
G1 X102.507 Y89.360 E75.97303
G1 X101.603 Y89.360 E75.99754
G1 X89.360 Y101.603 E76.46715
G1 X89.360 Y100.699 E76.49166
G1 X100.699 Y89.360 E76.92660
G1 X99.795 Y89.360 E76.95111
G1 X89.360 Y99.795 E77.35139
G1 X89.360 Y98.892 E77.37590
G1 X98.892 Y89.360 E77.74151
G1 X97.988 Y89.360 E77.76602
G1 X89.360 Y97.988 E78.09697
G1 X89.360 Y97.084 E78.12148
G1 X97.084 Y89.360 E78.41777
G1 X96.180 Y89.360 E78.44228
G1 X89.360 Y96.180 E78.70390
G1 X89.360 Y95.277 E78.72841
G1 X95.277 Y89.360 E78.95537
G1 X94.373 Y89.360 E78.97988
G1 X89.360 Y94.373 E79.17217
G1 X89.360 Y93.469 E79.19668
G1 X93.469 Y89.360 E79.35431
G1 X92.565 Y89.360 E79.37882
G1 X89.360 Y92.565 E79.50178
G1 X89.360 Y91.662 E79.52629
G1 X91.662 Y89.360 E79.61459
G1 X90.758 Y89.360 E79.63910
G1 X89.360 Y90.758 E79.69274
G1 X89.360 Y89.854 E79.71725
G1 X89.854 Y89.360 E79.73622
M106 S242.25
G1 Z1.250 F7800.000
G1 X111.029 Y111.029 F7800.000
G1 F3600
G1 X88.971 Y111.029 E80.33126
G1 X88.971 Y88.971 E80.92629
G1 X111.029 Y88.971 E81.52133
G1 X111.029 Y110.954 E82.11434
G1 X111.664 Y111.664 F7800.000
G1 F3600
G1 X88.336 Y111.664 E82.74367
G1 X88.336 Y88.336 E83.37300
G1 X111.664 Y88.336 E84.00233
G1 X111.664 Y111.589 E84.62963
G1 X112.225 Y112.225 F7800.000
G1 F1800
G1 X87.775 Y112.225 E85.13355
G1 X87.775 Y87.775 E85.63748
G1 X112.225 Y87.775 E86.14140
G1 X112.225 Y112.150 E86.64378
G1 X111.742 Y112.096 F7800.000
G1 X110.748 Y110.179 F7800.000
G1 F4800
G1 X109.491 Y110.516 E86.67475
G1 X105.826 Y110.748 F7800.000
G1 F4800
G1 X110.516 Y93.245 E87.10589
G1 X110.748 Y92.767 F7800.000
G1 F4800
G1 X89.252 Y98.527 E87.63542
G1 X89.337 Y101.229 F7800.000
G1 F4800
G1 X98.771 Y110.663 E87.95287
G1 X110.663 Y110.663 E88.23583
G1 X89.337 Y89.337 E88.95345
G1 X101.229 Y89.337 E89.23641
G1 X110.663 Y98.771 E89.55386
G1 X110.748 Y101.473 F7800.000
G1 F4800
G1 X89.252 Y107.233 E90.08338
G1 X89.484 Y106.755 F7800.000
G1 F4800
G1 X94.174 Y89.252 E90.51453
G1 X90.509 Y89.484 F7800.000
G1 F4800
G1 X89.252 Y89.821 E90.54550
G1 X102.880 Y89.252 F7800.000
G1 F4800
G1 X97.120 Y110.748 E91.07503
G1 Z1.550 F7800.000
G1 X111.029 Y111.029 F7800.000
G1 F3600
G1 X88.971 Y111.029 E91.67006
G1 X88.971 Y88.971 E92.26510
G1 X111.029 Y88.971 E92.86013
G1 X111.029 Y110.954 E93.45315
G1 X111.664 Y111.664 F7800.000
G1 F3600
G1 X88.336 Y111.664 E94.08247
G1 X88.336 Y88.336 E94.71180
G1 X111.664 Y88.336 E95.34113
G1 X111.664 Y111.589 E95.96844
G1 X112.225 Y112.225 F7800.000
G1 F1800
G1 X87.775 Y112.225 E96.47236
G1 X87.775 Y87.775 E96.97628
G1 X112.225 Y87.775 E97.48021
G1 X112.225 Y112.150 E97.98258
G1 X111.742 Y112.096 F7800.000
G1 X110.748 Y110.179 F7800.000
G1 F4800
G1 X109.491 Y110.516 E98.01356
G1 X105.826 Y110.748 F7800.000
G1 F4800
G1 X110.516 Y93.245 E98.44470
G1 X110.748 Y92.767 F7800.000
G1 F4800
G1 X89.252 Y98.527 E98.97423
G1 X89.337 Y101.229 F7800.000
G1 F4800
G1 X98.771 Y110.663 E99.29167
G1 X110.663 Y110.663 E99.57464
G1 X89.337 Y89.337 E100.29225
G1 X101.229 Y89.337 E100.57522
G1 X110.663 Y98.771 E100.89266
G1 X110.748 Y101.473 F7800.000
G1 F4800
G1 X89.252 Y107.233 E101.42219
G1 X89.484 Y106.755 F7800.000
G1 F4800
G1 X94.174 Y89.252 E101.85333
G1 X90.509 Y89.484 F7800.000
G1 F4800
G1 X89.252 Y89.821 E101.88431
G1 X102.880 Y89.252 F7800.000
G1 F4800
G1 X97.120 Y110.748 E102.41383
G1 Z1.850 F7800.000
G1 X111.029 Y111.029 F7800.000
G1 F3600
G1 X88.971 Y111.029 E103.00887
G1 X88.971 Y88.971 E103.60390
G1 X111.029 Y88.971 E104.19894
G1 X111.029 Y110.954 E104.79195
G1 X111.664 Y111.664 F7800.000
G1 F3600
G1 X88.336 Y111.664 E105.42128
G1 X88.336 Y88.336 E106.05061
G1 X111.664 Y88.336 E106.67994
G1 X111.664 Y111.589 E107.30724
G1 X112.225 Y112.225 F7800.000
G1 F1800
G1 X87.775 Y112.225 E107.81117
G1 X87.775 Y87.775 E108.31509
G1 X112.225 Y87.775 E108.81901
G1 X112.225 Y112.150 E109.32139
G1 X111.742 Y112.096 F7800.000
G1 X110.748 Y110.179 F7800.000
G1 F4800
G1 X109.491 Y110.516 E109.35236
G1 X105.826 Y110.748 F7800.000
G1 F4800
G1 X110.516 Y93.245 E109.78351
G1 X110.748 Y92.767 F7800.000
G1 F4800
G1 X89.252 Y98.527 E110.31303
G1 X89.337 Y101.229 F7800.000
G1 F4800
G1 X98.771 Y110.663 E110.63048
G1 X110.663 Y110.663 E110.91344
G1 X89.337 Y89.337 E111.63106
G1 X101.229 Y89.337 E111.91402
G1 X110.663 Y98.771 E112.23147
G1 X110.748 Y101.473 F7800.000
G1 F4800
G1 X89.252 Y107.233 E112.76100
G1 X89.484 Y106.755 F7800.000
G1 F4800
G1 X94.174 Y89.252 E113.19214
G1 X90.509 Y89.484 F7800.000
G1 F4800
G1 X89.252 Y89.821 E113.22311
G1 X102.880 Y89.252 F7800.000
G1 F4800
G1 X97.120 Y110.748 E113.75264
G1 Z2.150 F7800.000
G1 X111.029 Y111.029 F7800.000
G1 F3600
G1 X88.971 Y111.029 E114.34768
G1 X88.971 Y88.971 E114.94271
G1 X111.029 Y88.971 E115.53775
G1 X111.029 Y110.954 E116.13076
G1 X111.664 Y111.664 F7800.000
G1 F3600
G1 X88.336 Y111.664 E116.76009
G1 X88.336 Y88.336 E117.38942
G1 X111.664 Y88.336 E118.01875
G1 X111.664 Y111.589 E118.64605
G1 X112.225 Y112.225 F7800.000
G1 F1800
G1 X87.775 Y112.225 E119.14997
G1 X87.775 Y87.775 E119.65390
G1 X112.225 Y87.775 E120.15782
G1 X112.225 Y112.150 E120.66020
G1 X111.742 Y112.096 F7800.000
G1 X110.748 Y110.179 F7800.000
G1 F4800
G1 X109.491 Y110.516 E120.69117
G1 X105.826 Y110.748 F7800.000
G1 F4800
G1 X110.516 Y93.245 E121.12232
G1 X110.748 Y92.767 F7800.000
G1 F4800
G1 X89.252 Y98.527 E121.65184
G1 X89.337 Y101.229 F7800.000
G1 F4800
G1 X98.771 Y110.663 E121.96929
G1 X110.663 Y110.663 E122.25225
G1 X89.337 Y89.337 E122.96987
G1 X101.229 Y89.337 E123.25283
G1 X110.663 Y98.771 E123.57028
G1 X110.748 Y101.473 F7800.000
G1 F4800
G1 X89.252 Y107.233 E124.09980
G1 X89.484 Y106.755 F7800.000
G1 F4800
G1 X94.174 Y89.252 E124.53095
G1 X90.509 Y89.484 F7800.000
G1 F4800
G1 X89.252 Y89.821 E124.56192
G1 X102.880 Y89.252 F7800.000
G1 F4800
G1 X97.120 Y110.748 E125.09145
G1 Z2.450 F7800.000
G1 X111.029 Y111.029 F7800.000
G1 F3600
G1 X88.971 Y111.029 E125.68648
G1 X88.971 Y88.971 E126.28152
G1 X111.029 Y88.971 E126.87655
G1 X111.029 Y110.954 E127.46957
G1 X111.664 Y111.664 F7800.000
G1 F3600
G1 X88.336 Y111.664 E128.09889
G1 X88.336 Y88.336 E128.72822
G1 X111.664 Y88.336 E129.35755
G1 X111.664 Y111.589 E129.98486
G1 X112.225 Y112.225 F7800.000
G1 F1800
G1 X87.775 Y112.225 E130.48878
G1 X87.775 Y87.775 E130.99270
G1 X112.225 Y87.775 E131.49663
G1 X112.225 Y112.150 E131.99900
G1 X111.742 Y112.096 F7800.000
G1 X110.748 Y110.179 F7800.000
G1 F4800
G1 X109.491 Y110.516 E132.02998
G1 X105.826 Y110.748 F7800.000
G1 F4800
G1 X110.516 Y93.245 E132.46112
G1 X110.748 Y92.767 F7800.000
G1 F4800
G1 X89.252 Y98.527 E132.99065
G1 X89.337 Y101.229 F7800.000
G1 F4800
G1 X98.771 Y110.663 E133.30809
G1 X110.663 Y110.663 E133.59106
G1 X89.337 Y89.337 E134.30867
G1 X101.229 Y89.337 E134.59164
G1 X110.663 Y98.771 E134.90908
G1 X110.748 Y101.473 F7800.000
G1 F4800
G1 X89.252 Y107.233 E135.43861
G1 X89.484 Y106.755 F7800.000
G1 F4800
G1 X94.174 Y89.252 E135.86975
G1 X90.509 Y89.484 F7800.000
G1 F4800
G1 X89.252 Y89.821 E135.90073
G1 X102.880 Y89.252 F7800.000
G1 F4800
G1 X97.120 Y110.748 E136.43025
G1 Z2.750 F7800.000
G1 X111.029 Y111.029 F7800.000
G1 F3600
G1 X88.971 Y111.029 E137.02529
G1 X88.971 Y88.971 E137.62033
G1 X111.029 Y88.971 E138.21536
G1 X111.029 Y110.954 E138.80837
G1 X111.664 Y111.664 F7800.000
G1 F3600
G1 X88.336 Y111.664 E139.43770
G1 X88.336 Y88.336 E140.06703
G1 X111.664 Y88.336 E140.69636
G1 X111.664 Y111.589 E141.32367
G1 X112.225 Y112.225 F7800.000
G1 F1800
G1 X87.775 Y112.225 E141.82759
G1 X87.775 Y87.775 E142.33151
G1 X112.225 Y87.775 E142.83543
G1 X112.225 Y112.150 E143.33781
G1 X111.742 Y112.096 F7800.000
G1 X110.748 Y110.179 F7800.000
G1 F4800
G1 X109.491 Y110.516 E143.36878
G1 X105.826 Y110.748 F7800.000
G1 F4800
G1 X110.516 Y93.245 E143.79993
G1 X110.748 Y92.767 F7800.000
G1 F4800
G1 X89.252 Y98.527 E144.32946
G1 X89.337 Y101.229 F7800.000
G1 F4800
G1 X98.771 Y110.663 E144.64690
G1 X110.663 Y110.663 E144.92986
G1 X89.337 Y89.337 E145.64748
G1 X101.229 Y89.337 E145.93044
G1 X110.663 Y98.771 E146.24789
G1 X110.748 Y101.473 F7800.000
G1 F4800
G1 X89.252 Y107.233 E146.77742
G1 X89.484 Y106.755 F7800.000
G1 F4800
G1 X94.174 Y89.252 E147.20856
G1 X90.509 Y89.484 F7800.000
G1 F4800
G1 X89.252 Y89.821 E147.23954
G1 X102.880 Y89.252 F7800.000
G1 F4800
G1 X97.120 Y110.748 E147.76906
G1 Z3.050 F7800.000
G1 X111.029 Y111.029 F7800.000
G1 F3600
G1 X88.971 Y111.029 E148.36410
G1 X88.971 Y88.971 E148.95913
G1 X111.029 Y88.971 E149.55417
G1 X111.029 Y110.954 E150.14718
G1 X111.664 Y111.664 F7800.000
G1 F3600
G1 X88.336 Y111.664 E150.77651
G1 X88.336 Y88.336 E151.40584
G1 X111.664 Y88.336 E152.03517
G1 X111.664 Y111.589 E152.66247
G1 X112.225 Y112.225 F7800.000
G1 F1800
G1 X87.775 Y112.225 E153.16640
G1 X87.775 Y87.775 E153.67032
G1 X112.225 Y87.775 E154.17424
G1 X112.225 Y112.150 E154.67662
G1 X111.742 Y112.096 F7800.000
G1 X110.748 Y110.179 F7800.000
G1 F4800
G1 X109.491 Y110.516 E154.70759
G1 X105.826 Y110.748 F7800.000
G1 F4800
G1 X110.516 Y93.245 E155.13874
G1 X110.748 Y92.767 F7800.000
G1 F4800
G1 X89.252 Y98.527 E155.66826
G1 X89.337 Y101.229 F7800.000
G1 F4800
G1 X98.771 Y110.663 E155.98571
G1 X110.663 Y110.663 E156.26867
G1 X89.337 Y89.337 E156.98629
G1 X101.229 Y89.337 E157.26925
G1 X110.663 Y98.771 E157.58670
G1 X110.748 Y101.473 F7800.000
G1 F4800
G1 X89.252 Y107.233 E158.11622
G1 X89.484 Y106.755 F7800.000
G1 F4800
G1 X94.174 Y89.252 E158.54737
G1 X90.509 Y89.484 F7800.000
G1 F4800
G1 X89.252 Y89.821 E158.57834
G1 X102.880 Y89.252 F7800.000
G1 F4800
G1 X97.120 Y110.748 E159.10787
G1 Z3.350 F7800.000
G1 X111.029 Y111.029 F7800.000
G1 F3600
G1 X88.971 Y111.029 E159.70290
G1 X88.971 Y88.971 E160.29794
G1 X111.029 Y88.971 E160.89297
G1 X111.029 Y110.954 E161.48599
G1 X111.664 Y111.664 F7800.000
G1 F3600
G1 X88.336 Y111.664 E162.11532
G1 X88.336 Y88.336 E162.74464
G1 X111.664 Y88.336 E163.37397
G1 X111.664 Y111.589 E164.00128
G1 X112.225 Y112.225 F7800.000
G1 F1800
G1 X87.775 Y112.225 E164.50520
G1 X87.775 Y87.775 E165.00912
G1 X112.225 Y87.775 E165.51305
G1 X112.225 Y112.150 E166.01542
G1 X111.742 Y112.096 F7800.000
G1 X110.748 Y110.179 F7800.000
G1 F4800
G1 X109.491 Y110.516 E166.04640
G1 X105.826 Y110.748 F7800.000
G1 F4800
G1 X110.516 Y93.245 E166.47754
G1 X110.748 Y92.767 F7800.000
G1 F4800
G1 X89.252 Y98.527 E167.00707
G1 X89.337 Y101.229 F7800.000
G1 F4800
G1 X98.771 Y110.663 E167.32451
G1 X110.663 Y110.663 E167.60748
G1 X89.337 Y89.337 E168.32509
G1 X101.229 Y89.337 E168.60806
G1 X110.663 Y98.771 E168.92550
G1 X110.748 Y101.473 F7800.000
G1 F4800
G1 X89.252 Y107.233 E169.45503
G1 X89.484 Y106.755 F7800.000
G1 F4800
G1 X94.174 Y89.252 E169.88618
G1 X90.509 Y89.484 F7800.000
G1 F4800
G1 X89.252 Y89.821 E169.91715
G1 X102.880 Y89.252 F7800.000
G1 F4800
G1 X97.120 Y110.748 E170.44668
G1 Z3.650 F7800.000
G1 X111.029 Y111.029 F7800.000
G1 F3600
G1 X88.971 Y111.029 E171.04171
G1 X88.971 Y88.971 E171.63675
G1 X111.029 Y88.971 E172.23178
G1 X111.029 Y110.954 E172.82479
G1 X111.664 Y111.664 F7800.000
G1 F3600
G1 X88.336 Y111.664 E173.45412
G1 X88.336 Y88.336 E174.08345
G1 X111.664 Y88.336 E174.71278
G1 X111.664 Y111.589 E175.34009
G1 X112.225 Y112.225 F7800.000
G1 F1800
G1 X87.775 Y112.225 E175.84401
G1 X87.775 Y87.775 E176.34793
G1 X112.225 Y87.775 E176.85185
G1 X112.225 Y112.150 E177.35423
G1 X111.742 Y112.096 F7800.000
G1 X110.748 Y110.179 F7800.000
G1 F4800
G1 X109.491 Y110.516 E177.38520
G1 X105.826 Y110.748 F7800.000
G1 F4800
G1 X110.516 Y93.245 E177.81635
G1 X110.748 Y92.767 F7800.000
G1 F4800
G1 X89.252 Y98.527 E178.34588
G1 X89.337 Y101.229 F7800.000
G1 F4800
G1 X98.771 Y110.663 E178.66332
G1 X110.663 Y110.663 E178.94629
G1 X89.337 Y89.337 E179.66390
G1 X101.229 Y89.337 E179.94687
G1 X110.663 Y98.771 E180.26431
G1 X110.748 Y101.473 F7800.000
G1 F4800
G1 X89.252 Y107.233 E180.79384
G1 X89.484 Y106.755 F7800.000
G1 F4800
G1 X94.174 Y89.252 E181.22498
G1 X90.509 Y89.484 F7800.000
G1 F4800
G1 X89.252 Y89.821 E181.25596
G1 X102.880 Y89.252 F7800.000
G1 F4800
G1 X97.120 Y110.748 E181.78548
G1 Z3.950 F7800.000
G1 X111.029 Y111.029 F7800.000
G1 F3600
G1 X88.971 Y111.029 E182.38052
G1 X88.971 Y88.971 E182.97555
G1 X111.029 Y88.971 E183.57059
G1 X111.029 Y110.954 E184.16360
G1 X111.664 Y111.664 F7800.000
G1 F3600
G1 X88.336 Y111.664 E184.79293
G1 X88.336 Y88.336 E185.42226
G1 X111.664 Y88.336 E186.05159
G1 X111.664 Y111.589 E186.67889
G1 X112.225 Y112.225 F7800.000
G1 F1800
G1 X87.775 Y112.225 E187.18282
G1 X87.775 Y87.775 E187.68674
G1 X112.225 Y87.775 E188.19066
G1 X112.225 Y112.150 E188.69304
G1 X111.742 Y112.096 F7800.000
G1 X110.748 Y110.179 F7800.000
G1 F4800
G1 X109.491 Y110.516 E188.72401
G1 X105.826 Y110.748 F7800.000
G1 F4800
G1 X110.516 Y93.245 E189.15516
G1 X110.748 Y92.767 F7800.000
G1 F4800
G1 X89.252 Y98.527 E189.68468
G1 X89.337 Y101.229 F7800.000
G1 F4800
G1 X98.771 Y110.663 E190.00213
G1 X110.663 Y110.663 E190.28509
G1 X89.337 Y89.337 E191.00271
G1 X101.229 Y89.337 E191.28567
G1 X110.663 Y98.771 E191.60312
G1 X110.748 Y101.473 F7800.000
G1 F4800
G1 X89.252 Y107.233 E192.13264
G1 X89.484 Y106.755 F7800.000
G1 F4800
G1 X94.174 Y89.252 E192.56379
G1 X90.509 Y89.484 F7800.000
G1 F4800
G1 X89.252 Y89.821 E192.59476
G1 X102.880 Y89.252 F7800.000
G1 F4800
G1 X97.120 Y110.748 E193.12429
G1 Z4.250 F7800.000
G1 X111.029 Y111.029 F7800.000
G1 F3600
G1 X88.971 Y111.029 E193.71932
G1 X88.971 Y88.971 E194.31436
G1 X111.029 Y88.971 E194.90940
G1 X111.029 Y110.954 E195.50241
G1 X111.664 Y111.664 F7800.000
G1 F3600
G1 X88.336 Y111.664 E196.13174
G1 X88.336 Y88.336 E196.76107
G1 X111.664 Y88.336 E197.39039
G1 X111.664 Y111.589 E198.01770
G1 X112.225 Y112.225 F7800.000
G1 F1800
G1 X87.775 Y112.225 E198.52162
G1 X87.775 Y87.775 E199.02555
G1 X112.225 Y87.775 E199.52947
G1 X112.225 Y112.150 E200.03184
G1 X111.742 Y112.096 F7800.000
G1 X110.748 Y110.179 F7800.000
G1 F4800
G1 X109.491 Y110.516 E200.06282
G1 X105.826 Y110.748 F7800.000
G1 F4800
G1 X110.516 Y93.245 E200.49396
G1 X110.748 Y92.767 F7800.000
G1 F4800
G1 X89.252 Y98.527 E201.02349
G1 X89.337 Y101.229 F7800.000
G1 F4800
G1 X98.771 Y110.663 E201.34094
G1 X110.663 Y110.663 E201.62390
G1 X89.337 Y89.337 E202.34152
G1 X101.229 Y89.337 E202.62448
G1 X110.663 Y98.771 E202.94192
G1 X110.748 Y101.473 F7800.000
G1 F4800
G1 X89.252 Y107.233 E203.47145
G1 X89.484 Y106.755 F7800.000
G1 F4800
G1 X94.174 Y89.252 E203.90260
G1 X90.509 Y89.484 F7800.000
G1 F4800
G1 X89.252 Y89.821 E203.93357
G1 X102.880 Y89.252 F7800.000
G1 F4800
G1 X97.120 Y110.748 E204.46310
G1 Z4.550 F7800.000
G1 X111.029 Y111.029 F7800.000
G1 F3600
G1 X88.971 Y111.029 E205.05813
G1 X88.971 Y88.971 E205.65317
G1 X111.029 Y88.971 E206.24820
G1 X111.029 Y110.954 E206.84121
G1 X111.664 Y111.664 F7800.000
G1 F3600
G1 X88.336 Y111.664 E207.47054
G1 X88.336 Y88.336 E208.09987
G1 X111.664 Y88.336 E208.72920
G1 X111.664 Y111.589 E209.35651
G1 X112.225 Y112.225 F7800.000
G1 F1800
G1 X87.775 Y112.225 E209.86043
G1 X87.775 Y87.775 E210.36435
G1 X112.225 Y87.775 E210.86827
G1 X112.225 Y112.150 E211.37065
G1 X111.742 Y112.096 F7800.000
G1 X110.748 Y110.179 F7800.000
G1 F4800
G1 X109.491 Y110.516 E211.40163
G1 X105.826 Y110.748 F7800.000
G1 F4800
G1 X110.516 Y93.245 E211.83277
G1 X110.748 Y92.767 F7800.000
G1 F4800
G1 X89.252 Y98.527 E212.36230
G1 X89.337 Y101.229 F7800.000
G1 F4800
G1 X98.771 Y110.663 E212.67974
G1 X110.663 Y110.663 E212.96271
G1 X89.337 Y89.337 E213.68032
G1 X101.229 Y89.337 E213.96329
G1 X110.663 Y98.771 E214.28073
G1 X110.748 Y101.473 F7800.000
G1 F4800
G1 X89.252 Y107.233 E214.81026
G1 X89.484 Y106.755 F7800.000
G1 F4800
G1 X94.174 Y89.252 E215.24140
G1 X90.509 Y89.484 F7800.000
G1 F4800
G1 X89.252 Y89.821 E215.27238
G1 X102.880 Y89.252 F7800.000
G1 F4800
G1 X97.120 Y110.748 E215.80190
G1 Z4.850 F7800.000
G1 X111.029 Y111.029 F7800.000
G1 F3600
G1 X88.971 Y111.029 E216.39694
G1 X88.971 Y88.971 E216.99197
G1 X111.029 Y88.971 E217.58701
G1 X111.029 Y110.954 E218.18002
G1 X111.664 Y111.664 F7800.000
G1 F3600
G1 X88.336 Y111.664 E218.80935
G1 X88.336 Y88.336 E219.43868
G1 X111.664 Y88.336 E220.06801
G1 X111.664 Y111.589 E220.69531
G1 X112.225 Y112.225 F7800.000
G1 F1800
G1 X87.775 Y112.225 E221.19924
G1 X87.775 Y87.775 E221.70316
G1 X112.225 Y87.775 E222.20708
G1 X112.225 Y112.150 E222.70946
G1 X111.742 Y112.096 F7800.000
G1 X110.748 Y110.179 F7800.000
G1 F4800
G1 X109.491 Y110.516 E222.74043
G1 X105.826 Y110.748 F7800.000
G1 F4800
G1 X110.516 Y93.245 E223.17158
G1 X110.748 Y92.767 F7800.000
G1 F4800
G1 X89.252 Y98.527 E223.70110
G1 X89.337 Y101.229 F7800.000
G1 F4800
G1 X98.771 Y110.663 E224.01855
G1 X110.663 Y110.663 E224.30151
G1 X89.337 Y89.337 E225.01913
G1 X101.229 Y89.337 E225.30209
G1 X110.663 Y98.771 E225.61954
G1 X110.748 Y101.473 F7800.000
G1 F4800
G1 X89.252 Y107.233 E226.14906
G1 X89.484 Y106.755 F7800.000
G1 F4800
G1 X94.174 Y89.252 E226.58021
G1 X90.509 Y89.484 F7800.000
G1 F4800
G1 X89.252 Y89.821 E226.61118
G1 X102.880 Y89.252 F7800.000
G1 F4800
G1 X97.120 Y110.748 E227.14071
G1 Z5.150 F7800.000
G1 X111.029 Y111.029 F7800.000
G1 F3600
G1 X88.971 Y111.029 E227.73575
G1 X88.971 Y88.971 E228.33078
G1 X111.029 Y88.971 E228.92582
G1 X111.029 Y110.954 E229.51883
G1 X111.664 Y111.664 F7800.000
G1 F3600
G1 X88.336 Y111.664 E230.14816
G1 X88.336 Y88.336 E230.77749
G1 X111.664 Y88.336 E231.40682
G1 X111.664 Y111.589 E232.03412
G1 X112.225 Y112.225 F7800.000
G1 F1800
G1 X87.775 Y112.225 E232.53804
G1 X87.775 Y87.775 E233.04197
G1 X112.225 Y87.775 E233.54589
G1 X112.225 Y112.150 E234.04827
G1 X111.742 Y112.096 F7800.000
G1 X110.748 Y110.179 F7800.000
G1 F4800
G1 X109.491 Y110.516 E234.07924
G1 X105.826 Y110.748 F7800.000
G1 F4800
G1 X110.516 Y93.245 E234.51038
G1 X110.748 Y92.767 F7800.000
G1 F4800
G1 X89.252 Y98.527 E235.03991
G1 X89.337 Y101.229 F7800.000
G1 F4800
G1 X98.771 Y110.663 E235.35736
G1 X110.663 Y110.663 E235.64032
G1 X89.337 Y89.337 E236.35794
G1 X101.229 Y89.337 E236.64090
G1 X110.663 Y98.771 E236.95835
G1 X110.748 Y101.473 F7800.000
G1 F4800
G1 X89.252 Y107.233 E237.48787
G1 X89.484 Y106.755 F7800.000
G1 F4800
G1 X94.174 Y89.252 E237.91902
G1 X90.509 Y89.484 F7800.000
G1 F4800
G1 X89.252 Y89.821 E237.94999
G1 X102.880 Y89.252 F7800.000
G1 F4800
G1 X97.120 Y110.748 E238.47952
G1 Z5.450 F7800.000
G1 X111.029 Y111.029 F7800.000
G1 F3600
G1 X88.971 Y111.029 E239.07455
G1 X88.971 Y88.971 E239.66959
G1 X111.029 Y88.971 E240.26462
G1 X111.029 Y110.954 E240.85764
G1 X111.664 Y111.664 F7800.000
G1 F3600
G1 X88.336 Y111.664 E241.48696
G1 X88.336 Y88.336 E242.11629
G1 X111.664 Y88.336 E242.74562
G1 X111.664 Y111.589 E243.37293
G1 X112.225 Y112.225 F7800.000
G1 F1800
G1 X87.775 Y112.225 E243.87685
G1 X87.775 Y87.775 E244.38077
G1 X112.225 Y87.775 E244.88470
G1 X112.225 Y112.150 E245.38707
G1 X111.742 Y112.096 F7800.000
G1 X110.748 Y110.179 F7800.000
G1 F4800
G1 X109.491 Y110.516 E245.41805
G1 X105.826 Y110.748 F7800.000
G1 F4800
G1 X110.516 Y93.245 E245.84919
G1 X110.748 Y92.767 F7800.000
G1 F4800
G1 X89.252 Y98.527 E246.37872
G1 X89.337 Y101.229 F7800.000
G1 F4800
G1 X98.771 Y110.663 E246.69616
G1 X110.663 Y110.663 E246.97913
G1 X89.337 Y89.337 E247.69674
G1 X101.229 Y89.337 E247.97971
G1 X110.663 Y98.771 E248.29715
G1 X110.748 Y101.473 F7800.000
G1 F4800
G1 X89.252 Y107.233 E248.82668
G1 X89.484 Y106.755 F7800.000
G1 F4800
G1 X94.174 Y89.252 E249.25782
G1 X90.509 Y89.484 F7800.000
G1 F4800
G1 X89.252 Y89.821 E249.28880
G1 X102.880 Y89.252 F7800.000
G1 F4800
G1 X97.120 Y110.748 E249.81832
G1 Z5.750 F7800.000
G1 X111.029 Y111.029 F7800.000
G1 F3600
G1 X88.971 Y111.029 E250.41336
G1 X88.971 Y88.971 E251.00839
G1 X111.029 Y88.971 E251.60343
G1 X111.029 Y110.954 E252.19644
G1 X111.664 Y111.664 F7800.000
G1 F3600
G1 X88.336 Y111.664 E252.82577
G1 X88.336 Y88.336 E253.45510
G1 X111.664 Y88.336 E254.08443
G1 X111.664 Y111.589 E254.71173
G1 X112.225 Y112.225 F7800.000
G1 F1800
G1 X87.775 Y112.225 E255.21566
G1 X87.775 Y87.775 E255.71958
G1 X112.225 Y87.775 E256.22350
G1 X112.225 Y112.150 E256.72588
G1 X111.742 Y112.096 F7800.000
G1 X110.748 Y110.179 F7800.000
G1 F4800
G1 X109.491 Y110.516 E256.75685
G1 X105.826 Y110.748 F7800.000
G1 F4800
G1 X110.516 Y93.245 E257.18800
G1 X110.748 Y92.767 F7800.000
G1 F4800
G1 X89.252 Y98.527 E257.71752
G1 X89.337 Y101.229 F7800.000
G1 F4800
G1 X98.771 Y110.663 E258.03497
G1 X110.663 Y110.663 E258.31793
G1 X89.337 Y89.337 E259.03555
G1 X101.229 Y89.337 E259.31851
G1 X110.663 Y98.771 E259.63596
G1 X110.748 Y101.473 F7800.000
G1 F4800
G1 X89.252 Y107.233 E260.16549
G1 X89.484 Y106.755 F7800.000
G1 F4800
G1 X94.174 Y89.252 E260.59663
G1 X90.509 Y89.484 F7800.000
G1 F4800
G1 X89.252 Y89.821 E260.62760
G1 X102.880 Y89.252 F7800.000
G1 F4800
G1 X97.120 Y110.748 E261.15713
G1 Z6.050 F7800.000
G1 X111.029 Y111.029 F7800.000
G1 F3600
G1 X88.971 Y111.029 E261.75217
G1 X88.971 Y88.971 E262.34720
G1 X111.029 Y88.971 E262.94224
G1 X111.029 Y110.954 E263.53525
G1 X111.664 Y111.664 F7800.000
G1 F3600
G1 X88.336 Y111.664 E264.16458
G1 X88.336 Y88.336 E264.79391
G1 X111.664 Y88.336 E265.42324
G1 X111.664 Y111.589 E266.05054
G1 X112.225 Y112.225 F7800.000
G1 F1800
G1 X87.775 Y112.225 E266.55446
G1 X87.775 Y87.775 E267.05839
G1 X112.225 Y87.775 E267.56231
G1 X112.225 Y112.150 E268.06469
G1 X111.742 Y112.096 F7800.000
G1 X110.748 Y110.179 F7800.000
G1 F4800
G1 X109.491 Y110.516 E268.09566
G1 X105.826 Y110.748 F7800.000
G1 F4800
G1 X110.516 Y93.245 E268.52681
G1 X110.748 Y92.767 F7800.000
G1 F4800
G1 X89.252 Y98.527 E269.05633
G1 X89.337 Y101.229 F7800.000
G1 F4800
G1 X98.771 Y110.663 E269.37378
G1 X110.663 Y110.663 E269.65674
G1 X89.337 Y89.337 E270.37436
G1 X101.229 Y89.337 E270.65732
G1 X110.663 Y98.771 E270.97477
G1 X110.748 Y101.473 F7800.000
G1 F4800
G1 X89.252 Y107.233 E271.50429
G1 X89.484 Y106.755 F7800.000
G1 F4800
G1 X94.174 Y89.252 E271.93544
G1 X90.509 Y89.484 F7800.000
G1 F4800
G1 X89.252 Y89.821 E271.96641
G1 X102.880 Y89.252 F7800.000
G1 F4800
G1 X97.120 Y110.748 E272.49594
G1 Z6.350 F7800.000
G1 X111.029 Y111.029 F7800.000
G1 F3600
G1 X88.971 Y111.029 E273.09097
G1 X88.971 Y88.971 E273.68601
G1 X111.029 Y88.971 E274.28104
G1 X111.029 Y110.954 E274.87406
G1 X111.664 Y111.664 F7800.000
G1 F3600
G1 X88.336 Y111.664 E275.50338
G1 X88.336 Y88.336 E276.13271
G1 X111.664 Y88.336 E276.76204
G1 X111.664 Y111.589 E277.38935
G1 X112.225 Y112.225 F7800.000
G1 F1800
G1 X87.775 Y112.225 E277.89327
G1 X87.775 Y87.775 E278.39719
G1 X112.225 Y87.775 E278.90112
G1 X112.225 Y112.150 E279.40349
G1 X111.742 Y112.096 F7800.000
G1 X110.748 Y110.179 F7800.000
G1 F4800
G1 X109.491 Y110.516 E279.43447
G1 X105.826 Y110.748 F7800.000
G1 F4800
G1 X110.516 Y93.245 E279.86561
G1 X110.748 Y92.767 F7800.000
G1 F4800
G1 X89.252 Y98.527 E280.39514
G1 X89.337 Y101.229 F7800.000
G1 F4800
G1 X98.771 Y110.663 E280.71258
G1 X110.663 Y110.663 E280.99555
G1 X89.337 Y89.337 E281.71316
G1 X101.229 Y89.337 E281.99613
G1 X110.663 Y98.771 E282.31357
G1 X110.748 Y101.473 F7800.000
G1 F4800
G1 X89.252 Y107.233 E282.84310
G1 X89.484 Y106.755 F7800.000
G1 F4800
G1 X94.174 Y89.252 E283.27424
G1 X90.509 Y89.484 F7800.000
G1 F4800
G1 X89.252 Y89.821 E283.30522
G1 X102.880 Y89.252 F7800.000
G1 F4800
G1 X97.120 Y110.748 E283.83474
G1 Z6.650 F7800.000
G1 X111.029 Y111.029 F7800.000
G1 F3600
G1 X88.971 Y111.029 E284.42978
G1 X88.971 Y88.971 E285.02482
G1 X111.029 Y88.971 E285.61985
G1 X111.029 Y110.954 E286.21286
G1 X111.664 Y111.664 F7800.000
G1 F3600
G1 X88.336 Y111.664 E286.84219
G1 X88.336 Y88.336 E287.47152
G1 X111.664 Y88.336 E288.10085
G1 X111.664 Y111.589 E288.72816
G1 X112.225 Y112.225 F7800.000
G1 F1800
G1 X87.775 Y112.225 E289.23208
G1 X87.775 Y87.775 E289.73600
G1 X112.225 Y87.775 E290.23992
G1 X112.225 Y112.150 E290.74230
G1 X111.742 Y112.096 F7800.000
G1 X110.748 Y110.179 F7800.000
G1 F4800
G1 X109.491 Y110.516 E290.77327
G1 X105.826 Y110.748 F7800.000
G1 F4800
G1 X110.516 Y93.245 E291.20442
G1 X110.748 Y92.767 F7800.000
G1 F4800
G1 X89.252 Y98.527 E291.73395
G1 X89.337 Y101.229 F7800.000
G1 F4800
G1 X98.771 Y110.663 E292.05139
G1 X110.663 Y110.663 E292.33435
G1 X89.337 Y89.337 E293.05197
G1 X101.229 Y89.337 E293.33493
G1 X110.663 Y98.771 E293.65238
G1 X110.748 Y101.473 F7800.000
G1 F4800
G1 X89.252 Y107.233 E294.18191
G1 X89.484 Y106.755 F7800.000
G1 F4800
G1 X94.174 Y89.252 E294.61305
G1 X90.509 Y89.484 F7800.000
G1 F4800
G1 X89.252 Y89.821 E294.64403
G1 X102.880 Y89.252 F7800.000
G1 F4800
G1 X97.120 Y110.748 E295.17355
G1 Z6.950 F7800.000
G1 X111.029 Y111.029 F7800.000
G1 F3600
G1 X88.971 Y111.029 E295.76859
G1 X88.971 Y88.971 E296.36362
G1 X111.029 Y88.971 E296.95866
G1 X111.029 Y110.954 E297.55167
G1 X111.664 Y111.664 F7800.000
G1 F3600
G1 X88.336 Y111.664 E298.18100
G1 X88.336 Y88.336 E298.81033
G1 X111.664 Y88.336 E299.43966
G1 X111.664 Y111.589 E300.06696
G1 X112.225 Y112.225 F7800.000
G1 F1800
G1 X87.775 Y112.225 E300.57089
G1 X87.775 Y87.775 E301.07481
G1 X112.225 Y87.775 E301.57873
G1 X112.225 Y112.150 E302.08111
G1 X111.742 Y112.096 F7800.000
G1 X110.748 Y110.179 F7800.000
G1 F4800
G1 X109.491 Y110.516 E302.11208
G1 X105.826 Y110.748 F7800.000
G1 F4800
G1 X110.516 Y93.245 E302.54323
G1 X110.748 Y92.767 F7800.000
G1 F4800
G1 X89.252 Y98.527 E303.07275
G1 X89.337 Y101.229 F7800.000
G1 F4800
G1 X98.771 Y110.663 E303.39020
G1 X110.663 Y110.663 E303.67316
G1 X89.337 Y89.337 E304.39078
G1 X101.229 Y89.337 E304.67374
G1 X110.663 Y98.771 E304.99119
G1 X110.748 Y101.473 F7800.000
G1 F4800
G1 X89.252 Y107.233 E305.52071
G1 X89.484 Y106.755 F7800.000
G1 F4800
G1 X94.174 Y89.252 E305.95186
G1 X90.509 Y89.484 F7800.000
G1 F4800
G1 X89.252 Y89.821 E305.98283
G1 X102.880 Y89.252 F7800.000
G1 F4800
G1 X97.120 Y110.748 E306.51236
G1 Z7.250 F7800.000
G1 X111.029 Y111.029 F7800.000
G1 F3600
G1 X88.971 Y111.029 E307.10739
G1 X88.971 Y88.971 E307.70243
G1 X111.029 Y88.971 E308.29746
G1 X111.029 Y110.954 E308.89048
G1 X111.664 Y111.664 F7800.000
G1 F3600
G1 X88.336 Y111.664 E309.51981
G1 X88.336 Y88.336 E310.14913
G1 X111.664 Y88.336 E310.77846
G1 X111.664 Y111.589 E311.40577
G1 X112.225 Y112.225 F7800.000
G1 F1800
G1 X87.775 Y112.225 E311.90969
G1 X87.775 Y87.775 E312.41361
G1 X112.225 Y87.775 E312.91754
G1 X112.225 Y112.150 E313.41991
G1 X111.742 Y112.096 F7800.000
G1 X110.748 Y110.179 F7800.000
G1 F4800
G1 X109.491 Y110.516 E313.45089
G1 X105.826 Y110.748 F7800.000
G1 F4800
G1 X110.516 Y93.245 E313.88203
G1 X110.748 Y92.767 F7800.000
G1 F4800
G1 X89.252 Y98.527 E314.41156
G1 X89.337 Y101.229 F7800.000
G1 F4800
G1 X98.771 Y110.663 E314.72900
G1 X110.663 Y110.663 E315.01197
G1 X89.337 Y89.337 E315.72958
G1 X101.229 Y89.337 E316.01255
G1 X110.663 Y98.771 E316.32999
G1 X110.748 Y101.473 F7800.000
G1 F4800
G1 X89.252 Y107.233 E316.85952
G1 X89.484 Y106.755 F7800.000
G1 F4800
G1 X94.174 Y89.252 E317.29067
G1 X90.509 Y89.484 F7800.000
G1 F4800
G1 X89.252 Y89.821 E317.32164
G1 X102.880 Y89.252 F7800.000
G1 F4800
G1 X97.120 Y110.748 E317.85117
G1 Z7.550 F7800.000
G1 X111.029 Y111.029 F7800.000
G1 F3600
G1 X88.971 Y111.029 E318.44620
G1 X88.971 Y88.971 E319.04124
G1 X111.029 Y88.971 E319.63627
G1 X111.029 Y110.954 E320.22928
G1 X111.664 Y111.664 F7800.000
G1 F3600
G1 X88.336 Y111.664 E320.85861
G1 X88.336 Y88.336 E321.48794
G1 X111.664 Y88.336 E322.11727
G1 X111.664 Y111.589 E322.74458
G1 X112.225 Y112.225 F7800.000
G1 F1800
G1 X87.775 Y112.225 E323.24850
G1 X87.775 Y87.775 E323.75242
G1 X112.225 Y87.775 E324.25634
G1 X112.225 Y112.150 E324.75872
G1 X111.742 Y112.096 F7800.000
G1 X110.748 Y110.179 F7800.000
G1 F4800
G1 X109.491 Y110.516 E324.78969
G1 X105.826 Y110.748 F7800.000
G1 F4800
G1 X110.516 Y93.245 E325.22084
G1 X110.748 Y92.767 F7800.000
G1 F4800
G1 X89.252 Y98.527 E325.75037
G1 X89.337 Y101.229 F7800.000
G1 F4800
G1 X98.771 Y110.663 E326.06781
G1 X110.663 Y110.663 E326.35078
G1 X89.337 Y89.337 E327.06839
G1 X101.229 Y89.337 E327.35136
G1 X110.663 Y98.771 E327.66880
G1 X110.748 Y101.473 F7800.000
G1 F4800
G1 X89.252 Y107.233 E328.19833
G1 X89.484 Y106.755 F7800.000
G1 F4800
G1 X94.174 Y89.252 E328.62947
G1 X90.509 Y89.484 F7800.000
G1 F4800
G1 X89.252 Y89.821 E328.66045
G1 X102.880 Y89.252 F7800.000
G1 F4800
G1 X97.120 Y110.748 E329.18997
G1 Z7.850 F7800.000
G1 X111.029 Y111.029 F7800.000
G1 F3600
G1 X88.971 Y111.029 E329.78501
G1 X88.971 Y88.971 E330.38004
G1 X111.029 Y88.971 E330.97508
G1 X111.029 Y110.954 E331.56809
G1 X111.664 Y111.664 F7800.000
G1 F3600
G1 X88.336 Y111.664 E332.19742
G1 X88.336 Y88.336 E332.82675
G1 X111.664 Y88.336 E333.45608
G1 X111.664 Y111.589 E334.08338
G1 X112.225 Y112.225 F7800.000
G1 F1800
G1 X87.775 Y112.225 E334.58731
G1 X87.775 Y87.775 E335.09123
G1 X112.225 Y87.775 E335.59515
G1 X112.225 Y112.150 E336.09753
G1 X111.742 Y112.096 F7800.000
G1 X110.748 Y110.179 F7800.000
G1 F4800
G1 X109.491 Y110.516 E336.12850
G1 X105.826 Y110.748 F7800.000
G1 F4800
G1 X110.516 Y93.245 E336.55965
G1 X110.748 Y92.767 F7800.000
G1 F4800
G1 X89.252 Y98.527 E337.08917
G1 X89.337 Y101.229 F7800.000
G1 F4800
G1 X98.771 Y110.663 E337.40662
G1 X110.663 Y110.663 E337.68958
G1 X89.337 Y89.337 E338.40720
G1 X101.229 Y89.337 E338.69016
G1 X110.663 Y98.771 E339.00761
G1 X110.748 Y101.473 F7800.000
G1 F4800
G1 X89.252 Y107.233 E339.53713
G1 X89.484 Y106.755 F7800.000
G1 F4800
G1 X94.174 Y89.252 E339.96828
G1 X90.509 Y89.484 F7800.000
G1 F4800
G1 X89.252 Y89.821 E339.99925
G1 X102.880 Y89.252 F7800.000
G1 F4800
G1 X97.120 Y110.748 E340.52878
G1 Z8.150 F7800.000
G1 X111.029 Y111.029 F7800.000
G1 F3600
G1 X88.971 Y111.029 E341.12381
G1 X88.971 Y88.971 E341.71885
G1 X111.029 Y88.971 E342.31389
G1 X111.029 Y110.954 E342.90690
G1 X111.664 Y111.664 F7800.000
G1 F3600
G1 X88.336 Y111.664 E343.53623
G1 X88.336 Y88.336 E344.16556
G1 X111.664 Y88.336 E344.79488
G1 X111.664 Y111.589 E345.42219
G1 X112.225 Y112.225 F7800.000
G1 F1800
G1 X87.775 Y112.225 E345.92611
G1 X87.775 Y87.775 E346.43004
G1 X112.225 Y87.775 E346.93396
G1 X112.225 Y112.150 E347.43633
G1 X111.742 Y112.096 F7800.000
G1 X110.748 Y110.179 F7800.000
G1 F4800
G1 X109.491 Y110.516 E347.46731
G1 X105.826 Y110.748 F7800.000
G1 F4800
G1 X110.516 Y93.245 E347.89845
G1 X110.748 Y92.767 F7800.000
G1 F4800
G1 X89.252 Y98.527 E348.42798
G1 X89.337 Y101.229 F7800.000
G1 F4800
G1 X98.771 Y110.663 E348.74543
G1 X110.663 Y110.663 E349.02839
G1 X89.337 Y89.337 E349.74601
G1 X101.229 Y89.337 E350.02897
G1 X110.663 Y98.771 E350.34641
G1 X110.748 Y101.473 F7800.000
G1 F4800
G1 X89.252 Y107.233 E350.87594
G1 X89.484 Y106.755 F7800.000
G1 F4800
G1 X94.174 Y89.252 E351.30709
G1 X90.509 Y89.484 F7800.000
G1 F4800
G1 X89.252 Y89.821 E351.33806
G1 X102.880 Y89.252 F7800.000
G1 F4800
G1 X97.120 Y110.748 E351.86759
G1 Z8.450 F7800.000
G1 X111.029 Y111.029 F7800.000
G1 F3600
G1 X88.971 Y111.029 E352.46262
G1 X88.971 Y88.971 E353.05766
G1 X111.029 Y88.971 E353.65269
G1 X111.029 Y110.954 E354.24570
G1 X111.664 Y111.664 F7800.000
G1 F3600
G1 X88.336 Y111.664 E354.87503
G1 X88.336 Y88.336 E355.50436
G1 X111.664 Y88.336 E356.13369
G1 X111.664 Y111.589 E356.76100
G1 X112.225 Y112.225 F7800.000
G1 F1800
G1 X87.775 Y112.225 E357.26492
G1 X87.775 Y87.775 E357.76884
G1 X112.225 Y87.775 E358.27276
G1 X112.225 Y112.150 E358.77514
G1 X111.742 Y112.096 F7800.000
G1 X110.748 Y110.179 F7800.000
G1 F4800
G1 X109.491 Y110.516 E358.80612
G1 X105.826 Y110.748 F7800.000
G1 F4800
G1 X110.516 Y93.245 E359.23726
G1 X110.748 Y92.767 F7800.000
G1 F4800
G1 X89.252 Y98.527 E359.76679
G1 X89.337 Y101.229 F7800.000
G1 F4800
G1 X98.771 Y110.663 E360.08423
G1 X110.663 Y110.663 E360.36720
G1 X89.337 Y89.337 E361.08481
G1 X101.229 Y89.337 E361.36778
G1 X110.663 Y98.771 E361.68522
G1 X110.748 Y101.473 F7800.000
G1 F4800
G1 X89.252 Y107.233 E362.21475
G1 X89.484 Y106.755 F7800.000
G1 F4800
G1 X94.174 Y89.252 E362.64589
G1 X90.509 Y89.484 F7800.000
G1 F4800
G1 X89.252 Y89.821 E362.67687
G1 X102.880 Y89.252 F7800.000
G1 F4800
G1 X97.120 Y110.748 E363.20639
G1 Z8.750 F7800.000
G1 X111.029 Y111.029 F7800.000
G1 F3600
G1 X88.971 Y111.029 E363.80143
G1 X88.971 Y88.971 E364.39646
G1 X111.029 Y88.971 E364.99150
G1 X111.029 Y110.954 E365.58451
G1 X111.664 Y111.664 F7800.000
G1 F3600
G1 X88.336 Y111.664 E366.21384
G1 X88.336 Y88.336 E366.84317
G1 X111.664 Y88.336 E367.47250
G1 X111.664 Y111.589 E368.09980
G1 X112.225 Y112.225 F7800.000
G1 F1800
G1 X87.775 Y112.225 E368.60373
G1 X87.775 Y87.775 E369.10765
G1 X112.225 Y87.775 E369.61157
G1 X112.225 Y112.150 E370.11395
G1 X111.742 Y112.096 F7800.000
G1 X110.748 Y110.179 F7800.000
G1 F4800
G1 X109.491 Y110.516 E370.14492
G1 X105.826 Y110.748 F7800.000
G1 F4800
G1 X110.516 Y93.245 E370.57607
G1 X110.748 Y92.767 F7800.000
G1 F4800
G1 X89.252 Y98.527 E371.10559
G1 X89.337 Y101.229 F7800.000
G1 F4800
G1 X98.771 Y110.663 E371.42304
G1 X110.663 Y110.663 E371.70600
G1 X89.337 Y89.337 E372.42362
G1 X101.229 Y89.337 E372.70658
G1 X110.663 Y98.771 E373.02403
G1 X110.748 Y101.473 F7800.000
G1 F4800
G1 X89.252 Y107.233 E373.55355
G1 X89.484 Y106.755 F7800.000
G1 F4800
G1 X94.174 Y89.252 E373.98470
G1 X90.509 Y89.484 F7800.000
G1 F4800
G1 X89.252 Y89.821 E374.01567
G1 X102.880 Y89.252 F7800.000
G1 F4800
G1 X97.120 Y110.748 E374.54520
G1 Z9.050 F7800.000
G1 X111.029 Y111.029 F7800.000
G1 F3600
G1 X88.971 Y111.029 E375.14024
G1 X88.971 Y88.971 E375.73527
G1 X111.029 Y88.971 E376.33031
G1 X111.029 Y110.954 E376.92332
G1 X111.664 Y111.664 F7800.000
G1 F3600
G1 X88.336 Y111.664 E377.55265
G1 X88.336 Y88.336 E378.18198
G1 X111.664 Y88.336 E378.81131
G1 X111.664 Y111.589 E379.43861
G1 X112.225 Y112.225 F7800.000
G1 F1800
G1 X87.775 Y112.225 E379.94253
G1 X87.775 Y87.775 E380.44646
G1 X112.225 Y87.775 E380.95038
G1 X112.225 Y112.150 E381.45276
G1 X111.742 Y112.096 F7800.000
G1 X110.748 Y110.179 F7800.000
G1 F4800
G1 X109.491 Y110.516 E381.48373
G1 X105.826 Y110.748 F7800.000
G1 F4800
G1 X110.516 Y93.245 E381.91487
G1 X110.748 Y92.767 F7800.000
G1 F4800
G1 X89.252 Y98.527 E382.44440
G1 X89.337 Y101.229 F7800.000
G1 F4800
G1 X98.771 Y110.663 E382.76185
G1 X110.663 Y110.663 E383.04481
G1 X89.337 Y89.337 E383.76243
G1 X101.229 Y89.337 E384.04539
G1 X110.663 Y98.771 E384.36284
G1 X110.748 Y101.473 F7800.000
G1 F4800
G1 X89.252 Y107.233 E384.89236
G1 X89.484 Y106.755 F7800.000
G1 F4800
G1 X94.174 Y89.252 E385.32351
G1 X90.509 Y89.484 F7800.000
G1 F4800
G1 X89.252 Y89.821 E385.35448
G1 X102.880 Y89.252 F7800.000
G1 F4800
G1 X97.120 Y110.748 E385.88401
G1 Z9.350 F7800.000
G1 X111.029 Y111.029 F7800.000
G1 F3600
G1 X88.971 Y111.029 E386.47904
G1 X88.971 Y88.971 E387.07408
G1 X111.029 Y88.971 E387.66911
G1 X111.029 Y110.954 E388.26213
G1 X111.664 Y111.664 F7800.000
G1 F3600
G1 X88.336 Y111.664 E388.89145
G1 X88.336 Y88.336 E389.52078
G1 X111.664 Y88.336 E390.15011
G1 X111.664 Y111.589 E390.77742
G1 X112.225 Y112.225 F7800.000
G1 F1800
G1 X87.775 Y112.225 E391.28134
G1 X87.775 Y87.775 E391.78526
G1 X112.225 Y87.775 E392.28919
G1 X112.225 Y112.150 E392.79156
G1 X111.742 Y112.096 F7800.000
G1 X110.748 Y110.179 F7800.000
G1 F4800
G1 X109.491 Y110.516 E392.82254
G1 X105.826 Y110.748 F7800.000
G1 F4800
G1 X110.516 Y93.245 E393.25368
G1 X110.748 Y92.767 F7800.000
G1 F4800
G1 X89.252 Y98.527 E393.78321
G1 X89.337 Y101.229 F7800.000
G1 F4800
G1 X98.771 Y110.663 E394.10065
G1 X110.663 Y110.663 E394.38362
G1 X89.337 Y89.337 E395.10123
G1 X101.229 Y89.337 E395.38420
G1 X110.663 Y98.771 E395.70164
G1 X110.748 Y101.473 F7800.000
G1 F4800
G1 X89.252 Y107.233 E396.23117
G1 X89.484 Y106.755 F7800.000
G1 F4800
G1 X94.174 Y89.252 E396.66231
G1 X90.509 Y89.484 F7800.000
G1 F4800
G1 X89.252 Y89.821 E396.69329
G1 X102.880 Y89.252 F7800.000
G1 F4800
G1 X97.120 Y110.748 E397.22281
G1 Z9.650 F7800.000
G1 X111.029 Y111.029 F7800.000
G1 F3600
G1 X88.971 Y111.029 E397.81785
G1 X88.971 Y88.971 E398.41288
G1 X111.029 Y88.971 E399.00792
G1 X111.029 Y110.954 E399.60093
G1 X111.664 Y111.664 F7800.000
G1 F3600
G1 X88.336 Y111.664 E400.23026
G1 X88.336 Y88.336 E400.85959
G1 X111.664 Y88.336 E401.48892
G1 X111.664 Y111.589 E402.11622
G1 X112.225 Y112.225 F7800.000
G1 F1800
G1 X87.775 Y112.225 E402.62015
G1 X87.775 Y87.775 E403.12407
G1 X112.225 Y87.775 E403.62799
G1 X112.225 Y112.150 E404.13037
G1 X111.742 Y112.096 F7800.000
G1 X110.748 Y110.179 F7800.000
G1 F4800
G1 X109.491 Y110.516 E404.16134
G1 X105.826 Y110.748 F7800.000
G1 F4800
G1 X110.516 Y93.245 E404.59249
G1 X110.748 Y92.767 F7800.000
G1 F4800
G1 X89.252 Y98.527 E405.12201
G1 X89.337 Y101.229 F7800.000
G1 F4800
G1 X98.771 Y110.663 E405.43946
G1 X110.663 Y110.663 E405.72242
G1 X89.337 Y89.337 E406.44004
G1 X101.229 Y89.337 E406.72300
G1 X110.663 Y98.771 E407.04045
G1 X110.748 Y101.473 F7800.000
G1 F4800
G1 X89.252 Y107.233 E407.56998
G1 X89.484 Y106.755 F7800.000
G1 F4800
G1 X94.174 Y89.252 E408.00112
G1 X90.509 Y89.484 F7800.000
G1 F4800
G1 X89.252 Y89.821 E408.03209
G1 X102.880 Y89.252 F7800.000
G1 F4800
G1 X97.120 Y110.748 E408.56162
G1 Z9.950 F7800.000
G1 X111.029 Y111.029 F7800.000
G1 F3600
G1 X88.971 Y111.029 E409.15666
G1 X88.971 Y88.971 E409.75169
G1 X111.029 Y88.971 E410.34673
G1 X111.029 Y110.954 E410.93974
G1 X111.664 Y111.664 F7800.000
G1 F3600
G1 X88.336 Y111.664 E411.56907
G1 X88.336 Y88.336 E412.19840
G1 X111.664 Y88.336 E412.82773
G1 X111.664 Y111.589 E413.45503
G1 X112.225 Y112.225 F7800.000
G1 F1800
G1 X87.775 Y112.225 E413.95895
G1 X87.775 Y87.775 E414.46288
G1 X112.225 Y87.775 E414.96680
G1 X112.225 Y112.150 E415.46918
G1 X111.742 Y112.096 F7800.000
G1 X110.748 Y110.179 F7800.000
G1 F4800
G1 X109.491 Y110.516 E415.50015
G1 X105.826 Y110.748 F7800.000
G1 F4800
G1 X110.516 Y93.245 E415.93130
G1 X110.748 Y92.767 F7800.000
G1 F4800
G1 X89.252 Y98.527 E416.46082
G1 X89.337 Y101.229 F7800.000
G1 F4800
G1 X98.771 Y110.663 E416.77827
G1 X110.663 Y110.663 E417.06123
G1 X89.337 Y89.337 E417.77885
G1 X101.229 Y89.337 E418.06181
G1 X110.663 Y98.771 E418.37926
G1 X110.748 Y101.473 F7800.000
G1 F4800
G1 X89.252 Y107.233 E418.90878
G1 X89.484 Y106.755 F7800.000
G1 F4800
G1 X94.174 Y89.252 E419.33993
G1 X90.509 Y89.484 F7800.000
G1 F4800
G1 X89.252 Y89.821 E419.37090
G1 X102.880 Y89.252 F7800.000
G1 F4800
G1 X97.120 Y110.748 E419.90043
G1 Z10.250 F7800.000
G1 X111.029 Y111.029 F7800.000
G1 F3600
G1 X88.971 Y111.029 E420.49546
G1 X88.971 Y88.971 E421.09050
G1 X111.029 Y88.971 E421.68553
G1 X111.029 Y110.954 E422.27855
G1 X111.664 Y111.664 F7800.000
G1 F3600
G1 X88.336 Y111.664 E422.90787
G1 X88.336 Y88.336 E423.53720
G1 X111.664 Y88.336 E424.16653
G1 X111.664 Y111.589 E424.79384
G1 X112.225 Y112.225 F7800.000
G1 F1800
G1 X87.775 Y112.225 E425.29776
G1 X87.775 Y87.775 E425.80168
G1 X112.225 Y87.775 E426.30561
G1 X112.225 Y112.150 E426.80798
G1 X111.742 Y112.096 F7800.000
G1 X110.748 Y110.179 F7800.000
G1 F4800
G1 X109.491 Y110.516 E426.83896
G1 X105.826 Y110.748 F7800.000
G1 F4800
G1 X110.516 Y93.245 E427.27010
G1 X110.748 Y92.767 F7800.000
G1 F4800
G1 X89.252 Y98.527 E427.79963
G1 X89.337 Y101.229 F7800.000
G1 F4800
G1 X98.771 Y110.663 E428.11707
G1 X110.663 Y110.663 E428.40004
G1 X89.337 Y89.337 E429.11765
G1 X101.229 Y89.337 E429.40062
G1 X110.663 Y98.771 E429.71806
G1 X110.748 Y101.473 F7800.000
G1 F4800
G1 X89.252 Y107.233 E430.24759
G1 X89.484 Y106.755 F7800.000
G1 F4800
G1 X94.174 Y89.252 E430.67873
G1 X90.509 Y89.484 F7800.000
G1 F4800
G1 X89.252 Y89.821 E430.70971
G1 X102.880 Y89.252 F7800.000
G1 F4800
G1 X97.120 Y110.748 E431.23923
G1 Z10.550 F7800.000
G1 X111.029 Y111.029 F7800.000
G1 F3600
G1 X88.971 Y111.029 E431.83427
G1 X88.971 Y88.971 E432.42931
G1 X111.029 Y88.971 E433.02434
G1 X111.029 Y110.954 E433.61735
G1 X111.664 Y111.664 F7800.000
G1 F3600
G1 X88.336 Y111.664 E434.24668
G1 X88.336 Y88.336 E434.87601
G1 X111.664 Y88.336 E435.50534
G1 X111.664 Y111.589 E436.13265
G1 X112.225 Y112.225 F7800.000
G1 F1800
G1 X87.775 Y112.225 E436.63657
G1 X87.775 Y87.775 E437.14049
G1 X112.225 Y87.775 E437.64441
G1 X112.225 Y112.150 E438.14679
G1 X111.742 Y112.096 F7800.000
G1 X110.748 Y110.179 F7800.000
G1 F4800
G1 X109.491 Y110.516 E438.17776
G1 X105.826 Y110.748 F7800.000
G1 F4800
G1 X110.516 Y93.245 E438.60891
G1 X110.748 Y92.767 F7800.000
G1 F4800
G1 X89.252 Y98.527 E439.13844
G1 X89.337 Y101.229 F7800.000
G1 F4800
G1 X98.771 Y110.663 E439.45588
G1 X110.663 Y110.663 E439.73884
G1 X89.337 Y89.337 E440.45646
G1 X101.229 Y89.337 E440.73942
G1 X110.663 Y98.771 E441.05687
G1 X110.748 Y101.473 F7800.000
G1 F4800
G1 X89.252 Y107.233 E441.58640
G1 X89.484 Y106.755 F7800.000
G1 F4800
G1 X94.174 Y89.252 E442.01754
G1 X90.509 Y89.484 F7800.000
G1 F4800
G1 X89.252 Y89.821 E442.04852
G1 X102.880 Y89.252 F7800.000
G1 F4800
G1 X97.120 Y110.748 E442.57804
G1 Z10.850 F7800.000
G1 X111.029 Y111.029 F7800.000
G1 F3600
G1 X88.971 Y111.029 E443.17308
G1 X88.971 Y88.971 E443.76811
G1 X111.029 Y88.971 E444.36315
G1 X111.029 Y110.954 E444.95616
G1 X111.664 Y111.664 F7800.000
G1 F3600
G1 X88.336 Y111.664 E445.58549
G1 X88.336 Y88.336 E446.21482
G1 X111.664 Y88.336 E446.84415
G1 X111.664 Y111.589 E447.47145
G1 X112.225 Y112.225 F7800.000
G1 F1800
G1 X87.775 Y112.225 E447.97538
G1 X87.775 Y87.775 E448.47930
G1 X112.225 Y87.775 E448.98322
G1 X112.225 Y112.150 E449.48560
G1 X111.742 Y112.096 F7800.000
G1 X110.748 Y110.179 F7800.000
G1 F4800
G1 X109.491 Y110.516 E449.51657
G1 X105.826 Y110.748 F7800.000
G1 F4800
G1 X110.516 Y93.245 E449.94772
G1 X110.748 Y92.767 F7800.000
G1 F4800
G1 X89.252 Y98.527 E450.47724
G1 X89.337 Y101.229 F7800.000
G1 F4800
G1 X98.771 Y110.663 E450.79469
G1 X110.663 Y110.663 E451.07765
G1 X89.337 Y89.337 E451.79527
G1 X101.229 Y89.337 E452.07823
G1 X110.663 Y98.771 E452.39568
G1 X110.748 Y101.473 F7800.000
G1 F4800
G1 X89.252 Y107.233 E452.92520
G1 X89.484 Y106.755 F7800.000
G1 F4800
G1 X94.174 Y89.252 E453.35635
G1 X90.509 Y89.484 F7800.000
G1 F4800
G1 X89.252 Y89.821 E453.38732
G1 X102.880 Y89.252 F7800.000
G1 F4800
G1 X97.120 Y110.748 E453.91685
G1 Z11.150 F7800.000
G1 X111.029 Y111.029 F7800.000
G1 F3600
G1 X88.971 Y111.029 E454.51188
G1 X88.971 Y88.971 E455.10692
G1 X111.029 Y88.971 E455.70195
G1 X111.029 Y110.954 E456.29497
G1 X111.664 Y111.664 F7800.000
G1 F3600
G1 X88.336 Y111.664 E456.92430
G1 X88.336 Y88.336 E457.55362
G1 X111.664 Y88.336 E458.18295
G1 X111.664 Y111.589 E458.81026
G1 X112.225 Y112.225 F7800.000
G1 F1800
G1 X87.775 Y112.225 E459.31418
G1 X87.775 Y87.775 E459.81810
G1 X112.225 Y87.775 E460.32203
G1 X112.225 Y112.150 E460.82440
G1 X111.742 Y112.096 F7800.000
G1 X110.748 Y110.179 F7800.000
G1 F4800
G1 X109.491 Y110.516 E460.85538
G1 X105.826 Y110.748 F7800.000
G1 F4800
G1 X110.516 Y93.245 E461.28652
G1 X110.748 Y92.767 F7800.000
G1 F4800
G1 X89.252 Y98.527 E461.81605
G1 X89.337 Y101.229 F7800.000
G1 F4800
G1 X98.771 Y110.663 E462.13349
G1 X110.663 Y110.663 E462.41646
G1 X89.337 Y89.337 E463.13407
G1 X101.229 Y89.337 E463.41704
G1 X110.663 Y98.771 E463.73448
G1 X110.748 Y101.473 F7800.000
G1 F4800
G1 X89.252 Y107.233 E464.26401
G1 X89.484 Y106.755 F7800.000
G1 F4800
G1 X94.174 Y89.252 E464.69516
G1 X90.509 Y89.484 F7800.000
G1 F4800
G1 X89.252 Y89.821 E464.72613
G1 X102.880 Y89.252 F7800.000
G1 F4800
G1 X97.120 Y110.748 E465.25566
G1 Z11.450 F7800.000
G1 X111.029 Y111.029 F7800.000
G1 F3600
G1 X88.971 Y111.029 E465.85069
G1 X88.971 Y88.971 E466.44573
G1 X111.029 Y88.971 E467.04076
G1 X111.029 Y110.954 E467.63377
G1 X111.664 Y111.664 F7800.000
G1 F3600
G1 X88.336 Y111.664 E468.26310
G1 X88.336 Y88.336 E468.89243
G1 X111.664 Y88.336 E469.52176
G1 X111.664 Y111.589 E470.14907
G1 X112.225 Y112.225 F7800.000
G1 F1800
G1 X87.775 Y112.225 E470.65299
G1 X87.775 Y87.775 E471.15691
G1 X112.225 Y87.775 E471.66083
G1 X112.225 Y112.150 E472.16321
G1 X111.742 Y112.096 F7800.000
G1 X110.748 Y110.179 F7800.000
G1 F4800
G1 X109.491 Y110.516 E472.19418
G1 X105.826 Y110.748 F7800.000
G1 F4800
G1 X110.516 Y93.245 E472.62533
G1 X110.748 Y92.767 F7800.000
G1 F4800
G1 X89.252 Y98.527 E473.15486
G1 X89.337 Y101.229 F7800.000
G1 F4800
G1 X98.771 Y110.663 E473.47230
G1 X110.663 Y110.663 E473.75527
G1 X89.337 Y89.337 E474.47288
G1 X101.229 Y89.337 E474.75585
G1 X110.663 Y98.771 E475.07329
G1 X110.748 Y101.473 F7800.000
G1 F4800
G1 X89.252 Y107.233 E475.60282
G1 X89.484 Y106.755 F7800.000
G1 F4800
G1 X94.174 Y89.252 E476.03396
G1 X90.509 Y89.484 F7800.000
G1 F4800
G1 X89.252 Y89.821 E476.06494
G1 X102.880 Y89.252 F7800.000
G1 F4800
G1 X97.120 Y110.748 E476.59446
G1 Z11.750 F7800.000
G1 X111.029 Y111.029 F7800.000
G1 F3600
G1 X88.971 Y111.029 E477.18950
G1 X88.971 Y88.971 E477.78453
G1 X111.029 Y88.971 E478.37957
G1 X111.029 Y110.954 E478.97258
G1 X111.664 Y111.664 F7800.000
G1 F3600
G1 X88.336 Y111.664 E479.60191
G1 X88.336 Y88.336 E480.23124
G1 X111.664 Y88.336 E480.86057
G1 X111.664 Y111.589 E481.48787
G1 X112.225 Y112.225 F7800.000
G1 F1800
G1 X87.775 Y112.225 E481.99180
G1 X87.775 Y87.775 E482.49572
G1 X112.225 Y87.775 E482.99964
G1 X112.225 Y112.150 E483.50202
G1 X111.742 Y112.096 F7800.000
G1 X110.748 Y110.179 F7800.000
G1 F4800
G1 X109.491 Y110.516 E483.53299
G1 X105.826 Y110.748 F7800.000
G1 F4800
G1 X110.516 Y93.245 E483.96414
G1 X110.748 Y92.767 F7800.000
G1 F4800
G1 X89.252 Y98.527 E484.49366
G1 X89.337 Y101.229 F7800.000
G1 F4800
G1 X98.771 Y110.663 E484.81111
G1 X110.663 Y110.663 E485.09407
G1 X89.337 Y89.337 E485.81169
G1 X101.229 Y89.337 E486.09465
G1 X110.663 Y98.771 E486.41210
G1 X110.748 Y101.473 F7800.000
G1 F4800
G1 X89.252 Y107.233 E486.94162
G1 X89.484 Y106.755 F7800.000
G1 F4800
G1 X94.174 Y89.252 E487.37277
G1 X90.509 Y89.484 F7800.000
G1 F4800
G1 X89.252 Y89.821 E487.40374
G1 X102.880 Y89.252 F7800.000
G1 F4800
G1 X97.120 Y110.748 E487.93327
G1 Z12.050 F7800.000
G1 X111.029 Y111.029 F7800.000
G1 F3600
G1 X88.971 Y111.029 E488.52830
G1 X88.971 Y88.971 E489.12334
G1 X111.029 Y88.971 E489.71838
G1 X111.029 Y110.954 E490.31139
G1 X111.664 Y111.664 F7800.000
G1 F3600
G1 X88.336 Y111.664 E490.94072
G1 X88.336 Y88.336 E491.57005
G1 X111.664 Y88.336 E492.19937
G1 X111.664 Y111.589 E492.82668
G1 X112.225 Y112.225 F7800.000
G1 F1800
G1 X87.775 Y112.225 E493.33060
G1 X87.775 Y87.775 E493.83453
G1 X112.225 Y87.775 E494.33845
G1 X112.225 Y112.150 E494.84082
G1 X111.742 Y112.096 F7800.000
G1 X110.748 Y110.179 F7800.000
G1 F4800
G1 X109.491 Y110.516 E494.87180
G1 X105.826 Y110.748 F7800.000
G1 F4800
G1 X110.516 Y93.245 E495.30294
G1 X110.748 Y92.767 F7800.000
G1 F4800
G1 X89.252 Y98.527 E495.83247
G1 X89.337 Y101.229 F7800.000
G1 F4800
G1 X98.771 Y110.663 E496.14992
G1 X110.663 Y110.663 E496.43288
G1 X89.337 Y89.337 E497.15050
G1 X101.229 Y89.337 E497.43346
G1 X110.663 Y98.771 E497.75090
G1 X110.748 Y101.473 F7800.000
G1 F4800
G1 X89.252 Y107.233 E498.28043
G1 X89.484 Y106.755 F7800.000
G1 F4800
G1 X94.174 Y89.252 E498.71158
G1 X90.509 Y89.484 F7800.000
G1 F4800
G1 X89.252 Y89.821 E498.74255
G1 X102.880 Y89.252 F7800.000
G1 F4800
G1 X97.120 Y110.748 E499.27208
G1 Z12.350 F7800.000
G1 X111.029 Y111.029 F7800.000
G1 F3600
G1 X88.971 Y111.029 E499.86711
G1 X88.971 Y88.971 E500.46215
G1 X111.029 Y88.971 E501.05718
G1 X111.029 Y110.954 E501.65019
G1 X111.664 Y111.664 F7800.000
G1 F3600
G1 X88.336 Y111.664 E502.27952
G1 X88.336 Y88.336 E502.90885
G1 X111.664 Y88.336 E503.53818
G1 X111.664 Y111.589 E504.16549
G1 X112.225 Y112.225 F7800.000
G1 F1800
G1 X87.775 Y112.225 E504.66941
G1 X87.775 Y87.775 E505.17333
G1 X112.225 Y87.775 E505.67725
G1 X112.225 Y112.150 E506.17963
G1 X111.742 Y112.096 F7800.000
G1 X110.748 Y110.179 F7800.000
G1 F4800
G1 X109.491 Y110.516 E506.21061
G1 X105.826 Y110.748 F7800.000
G1 F4800
G1 X110.516 Y93.245 E506.64175
G1 X110.748 Y92.767 F7800.000
G1 F4800
G1 X89.252 Y98.527 E507.17128
G1 X89.337 Y101.229 F7800.000
G1 F4800
G1 X98.771 Y110.663 E507.48872
G1 X110.663 Y110.663 E507.77169
G1 X89.337 Y89.337 E508.48930
G1 X101.229 Y89.337 E508.77227
G1 X110.663 Y98.771 E509.08971
G1 X110.748 Y101.473 F7800.000
G1 F4800
G1 X89.252 Y107.233 E509.61924
G1 X89.484 Y106.755 F7800.000
G1 F4800
G1 X94.174 Y89.252 E510.05038
G1 X90.509 Y89.484 F7800.000
G1 F4800
G1 X89.252 Y89.821 E510.08136
G1 X102.880 Y89.252 F7800.000
G1 F4800
G1 X97.120 Y110.748 E510.61088
G1 Z12.650 F7800.000
G1 X111.029 Y111.029 F7800.000
G1 F3600
G1 X88.971 Y111.029 E511.20592
G1 X88.971 Y88.971 E511.80095
G1 X111.029 Y88.971 E512.39599
G1 X111.029 Y110.954 E512.98900
G1 X111.664 Y111.664 F7800.000
G1 F3600
G1 X88.336 Y111.664 E513.61833
G1 X88.336 Y88.336 E514.24766
G1 X111.664 Y88.336 E514.87699
G1 X111.664 Y111.589 E515.50429
G1 X112.225 Y112.225 F7800.000
G1 F1800
G1 X87.775 Y112.225 E516.00822
G1 X87.775 Y87.775 E516.51214
G1 X112.225 Y87.775 E517.01606
G1 X112.225 Y112.150 E517.51844
G1 X111.742 Y112.096 F7800.000
G1 X110.748 Y110.179 F7800.000
G1 F4800
G1 X109.491 Y110.516 E517.54941
G1 X105.826 Y110.748 F7800.000
G1 F4800
G1 X110.516 Y93.245 E517.98056
G1 X110.748 Y92.767 F7800.000
G1 F4800
G1 X89.252 Y98.527 E518.51008
G1 X89.337 Y101.229 F7800.000
G1 F4800
G1 X98.771 Y110.663 E518.82753
G1 X110.663 Y110.663 E519.11049
G1 X89.337 Y89.337 E519.82811
G1 X101.229 Y89.337 E520.11107
G1 X110.663 Y98.771 E520.42852
G1 X110.748 Y101.473 F7800.000
G1 F4800
G1 X89.252 Y107.233 E520.95804
G1 X89.484 Y106.755 F7800.000
G1 F4800
G1 X94.174 Y89.252 E521.38919
G1 X90.509 Y89.484 F7800.000
G1 F4800
G1 X89.252 Y89.821 E521.42016
G1 X102.880 Y89.252 F7800.000
G1 F4800
G1 X97.120 Y110.748 E521.94969
G1 Z12.950 F7800.000
G1 X111.029 Y111.029 F7800.000
G1 F3600
G1 X88.971 Y111.029 E522.54473
G1 X88.971 Y88.971 E523.13976
G1 X111.029 Y88.971 E523.73480
G1 X111.029 Y110.954 E524.32781
G1 X111.664 Y111.664 F7800.000
G1 F3600
G1 X88.336 Y111.664 E524.95714
G1 X88.336 Y88.336 E525.58647
G1 X111.664 Y88.336 E526.21580
G1 X111.664 Y111.589 E526.84310
G1 X112.225 Y112.225 F7800.000
G1 F1800
G1 X87.775 Y112.225 E527.34702
G1 X87.775 Y87.775 E527.85095
G1 X112.225 Y87.775 E528.35487
G1 X112.225 Y112.150 E528.85725
G1 X111.742 Y112.096 F7800.000
G1 X110.748 Y110.179 F7800.000
G1 F4800
G1 X109.491 Y110.516 E528.88822
G1 X105.826 Y110.748 F7800.000
G1 F4800
G1 X110.516 Y93.245 E529.31936
G1 X110.748 Y92.767 F7800.000
G1 F4800
G1 X89.252 Y98.527 E529.84889
G1 X89.337 Y101.229 F7800.000
G1 F4800
G1 X98.771 Y110.663 E530.16634
G1 X110.663 Y110.663 E530.44930
G1 X89.337 Y89.337 E531.16692
G1 X101.229 Y89.337 E531.44988
G1 X110.663 Y98.771 E531.76733
G1 X110.748 Y101.473 F7800.000
G1 F4800
G1 X89.252 Y107.233 E532.29685
G1 X89.484 Y106.755 F7800.000
G1 F4800
G1 X94.174 Y89.252 E532.72800
G1 X90.509 Y89.484 F7800.000
G1 F4800
G1 X89.252 Y89.821 E532.75897
G1 X102.880 Y89.252 F7800.000
G1 F4800
G1 X97.120 Y110.748 E533.28850
G1 Z13.250 F7800.000
G1 X111.029 Y111.029 F7800.000
G1 F3600
G1 X88.971 Y111.029 E533.88353
G1 X88.971 Y88.971 E534.47857
G1 X111.029 Y88.971 E535.07360
G1 X111.029 Y110.954 E535.66662
G1 X111.664 Y111.664 F7800.000
G1 F3600
G1 X88.336 Y111.664 E536.29594
G1 X88.336 Y88.336 E536.92527
G1 X111.664 Y88.336 E537.55460
G1 X111.664 Y111.589 E538.18191
G1 X112.225 Y112.225 F7800.000
G1 F1800
G1 X87.775 Y112.225 E538.68583
G1 X87.775 Y87.775 E539.18975
G1 X112.225 Y87.775 E539.69368
G1 X112.225 Y112.150 E540.19605
G1 X111.742 Y112.096 F7800.000
G1 X110.748 Y110.179 F7800.000
G1 F4800
G1 X109.491 Y110.516 E540.22703
G1 X105.826 Y110.748 F7800.000
G1 F4800
G1 X110.516 Y93.245 E540.65817
G1 X110.748 Y92.767 F7800.000
G1 F4800
G1 X89.252 Y98.527 E541.18770
G1 X89.337 Y101.229 F7800.000
G1 F4800
G1 X98.771 Y110.663 E541.50514
G1 X110.663 Y110.663 E541.78811
G1 X89.337 Y89.337 E542.50572
G1 X101.229 Y89.337 E542.78869
G1 X110.663 Y98.771 E543.10613
G1 X110.748 Y101.473 F7800.000
G1 F4800
G1 X89.252 Y107.233 E543.63566
G1 X89.484 Y106.755 F7800.000
G1 F4800
G1 X94.174 Y89.252 E544.06680
G1 X90.509 Y89.484 F7800.000
G1 F4800
G1 X89.252 Y89.821 E544.09778
G1 X102.880 Y89.252 F7800.000
G1 F4800
G1 X97.120 Y110.748 E544.62730
G1 Z13.550 F7800.000
G1 X111.029 Y111.029 F7800.000
G1 F3600
G1 X88.971 Y111.029 E545.22234
G1 X88.971 Y88.971 E545.81737
G1 X111.029 Y88.971 E546.41241
G1 X111.029 Y110.954 E547.00542
G1 X111.664 Y111.664 F7800.000
G1 F3600
G1 X88.336 Y111.664 E547.63475
G1 X88.336 Y88.336 E548.26408
G1 X111.664 Y88.336 E548.89341
G1 X111.664 Y111.589 E549.52071
G1 X112.225 Y112.225 F7800.000
G1 F1800
G1 X87.775 Y112.225 E550.02464
G1 X87.775 Y87.775 E550.52856
G1 X112.225 Y87.775 E551.03248
G1 X112.225 Y112.150 E551.53486
G1 X111.742 Y112.096 F7800.000
G1 X110.748 Y110.179 F7800.000
G1 F4800
G1 X109.491 Y110.516 E551.56583
G1 X105.826 Y110.748 F7800.000
G1 F4800
G1 X110.516 Y93.245 E551.99698
G1 X110.748 Y92.767 F7800.000
G1 F4800
G1 X89.252 Y98.527 E552.52650
G1 X89.337 Y101.229 F7800.000
G1 F4800
G1 X98.771 Y110.663 E552.84395
G1 X110.663 Y110.663 E553.12691
G1 X89.337 Y89.337 E553.84453
G1 X101.229 Y89.337 E554.12749
G1 X110.663 Y98.771 E554.44494
G1 X110.748 Y101.473 F7800.000
G1 F4800
G1 X89.252 Y107.233 E554.97447
G1 X89.484 Y106.755 F7800.000
G1 F4800
G1 X94.174 Y89.252 E555.40561
G1 X90.509 Y89.484 F7800.000
G1 F4800
G1 X89.252 Y89.821 E555.43658
G1 X102.880 Y89.252 F7800.000
G1 F4800
G1 X97.120 Y110.748 E555.96611
G1 Z13.850 F7800.000
G1 X111.029 Y111.029 F7800.000
G1 F3600
G1 X88.971 Y111.029 E556.56115
G1 X88.971 Y88.971 E557.15618
G1 X111.029 Y88.971 E557.75122
G1 X111.029 Y110.954 E558.34423
G1 X111.664 Y111.664 F7800.000
G1 F3600
G1 X88.336 Y111.664 E558.97356
G1 X88.336 Y88.336 E559.60289
G1 X111.664 Y88.336 E560.23222
G1 X111.664 Y111.589 E560.85952
G1 X112.225 Y112.225 F7800.000
G1 F1800
G1 X87.775 Y112.225 E561.36344
G1 X87.775 Y87.775 E561.86737
G1 X112.225 Y87.775 E562.37129
G1 X112.225 Y112.150 E562.87367
G1 X111.742 Y112.096 F7800.000
G1 X110.748 Y110.179 F7800.000
G1 F4800
G1 X109.491 Y110.516 E562.90464
G1 X105.826 Y110.748 F7800.000
G1 F4800
G1 X110.516 Y93.245 E563.33579
G1 X110.748 Y92.767 F7800.000
G1 F4800
G1 X89.252 Y98.527 E563.86531
G1 X89.337 Y101.229 F7800.000
G1 F4800
G1 X98.771 Y110.663 E564.18276
G1 X110.663 Y110.663 E564.46572
G1 X89.337 Y89.337 E565.18334
G1 X101.229 Y89.337 E565.46630
G1 X110.663 Y98.771 E565.78375
G1 X110.748 Y101.473 F7800.000
G1 F4800
G1 X89.252 Y107.233 E566.31327
G1 X89.484 Y106.755 F7800.000
G1 F4800
G1 X94.174 Y89.252 E566.74442
G1 X90.509 Y89.484 F7800.000
G1 F4800
G1 X89.252 Y89.821 E566.77539
G1 X102.880 Y89.252 F7800.000
G1 F4800
G1 X97.120 Y110.748 E567.30492
G1 Z14.150 F7800.000
G1 X111.029 Y111.029 F7800.000
G1 F3600
G1 X88.971 Y111.029 E567.89995
G1 X88.971 Y88.971 E568.49499
G1 X111.029 Y88.971 E569.09002
G1 X111.029 Y110.954 E569.68304
G1 X111.664 Y111.664 F7800.000
G1 F3600
G1 X88.336 Y111.664 E570.31237
G1 X88.336 Y88.336 E570.94169
G1 X111.664 Y88.336 E571.57102
G1 X111.664 Y111.589 E572.19833
G1 X112.225 Y112.225 F7800.000
G1 F1800
G1 X87.775 Y112.225 E572.70225
G1 X87.775 Y87.775 E573.20617
G1 X112.225 Y87.775 E573.71010
G1 X112.225 Y112.150 E574.21247
G1 X111.742 Y112.096 F7800.000
G1 X110.748 Y110.179 F7800.000
G1 F4800
G1 X109.491 Y110.516 E574.24345
G1 X105.826 Y110.748 F7800.000
G1 F4800
G1 X110.516 Y93.245 E574.67459
G1 X110.748 Y92.767 F7800.000
G1 F4800
G1 X89.252 Y98.527 E575.20412
G1 X89.337 Y101.229 F7800.000
G1 F4800
G1 X98.771 Y110.663 E575.52156
G1 X110.663 Y110.663 E575.80453
G1 X89.337 Y89.337 E576.52214
G1 X101.229 Y89.337 E576.80511
G1 X110.663 Y98.771 E577.12255
G1 X110.748 Y101.473 F7800.000
G1 F4800
G1 X89.252 Y107.233 E577.65208
G1 X89.484 Y106.755 F7800.000
G1 F4800
G1 X94.174 Y89.252 E578.08322
G1 X90.509 Y89.484 F7800.000
G1 F4800
G1 X89.252 Y89.821 E578.11420
G1 X102.880 Y89.252 F7800.000
G1 F4800
G1 X97.120 Y110.748 E578.64372
G1 Z14.450 F7800.000
G1 X111.029 Y111.029 F7800.000
G1 F3600
G1 X88.971 Y111.029 E579.23876
G1 X88.971 Y88.971 E579.83380
G1 X111.029 Y88.971 E580.42883
G1 X111.029 Y110.954 E581.02184
G1 X111.664 Y111.664 F7800.000
G1 F3600
G1 X88.336 Y111.664 E581.65117
G1 X88.336 Y88.336 E582.28050
G1 X111.664 Y88.336 E582.90983
G1 X111.664 Y111.589 E583.53714
G1 X112.225 Y112.225 F7800.000
G1 F1800
G1 X87.775 Y112.225 E584.04106
G1 X87.775 Y87.775 E584.54498
G1 X112.225 Y87.775 E585.04890
G1 X112.225 Y112.150 E585.55128
G1 X111.742 Y112.096 F7800.000
G1 X110.748 Y110.179 F7800.000
G1 F4800
G1 X109.491 Y110.516 E585.58225
G1 X105.826 Y110.748 F7800.000
G1 F4800
G1 X110.516 Y93.245 E586.01340
G1 X110.748 Y92.767 F7800.000
G1 F4800
G1 X89.252 Y98.527 E586.54293
G1 X89.337 Y101.229 F7800.000
G1 F4800
G1 X98.771 Y110.663 E586.86037
G1 X110.663 Y110.663 E587.14333
G1 X89.337 Y89.337 E587.86095
G1 X101.229 Y89.337 E588.14391
G1 X110.663 Y98.771 E588.46136
G1 X110.748 Y101.473 F7800.000
G1 F4800
G1 X89.252 Y107.233 E588.99089
G1 X89.484 Y106.755 F7800.000
G1 F4800
G1 X94.174 Y89.252 E589.42203
G1 X90.509 Y89.484 F7800.000
G1 F4800
G1 X89.252 Y89.821 E589.45301
G1 X102.880 Y89.252 F7800.000
G1 F4800
G1 X97.120 Y110.748 E589.98253
G1 Z14.750 F7800.000
G1 X111.029 Y111.029 F7800.000
G1 F3600
G1 X88.971 Y111.029 E590.57757
G1 X88.971 Y88.971 E591.17260
G1 X111.029 Y88.971 E591.76764
G1 X111.029 Y110.954 E592.36065
G1 X111.664 Y111.664 F7800.000
G1 F3600
G1 X88.336 Y111.664 E592.98998
G1 X88.336 Y88.336 E593.61931
G1 X111.664 Y88.336 E594.24864
G1 X111.664 Y111.589 E594.87594
G1 X112.225 Y112.225 F7800.000
G1 F1800
G1 X87.775 Y112.225 E595.37987
G1 X87.775 Y87.775 E595.88379
G1 X112.225 Y87.775 E596.38771
G1 X112.225 Y112.150 E596.89009
G1 X111.742 Y112.096 F7800.000
G1 X110.748 Y110.179 F7800.000
G1 F4800
G1 X109.491 Y110.516 E596.92106
G1 X105.826 Y110.748 F7800.000
G1 F4800
G1 X110.516 Y93.245 E597.35221
G1 X110.748 Y92.767 F7800.000
G1 F4800
G1 X89.252 Y98.527 E597.88173
G1 X89.337 Y101.229 F7800.000
G1 F4800
G1 X98.771 Y110.663 E598.19918
G1 X110.663 Y110.663 E598.48214
G1 X89.337 Y89.337 E599.19976
G1 X101.229 Y89.337 E599.48272
G1 X110.663 Y98.771 E599.80017
G1 X110.748 Y101.473 F7800.000
G1 F4800
G1 X89.252 Y107.233 E600.32969
G1 X89.484 Y106.755 F7800.000
G1 F4800
G1 X94.174 Y89.252 E600.76084
G1 X90.509 Y89.484 F7800.000
G1 F4800
G1 X89.252 Y89.821 E600.79181
G1 X102.880 Y89.252 F7800.000
G1 F4800
G1 X97.120 Y110.748 E601.32134
G1 Z15.050 F7800.000
G1 X111.029 Y111.029 F7800.000
G1 F3600
G1 X88.971 Y111.029 E601.91637
G1 X88.971 Y88.971 E602.51141
G1 X111.029 Y88.971 E603.10644
G1 X111.029 Y110.954 E603.69946
G1 X111.664 Y111.664 F7800.000
G1 F3600
G1 X88.336 Y111.664 E604.32879
G1 X88.336 Y88.336 E604.95811
G1 X111.664 Y88.336 E605.58744
G1 X111.664 Y111.589 E606.21475
G1 X112.225 Y112.225 F7800.000
G1 F1800
G1 X87.775 Y112.225 E606.71867
G1 X87.775 Y87.775 E607.22259
G1 X112.225 Y87.775 E607.72652
G1 X112.225 Y112.150 E608.22889
G1 X111.742 Y112.096 F7800.000
G1 X110.748 Y110.179 F7800.000
G1 F4800
G1 X109.491 Y110.516 E608.25987
G1 X105.826 Y110.748 F7800.000
G1 F4800
G1 X110.516 Y93.245 E608.69101
G1 X110.748 Y92.767 F7800.000
G1 F4800
G1 X89.252 Y98.527 E609.22054
G1 X89.337 Y101.229 F7800.000
G1 F4800
G1 X98.771 Y110.663 E609.53798
G1 X110.663 Y110.663 E609.82095
G1 X89.337 Y89.337 E610.53856
G1 X101.229 Y89.337 E610.82153
G1 X110.663 Y98.771 E611.13897
G1 X110.748 Y101.473 F7800.000
G1 F4800
G1 X89.252 Y107.233 E611.66850
G1 X89.484 Y106.755 F7800.000
G1 F4800
G1 X94.174 Y89.252 E612.09965
G1 X90.509 Y89.484 F7800.000
G1 F4800
G1 X89.252 Y89.821 E612.13062
G1 X102.880 Y89.252 F7800.000
G1 F4800
G1 X97.120 Y110.748 E612.66015
G1 Z15.350 F7800.000
G1 X111.029 Y111.029 F7800.000
G1 F3600
G1 X88.971 Y111.029 E613.25518
G1 X88.971 Y88.971 E613.85022
G1 X111.029 Y88.971 E614.44525
G1 X111.029 Y110.954 E615.03826
G1 X111.664 Y111.664 F7800.000
G1 F3600
G1 X88.336 Y111.664 E615.66759
G1 X88.336 Y88.336 E616.29692
G1 X111.664 Y88.336 E616.92625
G1 X111.664 Y111.589 E617.55356
G1 X112.225 Y112.225 F7800.000
G1 F1800
G1 X87.775 Y112.225 E618.05748
G1 X87.775 Y87.775 E618.56140
G1 X112.225 Y87.775 E619.06532
G1 X112.225 Y112.150 E619.56770
G1 X111.742 Y112.096 F7800.000
G1 X110.748 Y110.179 F7800.000
G1 F4800
G1 X109.491 Y110.516 E619.59868
G1 X105.826 Y110.748 F7800.000
G1 F4800
G1 X110.516 Y93.245 E620.02982
G1 X110.748 Y92.767 F7800.000
G1 F4800
G1 X89.252 Y98.527 E620.55935
G1 X89.337 Y101.229 F7800.000
G1 F4800
G1 X98.771 Y110.663 E620.87679
G1 X110.663 Y110.663 E621.15976
G1 X89.337 Y89.337 E621.87737
G1 X101.229 Y89.337 E622.16034
G1 X110.663 Y98.771 E622.47778
G1 X110.748 Y101.473 F7800.000
G1 F4800
G1 X89.252 Y107.233 E623.00731
G1 X89.484 Y106.755 F7800.000
G1 F4800
G1 X94.174 Y89.252 E623.43845
G1 X90.509 Y89.484 F7800.000
G1 F4800
G1 X89.252 Y89.821 E623.46943
G1 X102.880 Y89.252 F7800.000
G1 F4800
G1 X97.120 Y110.748 E623.99895
G1 Z15.650 F7800.000
G1 X111.029 Y111.029 F7800.000
G1 F3600
G1 X88.971 Y111.029 E624.59399
G1 X88.971 Y88.971 E625.18902
G1 X111.029 Y88.971 E625.78406
G1 X111.029 Y110.954 E626.37707
G1 X111.664 Y111.664 F7800.000
G1 F3600
G1 X88.336 Y111.664 E627.00640
G1 X88.336 Y88.336 E627.63573
G1 X111.664 Y88.336 E628.26506
G1 X111.664 Y111.589 E628.89236
G1 X112.225 Y112.225 F7800.000
G1 F1800
G1 X87.775 Y112.225 E629.39629
G1 X87.775 Y87.775 E629.90021
G1 X112.225 Y87.775 E630.40413
G1 X112.225 Y112.150 E630.90651
G1 X111.742 Y112.096 F7800.000
G1 X110.748 Y110.179 F7800.000
G1 F4800
G1 X109.491 Y110.516 E630.93748
G1 X105.826 Y110.748 F7800.000
G1 F4800
G1 X110.516 Y93.245 E631.36863
G1 X110.748 Y92.767 F7800.000
G1 F4800
G1 X89.252 Y98.527 E631.89815
G1 X89.337 Y101.229 F7800.000
G1 F4800
G1 X98.771 Y110.663 E632.21560
G1 X110.663 Y110.663 E632.49856
G1 X89.337 Y89.337 E633.21618
G1 X101.229 Y89.337 E633.49914
G1 X110.663 Y98.771 E633.81659
G1 X110.748 Y101.473 F7800.000
G1 F4800
G1 X89.252 Y107.233 E634.34611
G1 X89.484 Y106.755 F7800.000
G1 F4800
G1 X94.174 Y89.252 E634.77726
G1 X90.509 Y89.484 F7800.000
G1 F4800
G1 X89.252 Y89.821 E634.80823
G1 X102.880 Y89.252 F7800.000
G1 F4800
G1 X97.120 Y110.748 E635.33776
G1 Z15.950 F7800.000
G1 X111.029 Y111.029 F7800.000
G1 F3600
G1 X88.971 Y111.029 E635.93279
G1 X88.971 Y88.971 E636.52783
G1 X111.029 Y88.971 E637.12287
G1 X111.029 Y110.954 E637.71588
G1 X111.664 Y111.664 F7800.000
G1 F3600
G1 X88.336 Y111.664 E638.34521
G1 X88.336 Y88.336 E638.97454
G1 X111.664 Y88.336 E639.60386
G1 X111.664 Y111.589 E640.23117
G1 X112.225 Y112.225 F7800.000
G1 F1800
G1 X87.775 Y112.225 E640.73509
G1 X87.775 Y87.775 E641.23902
G1 X112.225 Y87.775 E641.74294
G1 X112.225 Y112.150 E642.24531
G1 X111.742 Y112.096 F7800.000
G1 X110.748 Y110.179 F7800.000
G1 F4800
G1 X109.491 Y110.516 E642.27629
G1 X105.826 Y110.748 F7800.000
G1 F4800
G1 X110.516 Y93.245 E642.70743
G1 X110.748 Y92.767 F7800.000
G1 F4800
G1 X89.252 Y98.527 E643.23696
G1 X89.337 Y101.229 F7800.000
G1 F4800
G1 X98.771 Y110.663 E643.55441
G1 X110.663 Y110.663 E643.83737
G1 X89.337 Y89.337 E644.55499
G1 X101.229 Y89.337 E644.83795
G1 X110.663 Y98.771 E645.15539
G1 X110.748 Y101.473 F7800.000
G1 F4800
G1 X89.252 Y107.233 E645.68492
G1 X89.484 Y106.755 F7800.000
G1 F4800
G1 X94.174 Y89.252 E646.11607
G1 X90.509 Y89.484 F7800.000
G1 F4800
G1 X89.252 Y89.821 E646.14704
G1 X102.880 Y89.252 F7800.000
G1 F4800
G1 X97.120 Y110.748 E646.67657
G1 Z16.250 F7800.000
G1 X111.029 Y111.029 F7800.000
G1 F3600
G1 X88.971 Y111.029 E647.27160
G1 X88.971 Y88.971 E647.86664
G1 X111.029 Y88.971 E648.46167
G1 X111.029 Y110.954 E649.05468
G1 X111.664 Y111.664 F7800.000
G1 F3600
G1 X88.336 Y111.664 E649.68401
G1 X88.336 Y88.336 E650.31334
G1 X111.664 Y88.336 E650.94267
G1 X111.664 Y111.589 E651.56998
G1 X112.225 Y112.225 F7800.000
G1 F1800
G1 X87.775 Y112.225 E652.07390
G1 X87.775 Y87.775 E652.57782
G1 X112.225 Y87.775 E653.08175
G1 X112.225 Y112.150 E653.58412
G1 X111.742 Y112.096 F7800.000
G1 X110.748 Y110.179 F7800.000
G1 F4800
G1 X109.491 Y110.516 E653.61510
G1 X105.826 Y110.748 F7800.000
G1 F4800
G1 X110.516 Y93.245 E654.04624
G1 X110.748 Y92.767 F7800.000
G1 F4800
G1 X89.252 Y98.527 E654.57577
G1 X89.337 Y101.229 F7800.000
G1 F4800
G1 X98.771 Y110.663 E654.89321
G1 X110.663 Y110.663 E655.17618
G1 X89.337 Y89.337 E655.89379
G1 X101.229 Y89.337 E656.17676
G1 X110.663 Y98.771 E656.49420
G1 X110.748 Y101.473 F7800.000
G1 F4800
G1 X89.252 Y107.233 E657.02373
G1 X89.484 Y106.755 F7800.000
G1 F4800
G1 X94.174 Y89.252 E657.45487
G1 X90.509 Y89.484 F7800.000
G1 F4800
G1 X89.252 Y89.821 E657.48585
G1 X102.880 Y89.252 F7800.000
G1 F4800
G1 X97.120 Y110.748 E658.01537
G1 Z16.550 F7800.000
G1 X111.029 Y111.029 F7800.000
G1 F3600
G1 X88.971 Y111.029 E658.61041
G1 X88.971 Y88.971 E659.20544
G1 X111.029 Y88.971 E659.80048
G1 X111.029 Y110.954 E660.39349
G1 X111.664 Y111.664 F7800.000
G1 F3600
G1 X88.336 Y111.664 E661.02282
G1 X88.336 Y88.336 E661.65215
G1 X111.664 Y88.336 E662.28148
G1 X111.664 Y111.589 E662.90878
G1 X112.225 Y112.225 F7800.000
G1 F1800
G1 X87.775 Y112.225 E663.41271
G1 X87.775 Y87.775 E663.91663
G1 X112.225 Y87.775 E664.42055
G1 X112.225 Y112.150 E664.92293
G1 X111.742 Y112.096 F7800.000
G1 X110.748 Y110.179 F7800.000
G1 F4800
G1 X109.491 Y110.516 E664.95390
G1 X105.826 Y110.748 F7800.000
G1 F4800
G1 X110.516 Y93.245 E665.38505
G1 X110.748 Y92.767 F7800.000
G1 F4800
G1 X89.252 Y98.527 E665.91457
G1 X89.337 Y101.229 F7800.000
G1 F4800
G1 X98.771 Y110.663 E666.23202
G1 X110.663 Y110.663 E666.51498
G1 X89.337 Y89.337 E667.23260
G1 X101.229 Y89.337 E667.51556
G1 X110.663 Y98.771 E667.83301
G1 X110.748 Y101.473 F7800.000
G1 F4800
G1 X89.252 Y107.233 E668.36253
G1 X89.484 Y106.755 F7800.000
G1 F4800
G1 X94.174 Y89.252 E668.79368
G1 X90.509 Y89.484 F7800.000
G1 F4800
G1 X89.252 Y89.821 E668.82465
G1 X102.880 Y89.252 F7800.000
G1 F4800
G1 X97.120 Y110.748 E669.35418
G1 Z16.850 F7800.000
G1 X111.029 Y111.029 F7800.000
G1 F3600
G1 X88.971 Y111.029 E669.94922
G1 X88.971 Y88.971 E670.54425
G1 X111.029 Y88.971 E671.13929
G1 X111.029 Y110.954 E671.73230
G1 X111.664 Y111.664 F7800.000
G1 F3600
G1 X88.336 Y111.664 E672.36163
G1 X88.336 Y88.336 E672.99096
G1 X111.664 Y88.336 E673.62029
G1 X111.664 Y111.589 E674.24759
G1 X112.225 Y112.225 F7800.000
G1 F1800
G1 X87.775 Y112.225 E674.75151
G1 X87.775 Y87.775 E675.25544
G1 X112.225 Y87.775 E675.75936
G1 X112.225 Y112.150 E676.26174
G1 X111.742 Y112.096 F7800.000
G1 X110.748 Y110.179 F7800.000
G1 F4800
G1 X109.491 Y110.516 E676.29271
G1 X105.826 Y110.748 F7800.000
G1 F4800
G1 X110.516 Y93.245 E676.72385
G1 X110.748 Y92.767 F7800.000
G1 F4800
G1 X89.252 Y98.527 E677.25338
G1 X89.337 Y101.229 F7800.000
G1 F4800
G1 X98.771 Y110.663 E677.57083
G1 X110.663 Y110.663 E677.85379
G1 X89.337 Y89.337 E678.57141
G1 X101.229 Y89.337 E678.85437
G1 X110.663 Y98.771 E679.17182
G1 X110.748 Y101.473 F7800.000
G1 F4800
G1 X89.252 Y107.233 E679.70134
G1 X89.484 Y106.755 F7800.000
G1 F4800
G1 X94.174 Y89.252 E680.13249
G1 X90.509 Y89.484 F7800.000
G1 F4800
G1 X89.252 Y89.821 E680.16346
G1 X102.880 Y89.252 F7800.000
G1 F4800
G1 X97.120 Y110.748 E680.69299
G1 Z17.150 F7800.000
G1 X111.029 Y111.029 F7800.000
G1 F3600
G1 X88.971 Y111.029 E681.28802
G1 X88.971 Y88.971 E681.88306
G1 X111.029 Y88.971 E682.47809
G1 X111.029 Y110.954 E683.07111
G1 X111.664 Y111.664 F7800.000
G1 F3600
G1 X88.336 Y111.664 E683.70043
G1 X88.336 Y88.336 E684.32976
G1 X111.664 Y88.336 E684.95909
G1 X111.664 Y111.589 E685.58640
G1 X112.225 Y112.225 F7800.000
G1 F1800
G1 X87.775 Y112.225 E686.09032
G1 X87.775 Y87.775 E686.59424
G1 X112.225 Y87.775 E687.09817
G1 X112.225 Y112.150 E687.60054
G1 X111.742 Y112.096 F7800.000
G1 X110.748 Y110.179 F7800.000
G1 F4800
G1 X109.491 Y110.516 E687.63152
G1 X105.826 Y110.748 F7800.000
G1 F4800
G1 X110.516 Y93.245 E688.06266
G1 X110.748 Y92.767 F7800.000
G1 F4800
G1 X89.252 Y98.527 E688.59219
G1 X89.337 Y101.229 F7800.000
G1 F4800
G1 X98.771 Y110.663 E688.90963
G1 X110.663 Y110.663 E689.19260
G1 X89.337 Y89.337 E689.91021
G1 X101.229 Y89.337 E690.19318
G1 X110.663 Y98.771 E690.51062
G1 X110.748 Y101.473 F7800.000
G1 F4800
G1 X89.252 Y107.233 E691.04015
G1 X89.484 Y106.755 F7800.000
G1 F4800
G1 X94.174 Y89.252 E691.47129
G1 X90.509 Y89.484 F7800.000
G1 F4800
G1 X89.252 Y89.821 E691.50227
G1 X102.880 Y89.252 F7800.000
G1 F4800
G1 X97.120 Y110.748 E692.03179
G1 Z17.450 F7800.000
G1 X111.029 Y111.029 F7800.000
G1 F3600
G1 X88.971 Y111.029 E692.62683
G1 X88.971 Y88.971 E693.22186
G1 X111.029 Y88.971 E693.81690
G1 X111.029 Y110.954 E694.40991
G1 X111.664 Y111.664 F7800.000
G1 F3600
G1 X88.336 Y111.664 E695.03924
G1 X88.336 Y88.336 E695.66857
G1 X111.664 Y88.336 E696.29790
G1 X111.664 Y111.589 E696.92520
G1 X112.225 Y112.225 F7800.000
G1 F1800
G1 X87.775 Y112.225 E697.42913
G1 X87.775 Y87.775 E697.93305
G1 X112.225 Y87.775 E698.43697
G1 X112.225 Y112.150 E698.93935
G1 X111.742 Y112.096 F7800.000
G1 X110.748 Y110.179 F7800.000
G1 F4800
G1 X109.491 Y110.516 E698.97032
G1 X105.826 Y110.748 F7800.000
G1 F4800
G1 X110.516 Y93.245 E699.40147
G1 X110.748 Y92.767 F7800.000
G1 F4800
G1 X89.252 Y98.527 E699.93100
G1 X89.337 Y101.229 F7800.000
G1 F4800
G1 X98.771 Y110.663 E700.24844
G1 X110.663 Y110.663 E700.53140
G1 X89.337 Y89.337 E701.24902
G1 X101.229 Y89.337 E701.53198
G1 X110.663 Y98.771 E701.84943
G1 X110.748 Y101.473 F7800.000
G1 F4800
G1 X89.252 Y107.233 E702.37896
G1 X89.484 Y106.755 F7800.000
G1 F4800
G1 X94.174 Y89.252 E702.81010
G1 X90.509 Y89.484 F7800.000
G1 F4800
G1 X89.252 Y89.821 E702.84107
G1 X102.880 Y89.252 F7800.000
G1 F4800
G1 X97.120 Y110.748 E703.37060
G1 Z17.750 F7800.000
G1 X111.029 Y111.029 F7800.000
G1 F3600
G1 X88.971 Y111.029 E703.96564
G1 X88.971 Y88.971 E704.56067
G1 X111.029 Y88.971 E705.15571
G1 X111.029 Y110.954 E705.74872
G1 X111.664 Y111.664 F7800.000
G1 F3600
G1 X88.336 Y111.664 E706.37805
G1 X88.336 Y88.336 E707.00738
G1 X111.664 Y88.336 E707.63671
G1 X111.664 Y111.589 E708.26401
G1 X112.225 Y112.225 F7800.000
G1 F1800
G1 X87.775 Y112.225 E708.76793
G1 X87.775 Y87.775 E709.27186
G1 X112.225 Y87.775 E709.77578
G1 X112.225 Y112.150 E710.27816
G1 X111.742 Y112.096 F7800.000
G1 X110.748 Y110.179 F7800.000
G1 F4800
G1 X109.491 Y110.516 E710.30913
G1 X105.826 Y110.748 F7800.000
G1 F4800
G1 X110.516 Y93.245 E710.74028
G1 X110.748 Y92.767 F7800.000
G1 F4800
G1 X89.252 Y98.527 E711.26980
G1 X89.337 Y101.229 F7800.000
G1 F4800
G1 X98.771 Y110.663 E711.58725
G1 X110.663 Y110.663 E711.87021
G1 X89.337 Y89.337 E712.58783
G1 X101.229 Y89.337 E712.87079
G1 X110.663 Y98.771 E713.18824
G1 X110.748 Y101.473 F7800.000
G1 F4800
G1 X89.252 Y107.233 E713.71776
G1 X89.484 Y106.755 F7800.000
G1 F4800
G1 X94.174 Y89.252 E714.14891
G1 X90.509 Y89.484 F7800.000
G1 F4800
G1 X89.252 Y89.821 E714.17988
G1 X102.880 Y89.252 F7800.000
G1 F4800
G1 X97.120 Y110.748 E714.70941
G1 Z18.050 F7800.000
G1 X111.029 Y111.029 F7800.000
G1 F3600
G1 X88.971 Y111.029 E715.30444
G1 X88.971 Y88.971 E715.89948
G1 X111.029 Y88.971 E716.49451
G1 X111.029 Y110.954 E717.08753
G1 X111.664 Y111.664 F7800.000
G1 F3600
G1 X88.336 Y111.664 E717.71686
G1 X88.336 Y88.336 E718.34618
G1 X111.664 Y88.336 E718.97551
G1 X111.664 Y111.589 E719.60282
G1 X112.225 Y112.225 F7800.000
G1 F1800
G1 X87.775 Y112.225 E720.10674
G1 X87.775 Y87.775 E720.61066
G1 X112.225 Y87.775 E721.11459
G1 X112.225 Y112.150 E721.61696
G1 X111.742 Y112.096 F7800.000
G1 X110.748 Y110.179 F7800.000
G1 F4800
G1 X109.491 Y110.516 E721.64794
G1 X105.826 Y110.748 F7800.000
G1 F4800
G1 X110.516 Y93.245 E722.07908
G1 X110.748 Y92.767 F7800.000
G1 F4800
G1 X89.252 Y98.527 E722.60861
G1 X89.337 Y101.229 F7800.000
G1 F4800
G1 X98.771 Y110.663 E722.92605
G1 X110.663 Y110.663 E723.20902
G1 X89.337 Y89.337 E723.92663
G1 X101.229 Y89.337 E724.20960
G1 X110.663 Y98.771 E724.52704
G1 X110.748 Y101.473 F7800.000
G1 F4800
G1 X89.252 Y107.233 E725.05657
G1 X89.484 Y106.755 F7800.000
G1 F4800
G1 X94.174 Y89.252 E725.48771
G1 X90.509 Y89.484 F7800.000
G1 F4800
G1 X89.252 Y89.821 E725.51869
G1 X102.880 Y89.252 F7800.000
G1 F4800
G1 X97.120 Y110.748 E726.04821
G1 Z18.350 F7800.000
G1 X111.029 Y111.029 F7800.000
G1 F3600
G1 X88.971 Y111.029 E726.64325
G1 X88.971 Y88.971 E727.23829
G1 X111.029 Y88.971 E727.83332
G1 X111.029 Y110.954 E728.42633
G1 X111.664 Y111.664 F7800.000
G1 F3600
G1 X88.336 Y111.664 E729.05566
G1 X88.336 Y88.336 E729.68499
G1 X111.664 Y88.336 E730.31432
G1 X111.664 Y111.589 E730.94163
G1 X112.225 Y112.225 F7800.000
G1 F1800
G1 X87.775 Y112.225 E731.44555
G1 X87.775 Y87.775 E731.94947
G1 X112.225 Y87.775 E732.45339
G1 X112.225 Y112.150 E732.95577
G1 X111.742 Y112.096 F7800.000
G1 X110.748 Y110.179 F7800.000
G1 F4800
G1 X109.491 Y110.516 E732.98674
G1 X105.826 Y110.748 F7800.000
G1 F4800
G1 X110.516 Y93.245 E733.41789
G1 X110.748 Y92.767 F7800.000
G1 F4800
G1 X89.252 Y98.527 E733.94742
G1 X89.337 Y101.229 F7800.000
G1 F4800
G1 X98.771 Y110.663 E734.26486
G1 X110.663 Y110.663 E734.54782
G1 X89.337 Y89.337 E735.26544
G1 X101.229 Y89.337 E735.54840
G1 X110.663 Y98.771 E735.86585
G1 X110.748 Y101.473 F7800.000
G1 F4800
G1 X89.252 Y107.233 E736.39538
G1 X89.484 Y106.755 F7800.000
G1 F4800
G1 X94.174 Y89.252 E736.82652
G1 X90.509 Y89.484 F7800.000
G1 F4800
G1 X89.252 Y89.821 E736.85750
G1 X102.880 Y89.252 F7800.000
G1 F4800
G1 X97.120 Y110.748 E737.38702
G1 Z18.650 F7800.000
G1 X111.029 Y111.029 F7800.000
G1 F3600
G1 X88.971 Y111.029 E737.98206
G1 X88.971 Y88.971 E738.57709
G1 X111.029 Y88.971 E739.17213
G1 X111.029 Y110.954 E739.76514
G1 X111.664 Y111.664 F7800.000
G1 F3600
G1 X88.336 Y111.664 E740.39447
G1 X88.336 Y88.336 E741.02380
G1 X111.664 Y88.336 E741.65313
G1 X111.664 Y111.589 E742.28043
G1 X112.225 Y112.225 F7800.000
G1 F1800
G1 X87.775 Y112.225 E742.78436
G1 X87.775 Y87.775 E743.28828
G1 X112.225 Y87.775 E743.79220
G1 X112.225 Y112.150 E744.29458
G1 X111.742 Y112.096 F7800.000
G1 X110.748 Y110.179 F7800.000
G1 F4800
G1 X109.491 Y110.516 E744.32555
G1 X105.826 Y110.748 F7800.000
G1 F4800
G1 X110.516 Y93.245 E744.75670
G1 X110.748 Y92.767 F7800.000
G1 F4800
G1 X89.252 Y98.527 E745.28622
G1 X89.337 Y101.229 F7800.000
G1 F4800
G1 X98.771 Y110.663 E745.60367
G1 X110.663 Y110.663 E745.88663
G1 X89.337 Y89.337 E746.60425
G1 X101.229 Y89.337 E746.88721
G1 X110.663 Y98.771 E747.20466
G1 X110.748 Y101.473 F7800.000
G1 F4800
G1 X89.252 Y107.233 E747.73418
G1 X89.484 Y106.755 F7800.000
G1 F4800
G1 X94.174 Y89.252 E748.16533
G1 X90.509 Y89.484 F7800.000
G1 F4800
G1 X89.252 Y89.821 E748.19630
G1 X102.880 Y89.252 F7800.000
G1 F4800
G1 X97.120 Y110.748 E748.72583
G1 Z18.950 F7800.000
G1 X111.029 Y111.029 F7800.000
G1 F3600
G1 X88.971 Y111.029 E749.32086
G1 X88.971 Y88.971 E749.91590
G1 X111.029 Y88.971 E750.51093
G1 X111.029 Y110.954 E751.10395
G1 X111.664 Y111.664 F7800.000
G1 F3600
G1 X88.336 Y111.664 E751.73328
G1 X88.336 Y88.336 E752.36260
G1 X111.664 Y88.336 E752.99193
G1 X111.664 Y111.589 E753.61924
G1 X112.225 Y112.225 F7800.000
G1 F1800
G1 X87.775 Y112.225 E754.12316
G1 X87.775 Y87.775 E754.62708
G1 X112.225 Y87.775 E755.13101
G1 X112.225 Y112.150 E755.63338
G1 X111.742 Y112.096 F7800.000
G1 X110.748 Y110.179 F7800.000
G1 F4800
G1 X109.491 Y110.516 E755.66436
G1 X105.826 Y110.748 F7800.000
G1 F4800
G1 X110.516 Y93.245 E756.09550
G1 X110.748 Y92.767 F7800.000
G1 F4800
G1 X89.252 Y98.527 E756.62503
G1 X89.337 Y101.229 F7800.000
G1 F4800
G1 X98.771 Y110.663 E756.94247
G1 X110.663 Y110.663 E757.22544
G1 X89.337 Y89.337 E757.94305
G1 X101.229 Y89.337 E758.22602
G1 X110.663 Y98.771 E758.54346
G1 X110.748 Y101.473 F7800.000
G1 F4800
G1 X89.252 Y107.233 E759.07299
G1 X89.484 Y106.755 F7800.000
G1 F4800
G1 X94.174 Y89.252 E759.50414
G1 X90.509 Y89.484 F7800.000
G1 F4800
G1 X89.252 Y89.821 E759.53511
G1 X102.880 Y89.252 F7800.000
G1 F4800
G1 X97.120 Y110.748 E760.06464
G1 Z19.250 F7800.000
G1 X111.029 Y111.029 F7800.000
G1 F3600
G1 X88.971 Y111.029 E760.65967
G1 X88.971 Y88.971 E761.25471
G1 X111.029 Y88.971 E761.84974
G1 X111.029 Y110.954 E762.44275
G1 X111.664 Y111.664 F7800.000
G1 F3600
G1 X88.336 Y111.664 E763.07208
G1 X88.336 Y88.336 E763.70141
G1 X111.664 Y88.336 E764.33074
G1 X111.664 Y111.589 E764.95805
G1 X112.225 Y112.225 F7800.000
G1 F1800
G1 X87.775 Y112.225 E765.46197
G1 X87.775 Y87.775 E765.96589
G1 X112.225 Y87.775 E766.46981
G1 X112.225 Y112.150 E766.97219
G1 X111.742 Y112.096 F7800.000
G1 X110.748 Y110.179 F7800.000
G1 F4800
G1 X109.491 Y110.516 E767.00317
G1 X105.826 Y110.748 F7800.000
G1 F4800
G1 X110.516 Y93.245 E767.43431
G1 X110.748 Y92.767 F7800.000
G1 F4800
G1 X89.252 Y98.527 E767.96384
G1 X89.337 Y101.229 F7800.000
G1 F4800
G1 X98.771 Y110.663 E768.28128
G1 X110.663 Y110.663 E768.56425
G1 X89.337 Y89.337 E769.28186
G1 X101.229 Y89.337 E769.56483
G1 X110.663 Y98.771 E769.88227
G1 X110.748 Y101.473 F7800.000
G1 F4800
G1 X89.252 Y107.233 E770.41180
G1 X89.484 Y106.755 F7800.000
G1 F4800
G1 X94.174 Y89.252 E770.84294
G1 X90.509 Y89.484 F7800.000
G1 F4800
G1 X89.252 Y89.821 E770.87392
G1 X102.880 Y89.252 F7800.000
G1 F4800
G1 X97.120 Y110.748 E771.40344
G1 Z19.550 F7800.000
G1 X111.029 Y111.029 F7800.000
G1 F3600
G1 X88.971 Y111.029 E771.99848
G1 X88.971 Y88.971 E772.59351
G1 X111.029 Y88.971 E773.18855
G1 X111.029 Y110.954 E773.78156
G1 X111.664 Y111.664 F7800.000
G1 F3600
G1 X88.336 Y111.664 E774.41089
G1 X88.336 Y88.336 E775.04022
G1 X111.664 Y88.336 E775.66955
G1 X111.664 Y111.589 E776.29685
G1 X112.225 Y112.225 F7800.000
G1 F1800
G1 X87.775 Y112.225 E776.80078
G1 X87.775 Y87.775 E777.30470
G1 X112.225 Y87.775 E777.80862
G1 X112.225 Y112.150 E778.31100
G1 X111.742 Y112.096 F7800.000
G1 X110.748 Y110.179 F7800.000
G1 F4800
G1 X109.491 Y110.516 E778.34197
G1 X105.826 Y110.748 F7800.000
G1 F4800
G1 X110.516 Y93.245 E778.77312
G1 X110.748 Y92.767 F7800.000
G1 F4800
G1 X89.252 Y98.527 E779.30264
G1 X89.337 Y101.229 F7800.000
G1 F4800
G1 X98.771 Y110.663 E779.62009
G1 X110.663 Y110.663 E779.90305
G1 X89.337 Y89.337 E780.62067
G1 X101.229 Y89.337 E780.90363
G1 X110.663 Y98.771 E781.22108
G1 X110.748 Y101.473 F7800.000
G1 F4800
G1 X89.252 Y107.233 E781.75060
G1 X89.484 Y106.755 F7800.000
G1 F4800
G1 X94.174 Y89.252 E782.18175
G1 X90.509 Y89.484 F7800.000
G1 F4800
G1 X89.252 Y89.821 E782.21272
G1 X102.880 Y89.252 F7800.000
G1 F4800
G1 X97.120 Y110.748 E782.74225
G1 Z19.850 F7800.000
G1 X111.029 Y111.029 F7800.000
G1 F3600
G1 X88.971 Y111.029 E783.33728
G1 X88.971 Y88.971 E783.93232
G1 X111.029 Y88.971 E784.52736
G1 X111.029 Y110.954 E785.12037
G1 X111.664 Y111.664 F7800.000
G1 F3600
G1 X88.336 Y111.664 E785.74970
G1 X88.336 Y88.336 E786.37903
G1 X111.664 Y88.336 E787.00835
G1 X111.664 Y111.589 E787.63566
G1 X112.225 Y112.225 F7800.000
G1 F1800
G1 X87.775 Y112.225 E788.13958
G1 X87.775 Y87.775 E788.64351
G1 X112.225 Y87.775 E789.14743
G1 X112.225 Y112.150 E789.64980
G1 X111.742 Y112.096 F7800.000
G1 X110.748 Y110.179 F7800.000
G1 F4800
G1 X109.491 Y110.516 E789.68078
G1 X105.826 Y110.748 F7800.000
G1 F4800
G1 X110.516 Y93.245 E790.11192
G1 X110.748 Y92.767 F7800.000
G1 F4800
G1 X89.252 Y98.527 E790.64145
G1 X89.337 Y101.229 F7800.000
G1 F4800
G1 X98.771 Y110.663 E790.95890
G1 X110.663 Y110.663 E791.24186
G1 X89.337 Y89.337 E791.95948
G1 X101.229 Y89.337 E792.24244
G1 X110.663 Y98.771 E792.55988
G1 X110.748 Y101.473 F7800.000
G1 F4800
G1 X89.252 Y107.233 E793.08941
G1 X89.484 Y106.755 F7800.000
G1 F4800
G1 X94.174 Y89.252 E793.52056
G1 X90.509 Y89.484 F7800.000
G1 F4800
G1 X89.252 Y89.821 E793.55153
G1 X102.880 Y89.252 F7800.000
G1 F4800
G1 X97.120 Y110.748 E794.08106
G1 Z20.150 F7800.000
G1 X111.029 Y111.029 F7800.000
G1 F3600
G1 X88.971 Y111.029 E794.67609
G1 X88.971 Y88.971 E795.27113
G1 X111.029 Y88.971 E795.86616
G1 X111.029 Y110.954 E796.45917
G1 X111.664 Y111.664 F7800.000
G1 F3600
G1 X88.336 Y111.664 E797.08850
G1 X88.336 Y88.336 E797.71783
G1 X111.664 Y88.336 E798.34716
G1 X111.664 Y111.589 E798.97447
G1 X112.225 Y112.225 F7800.000
G1 F1800
G1 X87.775 Y112.225 E799.47839
G1 X87.775 Y87.775 E799.98231
G1 X112.225 Y87.775 E800.48624
G1 X112.225 Y112.150 E800.98861
G1 X111.742 Y112.096 F7800.000
G1 X110.748 Y110.179 F7800.000
G1 F4800
G1 X109.491 Y110.516 E801.01959
G1 X105.826 Y110.748 F7800.000
G1 F4800
G1 X110.516 Y93.245 E801.45073
G1 X110.748 Y92.767 F7800.000
G1 F4800
G1 X89.252 Y98.527 E801.98026
G1 X89.337 Y101.229 F7800.000
G1 F4800
G1 X98.771 Y110.663 E802.29770
G1 X110.663 Y110.663 E802.58067
G1 X89.337 Y89.337 E803.29828
G1 X101.229 Y89.337 E803.58125
G1 X110.663 Y98.771 E803.89869
G1 X110.748 Y101.473 F7800.000
G1 F4800
G1 X89.252 Y107.233 E804.42822
G1 X89.484 Y106.755 F7800.000
G1 F4800
G1 X94.174 Y89.252 E804.85936
G1 X90.509 Y89.484 F7800.000
G1 F4800
G1 X89.252 Y89.821 E804.89034
G1 X102.880 Y89.252 F7800.000
G1 F4800
G1 X97.120 Y110.748 E805.41986
G1 Z20.450 F7800.000
G1 X111.029 Y111.029 F7800.000
G1 F3600
G1 X88.971 Y111.029 E806.01490
G1 X88.971 Y88.971 E806.60993
G1 X111.029 Y88.971 E807.20497
G1 X111.029 Y110.954 E807.79798
G1 X111.664 Y111.664 F7800.000
G1 F3600
G1 X88.336 Y111.664 E808.42731
G1 X88.336 Y88.336 E809.05664
G1 X111.664 Y88.336 E809.68597
G1 X111.664 Y111.589 E810.31327
G1 X112.225 Y112.225 F7800.000
G1 F1800
G1 X87.775 Y112.225 E810.81720
G1 X87.775 Y87.775 E811.32112
G1 X112.225 Y87.775 E811.82504
G1 X112.225 Y112.150 E812.32742
G1 X111.742 Y112.096 F7800.000
G1 X110.748 Y110.179 F7800.000
G1 F4800
G1 X109.491 Y110.516 E812.35839
G1 X105.826 Y110.748 F7800.000
G1 F4800
G1 X110.516 Y93.245 E812.78954
G1 X110.748 Y92.767 F7800.000
G1 F4800
G1 X89.252 Y98.527 E813.31906
G1 X89.337 Y101.229 F7800.000
G1 F4800
G1 X98.771 Y110.663 E813.63651
G1 X110.663 Y110.663 E813.91947
G1 X89.337 Y89.337 E814.63709
G1 X101.229 Y89.337 E814.92005
G1 X110.663 Y98.771 E815.23750
G1 X110.748 Y101.473 F7800.000
G1 F4800
G1 X89.252 Y107.233 E815.76702
G1 X89.484 Y106.755 F7800.000
G1 F4800
G1 X94.174 Y89.252 E816.19817
G1 X90.509 Y89.484 F7800.000
G1 F4800
G1 X89.252 Y89.821 E816.22914
G1 X102.880 Y89.252 F7800.000
G1 F4800
G1 X97.120 Y110.748 E816.75867
G1 Z20.750 F7800.000
G1 X111.029 Y111.029 F7800.000
G1 F3600
G1 X88.971 Y111.029 E817.35371
G1 X88.971 Y88.971 E817.94874
G1 X111.029 Y88.971 E818.54378
G1 X111.029 Y110.954 E819.13679
G1 X111.664 Y111.664 F7800.000
G1 F3600
G1 X88.336 Y111.664 E819.76612
G1 X88.336 Y88.336 E820.39545
G1 X111.664 Y88.336 E821.02478
G1 X111.664 Y111.589 E821.65208
G1 X112.225 Y112.225 F7800.000
G1 F1800
G1 X87.775 Y112.225 E822.15600
G1 X87.775 Y87.775 E822.65993
G1 X112.225 Y87.775 E823.16385
G1 X112.225 Y112.150 E823.66623
G1 X111.742 Y112.096 F7800.000
G1 X110.748 Y110.179 F7800.000
G1 F4800
G1 X109.491 Y110.516 E823.69720
G1 X105.826 Y110.748 F7800.000
G1 F4800
G1 X110.516 Y93.245 E824.12835
G1 X110.748 Y92.767 F7800.000
G1 F4800
G1 X89.252 Y98.527 E824.65787
G1 X89.337 Y101.229 F7800.000
G1 F4800
G1 X98.771 Y110.663 E824.97532
G1 X110.663 Y110.663 E825.25828
G1 X89.337 Y89.337 E825.97590
G1 X101.229 Y89.337 E826.25886
G1 X110.663 Y98.771 E826.57631
G1 X110.748 Y101.473 F7800.000
G1 F4800
G1 X89.252 Y107.233 E827.10583
G1 X89.484 Y106.755 F7800.000
G1 F4800
G1 X94.174 Y89.252 E827.53698
G1 X90.509 Y89.484 F7800.000
G1 F4800
G1 X89.252 Y89.821 E827.56795
G1 X102.880 Y89.252 F7800.000
G1 F4800
G1 X97.120 Y110.748 E828.09748
G1 Z21.050 F7800.000
G1 X111.029 Y111.029 F7800.000
G1 F3600
G1 X88.971 Y111.029 E828.69251
G1 X88.971 Y88.971 E829.28755
G1 X111.029 Y88.971 E829.88258
G1 X111.029 Y110.954 E830.47560
G1 X111.664 Y111.664 F7800.000
G1 F3600
G1 X88.336 Y111.664 E831.10492
G1 X88.336 Y88.336 E831.73425
G1 X111.664 Y88.336 E832.36358
G1 X111.664 Y111.589 E832.99089
G1 X112.225 Y112.225 F7800.000
G1 F1800
G1 X87.775 Y112.225 E833.49481
G1 X87.775 Y87.775 E833.99873
G1 X112.225 Y87.775 E834.50266
G1 X112.225 Y112.150 E835.00503
G1 X111.742 Y112.096 F7800.000
G1 X110.748 Y110.179 F7800.000
G1 F4800
G1 X109.491 Y110.516 E835.03601
G1 X105.826 Y110.748 F7800.000
G1 F4800
G1 X110.516 Y93.245 E835.46715
G1 X110.748 Y92.767 F7800.000
G1 F4800
G1 X89.252 Y98.527 E835.99668
G1 X89.337 Y101.229 F7800.000
G1 F4800
G1 X98.771 Y110.663 E836.31412
G1 X110.663 Y110.663 E836.59709
G1 X89.337 Y89.337 E837.31470
G1 X101.229 Y89.337 E837.59767
G1 X110.663 Y98.771 E837.91511
G1 X110.748 Y101.473 F7800.000
G1 F4800
G1 X89.252 Y107.233 E838.44464
G1 X89.484 Y106.755 F7800.000
G1 F4800
G1 X94.174 Y89.252 E838.87578
G1 X90.509 Y89.484 F7800.000
G1 F4800
G1 X89.252 Y89.821 E838.90676
G1 X102.880 Y89.252 F7800.000
G1 F4800
G1 X97.120 Y110.748 E839.43628
G1 Z21.350 F7800.000
G1 X111.029 Y111.029 F7800.000
G1 F3600
G1 X88.971 Y111.029 E840.03132
G1 X88.971 Y88.971 E840.62635
G1 X111.029 Y88.971 E841.22139
G1 X111.029 Y110.954 E841.81440
G1 X111.664 Y111.664 F7800.000
G1 F3600
G1 X88.336 Y111.664 E842.44373
G1 X88.336 Y88.336 E843.07306
G1 X111.664 Y88.336 E843.70239
G1 X111.664 Y111.589 E844.32969
G1 X112.225 Y112.225 F7800.000
G1 F1800
G1 X87.775 Y112.225 E844.83362
G1 X87.775 Y87.775 E845.33754
G1 X112.225 Y87.775 E845.84146
G1 X112.225 Y112.150 E846.34384
G1 X111.742 Y112.096 F7800.000
G1 X110.748 Y110.179 F7800.000
G1 F4800
G1 X109.491 Y110.516 E846.37481
G1 X105.826 Y110.748 F7800.000
G1 F4800
G1 X110.516 Y93.245 E846.80596
G1 X110.748 Y92.767 F7800.000
G1 F4800
G1 X89.252 Y98.527 E847.33549
G1 X89.337 Y101.229 F7800.000
G1 F4800
G1 X98.771 Y110.663 E847.65293
G1 X110.663 Y110.663 E847.93589
G1 X89.337 Y89.337 E848.65351
G1 X101.229 Y89.337 E848.93647
G1 X110.663 Y98.771 E849.25392
G1 X110.748 Y101.473 F7800.000
G1 F4800
G1 X89.252 Y107.233 E849.78345
G1 X89.484 Y106.755 F7800.000
G1 F4800
G1 X94.174 Y89.252 E850.21459
G1 X90.509 Y89.484 F7800.000
G1 F4800
G1 X89.252 Y89.821 E850.24556
G1 X102.880 Y89.252 F7800.000
G1 F4800
G1 X97.120 Y110.748 E850.77509
G1 Z21.650 F7800.000
G1 X111.029 Y111.029 F7800.000
G1 F3600
G1 X88.971 Y111.029 E851.37013
G1 X88.971 Y88.971 E851.96516
G1 X111.029 Y88.971 E852.56020
G1 X111.029 Y110.954 E853.15321
G1 X111.664 Y111.664 F7800.000
G1 F3600
G1 X88.336 Y111.664 E853.78254
G1 X88.336 Y88.336 E854.41187
G1 X111.664 Y88.336 E855.04120
G1 X111.664 Y111.589 E855.66850
G1 X112.225 Y112.225 F7800.000
G1 F1800
G1 X87.775 Y112.225 E856.17242
G1 X87.775 Y87.775 E856.67635
G1 X112.225 Y87.775 E857.18027
G1 X112.225 Y112.150 E857.68265
G1 X111.742 Y112.096 F7800.000
G1 X110.748 Y110.179 F7800.000
G1 F4800
G1 X109.491 Y110.516 E857.71362
G1 X105.826 Y110.748 F7800.000
G1 F4800
G1 X110.516 Y93.245 E858.14477
G1 X110.748 Y92.767 F7800.000
G1 F4800
G1 X89.252 Y98.527 E858.67429
G1 X89.337 Y101.229 F7800.000
G1 F4800
G1 X98.771 Y110.663 E858.99174
G1 X110.663 Y110.663 E859.27470
G1 X89.337 Y89.337 E859.99232
G1 X101.229 Y89.337 E860.27528
G1 X110.663 Y98.771 E860.59273
G1 X110.748 Y101.473 F7800.000
G1 F4800
G1 X89.252 Y107.233 E861.12225
G1 X89.484 Y106.755 F7800.000
G1 F4800
G1 X94.174 Y89.252 E861.55340
G1 X90.509 Y89.484 F7800.000
G1 F4800
G1 X89.252 Y89.821 E861.58437
G1 X102.880 Y89.252 F7800.000
G1 F4800
G1 X97.120 Y110.748 E862.11390
G1 Z21.950 F7800.000
G1 X111.029 Y111.029 F7800.000
G1 F3600
G1 X88.971 Y111.029 E862.70893
G1 X88.971 Y88.971 E863.30397
G1 X111.029 Y88.971 E863.89900
G1 X111.029 Y110.954 E864.49202
G1 X111.664 Y111.664 F7800.000
G1 F3600
G1 X88.336 Y111.664 E865.12135
G1 X88.336 Y88.336 E865.75067
G1 X111.664 Y88.336 E866.38000
G1 X111.664 Y111.589 E867.00731
G1 X112.225 Y112.225 F7800.000
G1 F1800
G1 X87.775 Y112.225 E867.51123
G1 X87.775 Y87.775 E868.01515
G1 X112.225 Y87.775 E868.51908
G1 X112.225 Y112.150 E869.02145
G1 X111.742 Y112.096 F7800.000
G1 X110.748 Y110.179 F7800.000
G1 F4800
G1 X109.491 Y110.516 E869.05243
G1 X105.826 Y110.748 F7800.000
G1 F4800
G1 X110.516 Y93.245 E869.48357
G1 X110.748 Y92.767 F7800.000
G1 F4800
G1 X89.252 Y98.527 E870.01310
G1 X89.337 Y101.229 F7800.000
G1 F4800
G1 X98.771 Y110.663 E870.33054
G1 X110.663 Y110.663 E870.61351
G1 X89.337 Y89.337 E871.33112
G1 X101.229 Y89.337 E871.61409
G1 X110.663 Y98.771 E871.93153
G1 X110.748 Y101.473 F7800.000
G1 F4800
G1 X89.252 Y107.233 E872.46106
G1 X89.484 Y106.755 F7800.000
G1 F4800
G1 X94.174 Y89.252 E872.89220
G1 X90.509 Y89.484 F7800.000
G1 F4800
G1 X89.252 Y89.821 E872.92318
G1 X102.880 Y89.252 F7800.000
G1 F4800
G1 X97.120 Y110.748 E873.45270
G1 Z22.250 F7800.000
G1 X111.029 Y111.029 F7800.000
G1 F3600
G1 X88.971 Y111.029 E874.04774
G1 X88.971 Y88.971 E874.64278
G1 X111.029 Y88.971 E875.23781
G1 X111.029 Y110.954 E875.83082
G1 X111.664 Y111.664 F7800.000
G1 F3600
G1 X88.336 Y111.664 E876.46015
G1 X88.336 Y88.336 E877.08948
G1 X111.664 Y88.336 E877.71881
G1 X111.664 Y111.589 E878.34612
G1 X112.225 Y112.225 F7800.000
G1 F1800
G1 X87.775 Y112.225 E878.85004
G1 X87.775 Y87.775 E879.35396
G1 X112.225 Y87.775 E879.85788
G1 X112.225 Y112.150 E880.36026
G1 X111.742 Y112.096 F7800.000
G1 X110.748 Y110.179 F7800.000
G1 F4800
G1 X109.491 Y110.516 E880.39123
G1 X105.826 Y110.748 F7800.000
G1 F4800
G1 X110.516 Y93.245 E880.82238
G1 X110.748 Y92.767 F7800.000
G1 F4800
G1 X89.252 Y98.527 E881.35191
G1 X89.337 Y101.229 F7800.000
G1 F4800
G1 X98.771 Y110.663 E881.66935
G1 X110.663 Y110.663 E881.95231
G1 X89.337 Y89.337 E882.66993
G1 X101.229 Y89.337 E882.95290
G1 X110.663 Y98.771 E883.27034
G1 X110.748 Y101.473 F7800.000
G1 F4800
G1 X89.252 Y107.233 E883.79987
G1 X89.484 Y106.755 F7800.000
G1 F4800
G1 X94.174 Y89.252 E884.23101
G1 X90.509 Y89.484 F7800.000
G1 F4800
G1 X89.252 Y89.821 E884.26199
G1 X102.880 Y89.252 F7800.000
G1 F4800
G1 X97.120 Y110.748 E884.79151
G1 Z22.550 F7800.000
G1 X111.029 Y111.029 F7800.000
G1 F3600
G1 X88.971 Y111.029 E885.38655
G1 X88.971 Y88.971 E885.98158
G1 X111.029 Y88.971 E886.57662
G1 X111.029 Y110.954 E887.16963
G1 X111.664 Y111.664 F7800.000
G1 F3600
G1 X88.336 Y111.664 E887.79896
G1 X88.336 Y88.336 E888.42829
G1 X111.664 Y88.336 E889.05762
G1 X111.664 Y111.589 E889.68492
G1 X112.225 Y112.225 F7800.000
G1 F1800
G1 X87.775 Y112.225 E890.18885
G1 X87.775 Y87.775 E890.69277
G1 X112.225 Y87.775 E891.19669
G1 X112.225 Y112.150 E891.69907
G1 X111.742 Y112.096 F7800.000
G1 X110.748 Y110.179 F7800.000
G1 F4800
G1 X109.491 Y110.516 E891.73004
G1 X105.826 Y110.748 F7800.000
G1 F4800
G1 X110.516 Y93.245 E892.16119
G1 X110.748 Y92.767 F7800.000
G1 F4800
G1 X89.252 Y98.527 E892.69071
G1 X89.337 Y101.229 F7800.000
G1 F4800
G1 X98.771 Y110.663 E893.00816
G1 X110.663 Y110.663 E893.29112
G1 X89.337 Y89.337 E894.00874
G1 X101.229 Y89.337 E894.29170
G1 X110.663 Y98.771 E894.60915
G1 X110.748 Y101.473 F7800.000
G1 F4800
G1 X89.252 Y107.233 E895.13867
G1 X89.484 Y106.755 F7800.000
G1 F4800
G1 X94.174 Y89.252 E895.56982
G1 X90.509 Y89.484 F7800.000
G1 F4800
G1 X89.252 Y89.821 E895.60079
G1 X102.880 Y89.252 F7800.000
G1 F4800
G1 X97.120 Y110.748 E896.13032
G1 Z22.850 F7800.000
G1 X111.029 Y111.029 F7800.000
G1 F3600
G1 X88.971 Y111.029 E896.72535
G1 X88.971 Y88.971 E897.32039
G1 X111.029 Y88.971 E897.91542
G1 X111.029 Y110.954 E898.50844
G1 X111.664 Y111.664 F7800.000
G1 F3600
G1 X88.336 Y111.664 E899.13777
G1 X88.336 Y88.336 E899.76709
G1 X111.664 Y88.336 E900.39642
G1 X111.664 Y111.589 E901.02373
G1 X112.225 Y112.225 F7800.000
G1 F1800
G1 X87.775 Y112.225 E901.52765
G1 X87.775 Y87.775 E902.03157
G1 X112.225 Y87.775 E902.53550
G1 X112.225 Y112.150 E903.03787
G1 X111.742 Y112.096 F7800.000
G1 X110.748 Y110.179 F7800.000
G1 F4800
G1 X109.491 Y110.516 E903.06885
G1 X105.826 Y110.748 F7800.000
G1 F4800
G1 X110.516 Y93.245 E903.49999
G1 X110.748 Y92.767 F7800.000
G1 F4800
G1 X89.252 Y98.527 E904.02952
G1 X89.337 Y101.229 F7800.000
G1 F4800
G1 X98.771 Y110.663 E904.34696
G1 X110.663 Y110.663 E904.62993
G1 X89.337 Y89.337 E905.34754
G1 X101.229 Y89.337 E905.63051
G1 X110.663 Y98.771 E905.94795
G1 X110.748 Y101.473 F7800.000
G1 F4800
G1 X89.252 Y107.233 E906.47748
G1 X89.484 Y106.755 F7800.000
G1 F4800
G1 X94.174 Y89.252 E906.90863
G1 X90.509 Y89.484 F7800.000
G1 F4800
G1 X89.252 Y89.821 E906.93960
G1 X102.880 Y89.252 F7800.000
G1 F4800
G1 X97.120 Y110.748 E907.46913
G1 Z23.150 F7800.000
G1 X111.029 Y111.029 F7800.000
G1 F3600
G1 X88.971 Y111.029 E908.06416
G1 X88.971 Y88.971 E908.65920
G1 X111.029 Y88.971 E909.25423
G1 X111.029 Y110.954 E909.84724
G1 X111.664 Y111.664 F7800.000
G1 F3600
G1 X88.336 Y111.664 E910.47657
G1 X88.336 Y88.336 E911.10590
G1 X111.664 Y88.336 E911.73523
G1 X111.664 Y111.589 E912.36254
G1 X112.225 Y112.225 F7800.000
G1 F1800
G1 X87.775 Y112.225 E912.86646
G1 X87.775 Y87.775 E913.37038
G1 X112.225 Y87.775 E913.87430
G1 X112.225 Y112.150 E914.37668
G1 X111.742 Y112.096 F7800.000
G1 X110.748 Y110.179 F7800.000
G1 F4800
G1 X109.491 Y110.516 E914.40766
G1 X105.826 Y110.748 F7800.000
G1 F4800
G1 X110.516 Y93.245 E914.83880
G1 X110.748 Y92.767 F7800.000
G1 F4800
G1 X89.252 Y98.527 E915.36833
G1 X89.337 Y101.229 F7800.000
G1 F4800
G1 X98.771 Y110.663 E915.68577
G1 X110.663 Y110.663 E915.96874
G1 X89.337 Y89.337 E916.68635
G1 X101.229 Y89.337 E916.96932
G1 X110.663 Y98.771 E917.28676
G1 X110.748 Y101.473 F7800.000
G1 F4800
G1 X89.252 Y107.233 E917.81629
G1 X89.484 Y106.755 F7800.000
G1 F4800
G1 X94.174 Y89.252 E918.24743
G1 X90.509 Y89.484 F7800.000
G1 F4800
G1 X89.252 Y89.821 E918.27841
G1 X102.880 Y89.252 F7800.000
G1 F4800
G1 X97.120 Y110.748 E918.80793
G1 Z23.450 F7800.000
G1 X111.029 Y111.029 F7800.000
G1 F3600
G1 X88.971 Y111.029 E919.40297
G1 X88.971 Y88.971 E919.99800
G1 X111.029 Y88.971 E920.59304
G1 X111.029 Y110.954 E921.18605
G1 X111.664 Y111.664 F7800.000
G1 F3600
G1 X88.336 Y111.664 E921.81538
G1 X88.336 Y88.336 E922.44471
G1 X111.664 Y88.336 E923.07404
G1 X111.664 Y111.589 E923.70134
G1 X112.225 Y112.225 F7800.000
G1 F1800
G1 X87.775 Y112.225 E924.20527
G1 X87.775 Y87.775 E924.70919
G1 X112.225 Y87.775 E925.21311
G1 X112.225 Y112.150 E925.71549
G1 X111.742 Y112.096 F7800.000
G1 X110.748 Y110.179 F7800.000
G1 F4800
G1 X109.491 Y110.516 E925.74646
G1 X105.826 Y110.748 F7800.000
G1 F4800
G1 X110.516 Y93.245 E926.17761
G1 X110.748 Y92.767 F7800.000
G1 F4800
G1 X89.252 Y98.527 E926.70713
G1 X89.337 Y101.229 F7800.000
G1 F4800
G1 X98.771 Y110.663 E927.02458
G1 X110.663 Y110.663 E927.30754
G1 X89.337 Y89.337 E928.02516
G1 X101.229 Y89.337 E928.30812
G1 X110.663 Y98.771 E928.62557
G1 X110.748 Y101.473 F7800.000
G1 F4800
G1 X89.252 Y107.233 E929.15509
G1 X89.484 Y106.755 F7800.000
G1 F4800
G1 X94.174 Y89.252 E929.58624
G1 X90.509 Y89.484 F7800.000
G1 F4800
G1 X89.252 Y89.821 E929.61721
G1 X102.880 Y89.252 F7800.000
G1 F4800
G1 X97.120 Y110.748 E930.14674
G1 Z23.750 F7800.000
G1 X111.029 Y111.029 F7800.000
G1 F3600
G1 X88.971 Y111.029 E930.74177
G1 X88.971 Y88.971 E931.33681
G1 X111.029 Y88.971 E931.93185
G1 X111.029 Y110.954 E932.52486
G1 X111.664 Y111.664 F7800.000
G1 F3600
G1 X88.336 Y111.664 E933.15419
G1 X88.336 Y88.336 E933.78352
G1 X111.664 Y88.336 E934.41284
G1 X111.664 Y111.589 E935.04015
G1 X112.225 Y112.225 F7800.000
G1 F1800
G1 X87.775 Y112.225 E935.54407
G1 X87.775 Y87.775 E936.04800
G1 X112.225 Y87.775 E936.55192
G1 X112.225 Y112.150 E937.05429
G1 X111.742 Y112.096 F7800.000
G1 X110.748 Y110.179 F7800.000
G1 F4800
G1 X109.491 Y110.516 E937.08527
G1 X105.826 Y110.748 F7800.000
G1 F4800
G1 X110.516 Y93.245 E937.51641
G1 X110.748 Y92.767 F7800.000
G1 F4800
G1 X89.252 Y98.527 E938.04594
G1 X89.337 Y101.229 F7800.000
G1 F4800
G1 X98.771 Y110.663 E938.36339
G1 X110.663 Y110.663 E938.64635
G1 X89.337 Y89.337 E939.36397
G1 X101.229 Y89.337 E939.64693
G1 X110.663 Y98.771 E939.96437
G1 X110.748 Y101.473 F7800.000
G1 F4800
G1 X89.252 Y107.233 E940.49390
G1 X89.484 Y106.755 F7800.000
G1 F4800
G1 X94.174 Y89.252 E940.92505
G1 X90.509 Y89.484 F7800.000
G1 F4800
G1 X89.252 Y89.821 E940.95602
G1 X102.880 Y89.252 F7800.000
G1 F4800
G1 X97.120 Y110.748 E941.48555
G1 Z24.050 F7800.000
G1 X111.029 Y111.029 F7800.000
G1 F3600
G1 X88.971 Y111.029 E942.08058
G1 X88.971 Y88.971 E942.67562
G1 X111.029 Y88.971 E943.27065
G1 X111.029 Y110.954 E943.86366
G1 X111.664 Y111.664 F7800.000
G1 F3600
G1 X88.336 Y111.664 E944.49299
G1 X88.336 Y88.336 E945.12232
G1 X111.664 Y88.336 E945.75165
G1 X111.664 Y111.589 E946.37896
G1 X112.225 Y112.225 F7800.000
G1 F1800
G1 X87.775 Y112.225 E946.88288
G1 X87.775 Y87.775 E947.38680
G1 X112.225 Y87.775 E947.89073
G1 X112.225 Y112.150 E948.39310
G1 X111.742 Y112.096 F7800.000
G1 X110.748 Y110.179 F7800.000
G1 F4800
G1 X109.491 Y110.516 E948.42408
G1 X105.826 Y110.748 F7800.000
G1 F4800
G1 X110.516 Y93.245 E948.85522
G1 X110.748 Y92.767 F7800.000
G1 F4800
G1 X89.252 Y98.527 E949.38475
G1 X89.337 Y101.229 F7800.000
G1 F4800
G1 X98.771 Y110.663 E949.70219
G1 X110.663 Y110.663 E949.98516
G1 X89.337 Y89.337 E950.70277
G1 X101.229 Y89.337 E950.98574
G1 X110.663 Y98.771 E951.30318
G1 X110.748 Y101.473 F7800.000
G1 F4800
G1 X89.252 Y107.233 E951.83271
G1 X89.484 Y106.755 F7800.000
G1 F4800
G1 X94.174 Y89.252 E952.26385
G1 X90.509 Y89.484 F7800.000
G1 F4800
G1 X89.252 Y89.821 E952.29483
G1 X102.880 Y89.252 F7800.000
G1 F4800
G1 X97.120 Y110.748 E952.82435
M106 S206.55
G1 Z24.350 F7800.000
G1 X111.029 Y111.029 F7800.000
G1 F3600
G1 X88.971 Y111.029 E953.41939
G1 X88.971 Y88.971 E954.01442
G1 X111.029 Y88.971 E954.60946
G1 X111.029 Y110.954 E955.20247
G1 X111.664 Y111.664 F7800.000
G1 F3600
G1 X88.336 Y111.664 E955.83180
G1 X88.336 Y88.336 E956.46113
G1 X111.664 Y88.336 E957.09046
G1 X111.664 Y111.589 E957.71776
G1 X112.225 Y112.225 F7800.000
G1 F1800
G1 X87.775 Y112.225 E958.22169
G1 X87.775 Y87.775 E958.72561
G1 X112.225 Y87.775 E959.22953
G1 X112.225 Y112.150 E959.73191
G1 X111.742 Y112.096 F7800.000
G1 X110.205 Y110.667 F7800.000
M106 S255

G1 F3600
G1 X110.667 Y110.205 E959.75053
G1 X110.667 Y109.418 E959.77302
G1 X109.418 Y110.667 E959.82345
G1 X108.630 Y110.667 E959.84594
G1 X110.667 Y108.630 E959.92817
G1 X110.667 Y107.842 E959.95066
G1 X107.842 Y110.667 E960.06469
G1 X107.055 Y110.667 E960.08718
G1 X110.667 Y107.055 E960.23302
G1 X110.667 Y106.267 E960.25551
G1 X106.267 Y110.667 E960.43315
G1 X105.480 Y110.667 E960.45564
G1 X110.667 Y105.480 E960.66509
G1 X110.667 Y104.692 E960.68758
G1 X104.692 Y110.667 E960.92883
G1 X103.904 Y110.667 E960.95132
G1 X110.667 Y103.904 E961.22437
G1 X110.667 Y103.117 E961.24686
G1 X103.117 Y110.667 E961.55172
G1 X102.329 Y110.667 E961.57420
G1 X110.667 Y102.329 E961.91086
G1 X110.667 Y101.542 E961.93335
G1 X101.542 Y110.667 E962.30182
G1 X100.754 Y110.667 E962.32431
G1 X110.667 Y100.754 E962.72457
G1 X110.667 Y99.966 E962.74706
G1 X99.966 Y110.667 E963.17913
G1 X99.179 Y110.667 E963.20162
G1 X110.667 Y99.179 E963.66550
G1 X110.667 Y98.391 E963.68799
G1 X98.391 Y110.667 E964.18367
G1 X97.603 Y110.667 E964.20615
G1 X110.667 Y97.603 E964.73364
G1 X110.667 Y96.816 E964.75613
G1 X96.816 Y110.667 E965.31541
G1 X96.028 Y110.667 E965.33790
G1 X110.667 Y96.028 E965.92899
G1 X110.667 Y95.241 E965.95148
G1 X95.241 Y110.667 E966.57437
G1 X94.453 Y110.667 E966.59686
G1 X110.667 Y94.453 E967.25156
G1 X110.667 Y93.665 E967.27405
G1 X93.665 Y110.667 E967.96055
G1 X92.878 Y110.667 E967.98304
G1 X110.667 Y92.878 E968.70134
G1 X110.667 Y92.090 E968.72383
G1 X92.090 Y110.667 E969.47394
G1 X91.303 Y110.667 E969.49643
G1 X110.667 Y91.303 E970.27834
G1 X110.667 Y90.515 E970.30083
G1 X90.515 Y110.667 E971.11454
G1 X89.727 Y110.667 E971.13703
G1 X110.667 Y89.727 E971.98255
G1 X110.667 Y89.333 E971.99379
G1 X110.273 Y89.333 E972.00504
G1 X89.333 Y110.273 E972.85056
G1 X89.333 Y109.485 E972.87305
G1 X109.485 Y89.333 E973.68676
G1 X108.697 Y89.333 E973.70925
G1 X89.333 Y108.697 E974.49116
G1 X89.333 Y107.910 E974.51365
G1 X107.910 Y89.333 E975.26376
G1 X107.122 Y89.333 E975.28625
G1 X89.333 Y107.122 E976.00456
G1 X89.333 Y106.335 E976.02705
G1 X106.335 Y89.333 E976.71355
G1 X105.547 Y89.333 E976.73604
G1 X89.333 Y105.547 E977.39074
G1 X89.333 Y104.759 E977.41322
G1 X104.759 Y89.333 E978.03612
G1 X103.972 Y89.333 E978.05861
G1 X89.333 Y103.972 E978.64970
G1 X89.333 Y103.184 E978.67219
G1 X103.184 Y89.333 E979.23148
G1 X102.397 Y89.333 E979.25396
G1 X89.333 Y102.397 E979.78145
G1 X89.333 Y101.609 E979.80394
G1 X101.609 Y89.333 E980.29962
G1 X100.821 Y89.333 E980.32211
G1 X89.333 Y100.821 E980.78598
G1 X89.333 Y100.034 E980.80847
G1 X100.034 Y89.333 E981.24055
G1 X99.246 Y89.333 E981.26303
G1 X89.333 Y99.246 E981.66330
G1 X89.333 Y98.459 E981.68579
G1 X98.459 Y89.333 E982.05426
G1 X97.671 Y89.333 E982.07675
G1 X89.333 Y97.671 E982.41341
G1 X89.333 Y96.883 E982.43590
G1 X96.883 Y89.333 E982.74076
G1 X96.096 Y89.333 E982.76325
G1 X89.333 Y96.096 E983.03630
G1 X89.333 Y95.308 E983.05879
G1 X95.308 Y89.333 E983.30004
G1 X94.520 Y89.333 E983.32253
G1 X89.333 Y94.520 E983.53198
G1 X89.333 Y93.733 E983.55447
G1 X93.733 Y89.333 E983.73211
G1 X92.945 Y89.333 E983.75460
G1 X89.333 Y92.945 E983.90044
G1 X89.333 Y92.158 E983.92293
G1 X92.158 Y89.333 E984.03697
G1 X91.370 Y89.333 E984.05945
G1 X89.333 Y91.370 E984.14169
G1 X89.333 Y90.582 E984.16418
G1 X90.582 Y89.333 E984.21461
G1 X89.795 Y89.333 E984.23710
G1 X89.334 Y89.795 E984.25571
M106 S206.55

M106 S137.7
G1 Z24.650 F7800.000
G1 X111.029 Y111.029 F7800.000
G1 F3600
G1 X88.971 Y111.029 E984.85075
G1 X88.971 Y88.971 E985.44579
G1 X111.029 Y88.971 E986.04082
G1 X111.029 Y110.954 E986.63383
G1 X111.664 Y111.664 F7800.000
G1 F3600
G1 X88.336 Y111.664 E987.26316
G1 X88.336 Y88.336 E987.89249
G1 X111.664 Y88.336 E988.52182
G1 X111.664 Y111.589 E989.14913
G1 X112.225 Y112.225 F7800.000
G1 F1800
G1 X87.775 Y112.225 E989.65305
G1 X87.775 Y87.775 E990.15697
G1 X112.225 Y87.775 E990.66089
G1 X112.225 Y112.150 E991.16327
G1 X111.742 Y112.096 F7800.000
G1 X110.640 Y89.854 F7800.000
G1 F1200
G1 X110.146 Y89.360 E991.18224
G1 X109.242 Y89.360 E991.20675
G1 X110.640 Y90.758 E991.26038
G1 X110.640 Y91.662 E991.28489
G1 X108.338 Y89.360 E991.37319
G1 X107.435 Y89.360 E991.39770
G1 X110.640 Y92.565 E991.52066
G1 X110.640 Y93.469 E991.54518
G1 X106.531 Y89.360 E991.70280
G1 X105.627 Y89.360 E991.72731
G1 X110.640 Y94.373 E991.91960
G1 X110.640 Y95.277 E991.94411
G1 X104.723 Y89.360 E992.17107
G1 X103.820 Y89.360 E992.19558
G1 X110.640 Y96.180 E992.45720
G1 X110.640 Y97.084 E992.48171
G1 X102.916 Y89.360 E992.77799
G1 X102.012 Y89.360 E992.80250
G1 X110.640 Y97.988 E993.13345
G1 X110.640 Y98.892 E993.15796
G1 X101.108 Y89.360 E993.52357
G1 X100.205 Y89.360 E993.54808
G1 X110.640 Y99.795 E993.94836
G1 X110.640 Y100.699 E993.97287
G1 X99.301 Y89.360 E994.40781
G1 X98.397 Y89.360 E994.43232
G1 X110.640 Y101.603 E994.90192
G1 X110.640 Y102.507 E994.92643
G1 X97.493 Y89.360 E995.43070
G1 X96.590 Y89.360 E995.45521
G1 X110.640 Y103.410 E995.99415
G1 X110.640 Y104.314 E996.01866
G1 X95.686 Y89.360 E996.59225
G1 X94.782 Y89.360 E996.61677
G1 X110.640 Y105.218 E997.22503
G1 X110.640 Y106.122 E997.24954
G1 X93.878 Y89.360 E997.89246
G1 X92.975 Y89.360 E997.91697
G1 X110.640 Y107.025 E998.59456
G1 X110.640 Y107.929 E998.61907
G1 X92.071 Y89.360 E999.33133
G1 X91.167 Y89.360 E999.35584
G1 X110.640 Y108.833 E1000.10276
G1 X110.640 Y109.737 E1000.12727
G1 X90.263 Y89.360 E1000.90885
G1 X89.360 Y89.360 E1000.93336
G1 X110.640 Y110.640 E1001.74961
G1 X109.737 Y110.640 E1001.77412
G1 X89.360 Y90.263 E1002.55570
G1 X89.360 Y91.167 E1002.58021
G1 X108.833 Y110.640 E1003.32713
G1 X107.929 Y110.640 E1003.35164
G1 X89.360 Y92.071 E1004.06390
G1 X89.360 Y92.975 E1004.08841
G1 X107.025 Y110.640 E1004.76600
G1 X106.122 Y110.640 E1004.79051
G1 X89.360 Y93.878 E1005.43344
G1 X89.360 Y94.782 E1005.45795
G1 X105.218 Y110.640 E1006.06622
G1 X104.314 Y110.640 E1006.09073
G1 X89.360 Y95.686 E1006.66432
G1 X89.360 Y96.590 E1006.68884
G1 X103.410 Y110.640 E1007.22777
G1 X102.507 Y110.640 E1007.25228
G1 X89.360 Y97.493 E1007.75655
G1 X89.360 Y98.397 E1007.78106
G1 X101.603 Y110.640 E1008.25067
G1 X100.699 Y110.640 E1008.27518
G1 X89.360 Y99.301 E1008.71012
G1 X89.360 Y100.205 E1008.73463
G1 X99.795 Y110.640 E1009.13491
G1 X98.892 Y110.640 E1009.15942
G1 X89.360 Y101.108 E1009.52503
G1 X89.360 Y102.012 E1009.54955
G1 X97.988 Y110.640 E1009.88049
G1 X97.084 Y110.640 E1009.90501
G1 X89.360 Y102.916 E1010.20129
G1 X89.360 Y103.820 E1010.22580
G1 X96.180 Y110.640 E1010.48742
G1 X95.277 Y110.640 E1010.51193
G1 X89.360 Y104.723 E1010.73889
G1 X89.360 Y105.627 E1010.76340
G1 X94.373 Y110.640 E1010.95569
G1 X93.469 Y110.640 E1010.98020
G1 X89.360 Y106.531 E1011.13783
G1 X89.360 Y107.435 E1011.16234
G1 X92.565 Y110.640 E1011.28531
G1 X91.662 Y110.640 E1011.30982
G1 X89.360 Y108.338 E1011.39812
G1 X89.360 Y109.242 E1011.42263
G1 X90.758 Y110.640 E1011.47626
G1 X89.854 Y110.640 E1011.50077
G1 X89.360 Y110.146 E1011.51974
M106 S99.45
G1 Z24.950 F7800.000
G1 E1009.51974 F2400.00000
G92 E0
G1 X111.029 Y111.029 F7800.000
G1 E2.00000 F2400.00000
G1 F3600
G1 X88.971 Y111.029 E2.59504
G1 X88.971 Y88.971 E3.19007
G1 X111.029 Y88.971 E3.78511
G1 X111.029 Y110.954 E4.37812
G1 X111.664 Y111.664 F7800.000
G1 F3600
G1 X88.336 Y111.664 E5.00745
G1 X88.336 Y88.336 E5.63678
G1 X111.664 Y88.336 E6.26611
G1 X111.664 Y111.589 E6.89341
G1 X112.225 Y112.225 F7800.000
G1 F1800
G1 X87.775 Y112.225 E7.39733
G1 X87.775 Y87.775 E7.90126
G1 X112.225 Y87.775 E8.40518
G1 X112.225 Y112.150 E8.90756
G1 X111.742 Y112.096 F7800.000
G1 E6.90756 F2400.00000
G92 E0
G1 X110.146 Y110.640 F7800.000
G1 E2.00000 F2400.00000
G1 F900
G1 X110.640 Y110.146 E2.01897
G1 X110.640 Y109.242 E2.04348
G1 X109.242 Y110.640 E2.09711
G1 X108.338 Y110.640 E2.12162
G1 X110.640 Y108.338 E2.20992
G1 X110.640 Y107.435 E2.23443
G1 X107.435 Y110.640 E2.35739
G1 X106.531 Y110.640 E2.38190
G1 X110.640 Y106.531 E2.53953
G1 X110.640 Y105.627 E2.56404
G1 X105.627 Y110.640 E2.75633
G1 X104.723 Y110.640 E2.78084
G1 X110.640 Y104.723 E3.00780
G1 X110.640 Y103.820 E3.03231
G1 X103.820 Y110.640 E3.29393
G1 X102.916 Y110.640 E3.31844
G1 X110.640 Y102.916 E3.61472
G1 X110.640 Y102.012 E3.63923
G1 X102.012 Y110.640 E3.97018
G1 X101.108 Y110.640 E3.99469
G1 X110.640 Y101.108 E4.36030
G1 X110.640 Y100.205 E4.38481
G1 X100.205 Y110.640 E4.78509
G1 X99.301 Y110.640 E4.80960
G1 X110.640 Y99.301 E5.24454
G1 X110.640 Y98.397 E5.26905
G1 X98.397 Y110.640 E5.73865
G1 X97.493 Y110.640 E5.76316
G1 X110.640 Y97.493 E6.26743
G1 X110.640 Y96.590 E6.29194
G1 X96.590 Y110.640 E6.83088
G1 X95.686 Y110.640 E6.85539
G1 X110.640 Y95.686 E7.42898
G1 X110.640 Y94.782 E7.45349
G1 X94.782 Y110.640 E8.06175
G1 X93.878 Y110.640 E8.08627
G1 X110.640 Y93.878 E8.72919
G1 X110.640 Y92.975 E8.75370
G1 X92.975 Y110.640 E9.43129
G1 X92.071 Y110.640 E9.45580
G1 X110.640 Y92.071 E10.16806
G1 X110.640 Y91.167 E10.19257
G1 X91.167 Y110.640 E10.93949
G1 X90.263 Y110.640 E10.96400
G1 X110.640 Y90.263 E11.74558
G1 X110.640 Y89.360 E11.77009
G1 X89.360 Y110.640 E12.58634
G1 X89.360 Y109.737 E12.61085
G1 X109.737 Y89.360 E13.39243
G1 X108.833 Y89.360 E13.41694
G1 X89.360 Y108.833 E14.16386
G1 X89.360 Y107.929 E14.18837
G1 X107.929 Y89.360 E14.90063
G1 X107.025 Y89.360 E14.92514
G1 X89.360 Y107.025 E15.60273
G1 X89.360 Y106.122 E15.62724
G1 X106.122 Y89.360 E16.27017
G1 X105.218 Y89.360 E16.29468
G1 X89.360 Y105.218 E16.90294
G1 X89.360 Y104.314 E16.92745
G1 X104.314 Y89.360 E17.50105
G1 X103.410 Y89.360 E17.52556
G1 X89.360 Y103.410 E18.06450
G1 X89.360 Y102.507 E18.08901
G1 X102.507 Y89.360 E18.59328
G1 X101.603 Y89.360 E18.61779
G1 X89.360 Y101.603 E19.08740
G1 X89.360 Y100.699 E19.11191
G1 X100.699 Y89.360 E19.54685
G1 X99.795 Y89.360 E19.57136
G1 X89.360 Y99.795 E19.97164
G1 X89.360 Y98.892 E19.99615
G1 X98.892 Y89.360 E20.36176
G1 X97.988 Y89.360 E20.38627
G1 X89.360 Y97.988 E20.71722
G1 X89.360 Y97.084 E20.74173
G1 X97.084 Y89.360 E21.03802
G1 X96.180 Y89.360 E21.06253
G1 X89.360 Y96.180 E21.32415
G1 X89.360 Y95.277 E21.34866
G1 X95.277 Y89.360 E21.57562
G1 X94.373 Y89.360 E21.60013
G1 X89.360 Y94.373 E21.79242
G1 X89.360 Y93.469 E21.81693
G1 X93.469 Y89.360 E21.97456
G1 X92.565 Y89.360 E21.99907
G1 X89.360 Y92.565 E22.12203
G1 X89.360 Y91.662 E22.14654
G1 X91.662 Y89.360 E22.23484
G1 X90.758 Y89.360 E22.25935
G1 X89.360 Y90.758 E22.31299
G1 X89.360 Y89.854 E22.33750
G1 X89.854 Y89.360 E22.35647
G1 E20.35647 F2400.00000
G92 E0
M107
; Filament-specific end gcode 
;END gcode for filament

M104 S0 ; turn off temperature
G28 X0  ; home X axis
M84     ; disable motors

M140 S0 ; set bed temperature
; filament used = 1049.7mm (7.4cm3)
; total filament cost = 0.0

; avoid_crossing_perimeters = 0
; bed_shape = 0x0,200x0,200x200,0x200
; bed_temperature = 0
; before_layer_gcode = 
; between_objects_gcode = 
; bridge_acceleration = 0
; bridge_fan_speed = 100
; brim_connections_width = 0
; brim_width = 0
; complete_objects = 0
; cooling = 1
; default_acceleration = 0
; disable_fan_first_layers = 3
; duplicate_distance = 6
; end_filament_gcode = "; Filament-specific end gcode \n;END gcode for filament\n"
; end_gcode = M104 S0 ; turn off temperature\nG28 X0  ; home X axis\nM84     ; disable motors\n
; extruder_clearance_height = 20
; extruder_clearance_radius = 20
; extruder_offset = 0x0
; extrusion_axis = E
; extrusion_multiplier = 1
; fan_always_on = 0
; fan_below_layer_time = 60
; filament_colour = #FFFFFF
; filament_cost = 0
; filament_density = 0
; filament_diameter = 3
; filament_max_volumetric_speed = 0
; filament_notes = ""
; first_layer_acceleration = 0
; first_layer_bed_temperature = 0
; first_layer_extrusion_width = 200%
; first_layer_speed = 30
; first_layer_temperature = 200
; gcode_arcs = 0
; gcode_comments = 0
; gcode_flavor = reprap
; has_heatbed = 1
; infill_acceleration = 0
; infill_first = 0
; interior_brim_width = 0
; layer_gcode = 
; max_fan_speed = 100
; max_layer_height = 0.3
; max_print_speed = 80
; max_volumetric_speed = 0
; min_fan_speed = 35
; min_layer_height = 0.15
; min_print_speed = 10
; min_skirt_length = 0
; notes = 
; nozzle_diameter = 0.5
; only_retract_when_crossing_perimeters = 1
; ooze_prevention = 0
; output_filename_format = [input_filename_base].gcode
; perimeter_acceleration = 0
; post_process = 
; pressure_advance = 0
; printer_notes = 
; resolution = 0
; retract_before_travel = 2
; retract_layer_change = 0
; retract_length = 2
; retract_length_toolchange = 10
; retract_lift = 0
; retract_lift_above = 0
; retract_lift_below = 0
; retract_restart_extra = 0
; retract_restart_extra_toolchange = 0
; retract_speed = 40
; skirt_distance = 6
; skirt_height = 1
; skirts = 1
; slowdown_below_layer_time = 5
; spiral_vase = 0
; standby_temperature_delta = -5
; start_filament_gcode = "; Filament gcode\n"
; start_gcode = G28 ; home all axes\nG1 Z5 F5000 ; lift nozzle\n
; temperature = 200
; threads = 20
; toolchange_gcode = 
; travel_speed = 130
; use_firmware_retraction = 0
; use_relative_e_distances = 0
; use_set_and_wait_bed = 0
; use_set_and_wait_extruder = 0
; use_volumetric_e = 0
; vibration_limit = 0
; wipe = 0
; z_offset = 0
; z_steps_per_mm = 0
; adaptive_slicing = 0
; adaptive_slicing_quality = 75%
; dont_support_bridges = 1
; extrusion_width = 0
; first_layer_height = 0.35
; infill_only_where_needed = 0
; interface_shells = 0
; layer_height = 0.3
; match_horizontal_surfaces = 0
; raft_layers = 0
; regions_overlap = 0
; seam_position = aligned
; sequential_print_priority = 0
; support_material = 0
; support_material_angle = 0
; support_material_buildplate_only = 0
; support_material_contact_distance = 0.2
; support_material_enforce_layers = 0
; support_material_extruder = 1
; support_material_extrusion_width = 0
; support_material_interface_extruder = 1
; support_material_interface_extrusion_width = 0
; support_material_interface_layers = 3
; support_material_interface_spacing = 0
; support_material_interface_speed = 100%
; support_material_max_layers = 0
; support_material_pattern = pillars
; support_material_spacing = 2.5
; support_material_speed = 60
; support_material_threshold = 60%
; xy_size_compensation = 0
; bottom_infill_pattern = rectilinear
; bottom_solid_layers = 3
; bridge_flow_ratio = 1
; bridge_speed = 60
; external_perimeter_extrusion_width = 0
; external_perimeter_speed = 50%
; external_perimeters_first = 0
; extra_perimeters = 1
; fill_angle = 45
; fill_density = 20%
; fill_gaps = 1
; fill_pattern = stars
; gap_fill_speed = 20
; infill_every_layers = 1
; infill_extruder = 1
; infill_extrusion_width = 0
; infill_overlap = 55%
; infill_speed = 80
; overhangs = 1
; perimeter_extruder = 1
; perimeter_extrusion_width = 0
; perimeter_speed = 60
; perimeters = 3
; small_perimeter_speed = 15
; solid_infill_below_area = 70
; solid_infill_every_layers = 0
; solid_infill_extruder = 1
; solid_infill_extrusion_width = 0
; solid_infill_speed = 20
; thin_walls = 1
; top_infill_extrusion_width = 0
; top_infill_pattern = rectilinear
; top_solid_infill_speed = 15
; top_solid_layers = 3
