;FLAVOR:Marlin
;TIME:1571
;Filament used: 0.844368m
;Layer height: 0.2
;MINX:110.622
;MINY:94.498
;MINZ:0.2
;MAXX:124.379
;MAXY:135.501
;MAXZ:68
;TARGET_MACHINE.NAME:ELEGOO NEPTUNE 4
;Generated with Cura_SteamEngine 5.13.0
;ELEGOO NEPTUNE 4 / 4 PRO
M220 S100 ;Set the feed speed to 100%
M221 S100 ;Set the flow rate to 100%
M104 S140 ;Start heating extruder
M190 S60 ;Wait for the bed to reach print temp
G90
G28 ;home
G1 Z10 F300
G1 X67.5 Y0 F6000
G1 Z0 F300
M109 S210 ;Wait for extruder to reach print temp
G92 E0 ;Reset Extruder
G1 X67.5 Y0 Z0.4 F300 ;Move to start position
G1 X167.5 E30 F400 ;Draw the first line
G1 Z0.6 F120.0 ;Move to side a little
G1 X162.5 F3000
G92 E0 ;Reset Extruder
M82 ;absolute extrusion mode
G92 E0
G92 E0
G1 F2700 E-0.5
;LAYER_COUNT:340
;LAYER:0
M106 S186
M204 S500
G0 F7200 X112.339 Y110.136 Z0.2
;TYPE:SKIRT
G1 F2700 E0
G1 F3600 X113.734 Y109.273 E0.07161
G1 X113.897 Y109.206 E0.0793
G1 X115.296 Y108.897 E0.14185
G1 X119.609 Y108.897 E0.33012
G1 X121.025 Y109.18 E0.39316
G1 X122.194 Y109.825 E0.45145
G1 X123.142 Y110.617 E0.50537
G1 X123.955 Y111.931 E0.57282
G1 X124.077 Y112.206 E0.58596
G1 X124.379 Y113.583 E0.6475
G1 X124.353 Y116.378 E0.76952
G1 X124.224 Y117.3 E0.81016
G1 X123.734 Y118.518 E0.86747
G1 X123.304 Y119.111 E0.89944
G1 X122.419 Y120.04 E0.95546
G1 X122.076 Y120.292 E0.97404
G1 X121.146 Y120.743 E1.01916
G1 X119.888 Y121.103 E1.07628
G1 X115.391 Y121.103 E1.27259
G1 X113.976 Y120.82 E1.33558
G1 X112.806 Y120.174 E1.39392
G1 X111.861 Y119.386 E1.44764
G1 X110.998 Y117.991 E1.51925
G1 X110.931 Y117.828 E1.52694
G1 X110.622 Y116.429 E1.58948
G1 X110.622 Y113.666 E1.7101
G1 X110.905 Y112.251 E1.77309
G1 X111.551 Y111.081 E1.83144
G1 X112.339 Y110.136 E1.88515
G0 F7200 X112.688 Y110.537
G1 F3600 X114.01 Y109.719 E1.95301
G1 X115.355 Y109.422 E2.01314
G1 X119.556 Y109.422 E2.19653
G1 X120.842 Y109.679 E2.25378
G1 X121.897 Y110.261 E2.30638
G1 X122.742 Y110.967 E2.35445
G1 X123.509 Y112.207 E2.4181
G1 X123.575 Y112.37 E2.42577
G1 X123.853 Y113.638 E2.48244
G1 X123.833 Y116.305 E2.59887
G1 X123.713 Y117.164 E2.63673
G1 X123.272 Y118.26 E2.68831
G1 X122.922 Y118.751 E2.71463
G1 X122.096 Y119.626 E2.76716
G1 X121.847 Y119.82 E2.78094
G1 X120.962 Y120.249 E2.82387
G1 X119.813 Y120.578 E2.87604
G1 X115.444 Y120.578 E3.06677
G1 X114.157 Y120.321 E3.12406
G1 X113.104 Y119.739 E3.17658
G1 X112.262 Y119.037 E3.22444
G1 X111.444 Y117.715 E3.2923
G1 X111.147 Y116.37 E3.35243
G1 X111.147 Y113.719 E3.46816
G1 X111.404 Y112.432 E3.52545
G1 X111.986 Y111.379 E3.57797
G1 X112.688 Y110.537 E3.62583
G0 F7200 X113.035 Y110.94
M104 S200
G1 F3600 X114.211 Y110.213 E3.68618
G1 X115.414 Y109.947 E3.73997
G1 X119.503 Y109.947 E3.91847
G1 X120.659 Y110.178 E3.96993
G1 X121.602 Y110.699 E4.01696
G1 X122.339 Y111.314 E4.05886
G1 X123.062 Y112.483 E4.11886
G1 X123.328 Y113.694 E4.17299
G1 X123.313 Y116.232 E4.28379
G1 X123.202 Y117.028 E4.31887
G1 X122.809 Y118.004 E4.3648
G1 X122.494 Y118.446 E4.38849
G1 X121.716 Y119.264 E4.43777
G1 X121.566 Y119.373 E4.44587
G1 X120.777 Y119.756 E4.48416
G1 X119.739 Y120.053 E4.53129
G1 X115.497 Y120.053 E4.71647
G1 X114.341 Y119.822 E4.76793
G1 X113.398 Y119.301 E4.81496
G1 X112.665 Y118.69 E4.85662
G1 X111.938 Y117.514 E4.91697
G1 X111.672 Y116.311 E4.97076
G1 X111.672 Y113.772 E5.08159
G1 X111.903 Y112.616 E5.13305
G1 X112.424 Y111.673 E5.18008
G1 X113.035 Y110.94 E5.22174
G0 F7200 X113.384 Y111.341
G1 F3600 X114.409 Y110.707 E5.27435
G1 X115.473 Y110.472 E5.32192
G1 X119.45 Y110.472 E5.49553
G1 X120.475 Y110.677 E5.54117
G1 X121.308 Y111.137 E5.58271
G1 X121.936 Y111.661 E5.61841
G1 X122.568 Y112.683 E5.67087
G1 X122.803 Y113.751 E5.7186
G1 X122.793 Y116.16 E5.82377
G1 X122.691 Y116.892 E5.85603
G1 X122.346 Y117.748 E5.89632
G1 X122.066 Y118.141 E5.91738
G1 X121.337 Y118.901 E5.96336
G1 X120.593 Y119.262 E5.99946
G1 X119.664 Y119.528 E6.04164
G1 X115.55 Y119.528 E6.22123
G1 X114.525 Y119.323 E6.26686
G1 X113.692 Y118.863 E6.3084
G1 X113.066 Y118.341 E6.34398
G1 X112.432 Y117.316 E6.3966
G1 X112.197 Y116.252 E6.44416
G1 X112.197 Y113.825 E6.55011
G1 X112.402 Y112.8 E6.59574
G1 X112.862 Y111.967 E6.63728
G1 X113.384 Y111.341 E6.67287
G0 F7200 X113.733 Y111.742
G1 F3600 X114.607 Y111.201 E6.71774
G1 X115.532 Y110.997 E6.75909
G1 X119.397 Y110.997 E6.92781
G1 X120.291 Y111.176 E6.96761
G1 X121.014 Y111.575 E7.00366
G1 X121.533 Y112.008 E7.03317
G1 X122.074 Y112.883 E7.07807
G1 X122.278 Y113.808 E7.11942
G1 X122.273 Y116.088 E7.21896
G1 X122.18 Y116.756 E7.2484
G1 X121.882 Y117.496 E7.28322
G1 X121.687 Y117.777 E7.29815
G1 X121.021 Y118.471 E7.34014
G1 X120.409 Y118.768 E7.36984
G1 X119.589 Y119.003 E7.40708
G1 X115.603 Y119.003 E7.58108
G1 X114.709 Y118.824 E7.62088
G1 X113.986 Y118.425 E7.65693
G1 X113.467 Y117.992 E7.68644
G1 X112.926 Y117.118 E7.73131
G1 X112.722 Y116.193 E7.77266
G1 X112.722 Y113.878 E7.87372
G1 X112.901 Y112.984 E7.91352
G1 X113.3 Y112.261 E7.94957
G1 X113.733 Y111.742 E7.97907
G0 F7200 X114.082 Y112.144
G1 F3600 X114.808 Y111.695 E8.01634
G1 X115.591 Y111.522 E8.05134
G1 X119.344 Y111.522 E8.21518
G1 X120.109 Y111.675 E8.24923
G1 X120.715 Y112.009 E8.27944
G1 X121.131 Y112.357 E8.30312
G1 X121.58 Y113.083 E8.34038
G1 X121.753 Y113.866 E8.37539
G1 X121.753 Y116.016 E8.46924
G1 X121.669 Y116.62 E8.49586
G1 X121.416 Y117.247 E8.52538
G1 X121.308 Y117.413 E8.53402
G1 X120.706 Y118.04 E8.57197
G1 X120.221 Y118.276 E8.59551
G1 X119.515 Y118.478 E8.62757
G1 X115.656 Y118.478 E8.79603
G1 X114.891 Y118.325 E8.83009
G1 X114.285 Y117.991 E8.86029
G1 X113.869 Y117.643 E8.88397
G1 X113.42 Y116.917 E8.92123
G1 X113.247 Y116.134 E8.95624
G1 X113.247 Y113.931 E9.05241
G1 X113.4 Y113.166 E9.08646
G1 X113.734 Y112.56 E9.11667
G1 X114.082 Y112.144 E9.14035
G0 F7200 X114.431 Y112.545
G1 F3600 X115.006 Y112.189 E9.16987
G1 X115.65 Y112.047 E9.19866
G1 X119.291 Y112.047 E9.3576
G1 X119.926 Y112.174 E9.38587
G1 X120.461 Y112.469 E9.41254
G1 X120.73 Y112.706 E9.42819
G1 X121.086 Y113.281 E9.45771
G1 X121.228 Y113.925 E9.4865
G1 X121.228 Y116.016 E9.57778
G1 X121.159 Y116.481 E9.5983
G1 X120.929 Y117.05 E9.6251
G1 X120.392 Y117.61 E9.65897
G1 X120.077 Y117.771 E9.67441
G1 X119.441 Y117.953 E9.70329
G1 X115.709 Y117.953 E9.8662
G1 X115.074 Y117.826 E9.89447
G1 X114.539 Y117.531 E9.92114
G1 X114.27 Y117.294 E9.93679
G1 X113.914 Y116.719 E9.96632
G1 X113.772 Y116.075 E9.9951
G1 X113.772 Y113.984 E10.08638
G1 X113.899 Y113.349 E10.11465
G1 X114.194 Y112.814 E10.14132
G1 X114.431 Y112.545 E10.15697
G0 F7200 X114.806 Y112.913
G1 F3600 X114.654 Y113.068 E10.16645
G1 X114.359 Y113.603 E10.19312
G1 X114.297 Y113.984 E10.20997
G1 X114.297 Y116.016 E10.29868
G1 X114.408 Y116.52 E10.32121
G1 X114.638 Y116.919 E10.34131
G1 X114.793 Y117.071 E10.35079
G1 X115.328 Y117.366 E10.37746
G1 X115.709 Y117.428 E10.39431
G1 X119.367 Y117.428 E10.55399
G1 X119.933 Y117.266 E10.57969
G1 X120.073 Y117.185 E10.58676
G1 X120.481 Y116.759 E10.6125
G1 X120.641 Y116.397 E10.62978
G1 X120.703 Y116.016 E10.64663
G1 X120.703 Y113.984 E10.73534
G1 X120.592 Y113.48 E10.75787
G1 X120.362 Y113.081 E10.77797
G1 X120.207 Y112.929 E10.78745
G1 X119.672 Y112.634 E10.81412
G1 X119.291 Y112.572 E10.83097
G1 X115.709 Y112.572 E10.98734
G1 X115.205 Y112.683 E11.00987
G1 X114.806 Y112.913 E11.02997
G1 F2700 E10.52997
G0 F7200 X115.496 Y113.691
G1 F2700 E11.02997
G1 F3600 X115.709 Y113.622 E11.03975
G1 X119.291 Y113.622 E11.19611
G1 X119.455 Y113.661 E11.20347
G1 X119.584 Y113.771 E11.21087
G1 X119.653 Y113.984 E11.22065
G1 X119.653 Y116.016 E11.30935
G1 X119.614 Y116.18 E11.31671
G1 X119.504 Y116.309 E11.32411
G1 X119.291 Y116.378 E11.33389
G1 X115.709 Y116.378 E11.49025
G1 X115.545 Y116.339 E11.49761
G1 X115.416 Y116.229 E11.50501
G1 X115.347 Y116.016 E11.51479
G1 X115.347 Y113.984 E11.60349
G1 X115.386 Y113.82 E11.61085
G1 X115.496 Y113.691 E11.61825
G0 F7200 X115.334 Y113.192
G1 F3600 X115.709 Y113.097 E11.63514
G1 X119.291 Y113.097 E11.79151
G1 X119.576 Y113.15 E11.80416
G1 X119.925 Y113.372 E11.82222
G1 X120.083 Y113.609 E11.83465
G1 X120.178 Y113.984 E11.85154
G1 X120.178 Y116.016 E11.94025
G1 X120.125 Y116.301 E11.9529
G1 X120.013 Y116.521 E11.96368
G1 X119.744 Y116.776 E11.97986
G1 X119.291 Y116.903 E12.00039
G1 X115.709 Y116.903 E12.15676
G1 X115.424 Y116.85 E12.16942
G1 X115.075 Y116.628 E12.18747
G1 X114.917 Y116.391 E12.19991
G1 X114.822 Y116.016 E12.2168
G1 X114.822 Y113.984 E12.3055
G1 X114.875 Y113.699 E12.31816
G1 X115.097 Y113.35 E12.33621
G1 X115.334 Y113.192 E12.34865
G1 F2700 E11.84865
;MESH:Stickmaaaaan.obj
G0 F7200 X116.478 Y115
;TYPE:WALL-INNER
G1 F2700 E12.34865
G1 F3857.1 X116.478 Y115.246 E12.35867
G1 F3849.3 X118.518 Y115.246 E12.44196
G1 X118.518 Y114.754 E12.46204
G1 X116.478 Y114.754 E12.54533
G1 F3857.1 X116.478 Y115 E12.55535
G0 F7200 X115.97 Y115
;TYPE:WALL-OUTER
G1 F3606.9 X115.97 Y115.754 E12.5882
G1 F3600 X119.026 Y115.754 E12.72161
G1 X119.026 Y114.246 E12.78744
G1 X115.97 Y114.246 E12.92085
G1 F3606.9 X115.97 Y115 E12.9537
G0 F7200 X115.97 Y115.2
;MESH:NONMESH
G0 F600 Z0.4
G0 F7200 X116.338 Y115
;TIME_ELAPSED:12.360782
;LAYER:1
;note -- min layer time used
M106 S255
M204 S1062
;TYPE:WALL-INNER
;MESH:Stickmaaaaan.obj
G1 F600 X116.338 Y116.798 E13.01649
G1 X118.658 Y116.798 E13.09751
G1 X118.658 Y113.198 E13.22324
G1 X116.338 Y113.198 E13.30426
G1 X116.338 Y115 E13.36719
M204 S1688
G0 F8175 X115.918 Y115
M204 S1062
;TYPE:WALL-OUTER
G1 F600 X115.918 Y117.218 E13.44465
G1 X119.078 Y117.218 E13.55501
G1 X119.078 Y112.778 E13.71007
G1 X115.918 Y112.778 E13.82042
G1 X115.918 Y115 E13.89802
M204 S1688
G0 F8175 X115.918 Y115.2
G0 X116.674 Y115
;TYPE:SKIN
G1 F600 X116.674 Y113.534 E13.94922
G1 X118.322 Y113.534 E14.00677
G1 X118.322 Y116.462 E14.10903
G1 X116.674 Y116.462 E14.16658
G1 X116.674 Y115 E14.21764
G0 F8175 X116.884 Y114.17
G1 F600 X117.31 Y113.744 E14.23868
G0 F8175 X117.904 Y113.744
G1 F600 X116.884 Y114.764 E14.28905
G0 F8175 X116.884 Y115.358
G1 F600 X118.112 Y114.131 E14.34968
G0 F8175 X118.112 Y114.725
G1 F600 X116.884 Y115.952 E14.4103
G0 F8175 X117.178 Y116.252
G1 F600 X118.112 Y115.319 E14.45641
G0 F8175 X118.112 Y115.912
G1 F600 X117.772 Y116.252 E14.4732
G0 F8175 X117.772 Y116.19
;MESH:NONMESH
G0 F600 Z0.6
G0 F8175 X116.629 Y115
G0 X116.338 Y115
;TIME_ELAPSED:17.181730
;LAYER:2
;note -- min layer time used
M204 S1625
;TYPE:WALL-INNER
;MESH:Stickmaaaaan.obj
G1 F671 X116.338 Y117.458 E14.55904
G1 X118.658 Y117.458 E14.64006
G1 X118.658 Y112.538 E14.81188
G1 X116.338 Y112.538 E14.89291
G1 X116.338 Y115 E14.97889
M204 S2875
G0 F9150 X115.918 Y115
M204 S1625
;TYPE:WALL-OUTER
G1 F671 X115.918 Y117.878 E15.0794
G1 X119.078 Y117.878 E15.18975
G1 X119.078 Y112.118 E15.39091
G1 X115.918 Y112.118 E15.50127
G1 X115.918 Y115 E15.60192
M204 S2875
G0 F9150 X115.918 Y115.2
G0 X116.674 Y115
;TYPE:SKIN
G1 F671 X116.674 Y112.874 E15.67616
G1 X118.322 Y112.874 E15.73372
G1 X118.322 Y117.122 E15.88207
G1 X116.674 Y117.122 E15.93962
G1 X116.674 Y115 E16.01373
G0 F9150 X116.884 Y116.29
G1 F671 X117.506 Y116.912 E16.04445
G0 F9150 X118.1 Y116.912
G1 F671 X116.884 Y115.696 E16.10451
G0 F9150 X116.884 Y115.102
G1 F671 X118.112 Y116.33 E16.16516
G0 F9150 X118.112 Y115.736
G1 F671 X116.884 Y114.508 E16.22581
G0 F9150 X116.884 Y113.914
G1 F671 X118.112 Y115.142 E16.28645
G0 F9150 X118.112 Y114.548
G1 F671 X116.884 Y113.32 E16.3471
G0 F9150 X117.242 Y113.084
G1 F671 X118.112 Y113.955 E16.3901
G0 F9150 X118.112 Y113.361
G1 F671 X117.836 Y113.084 E16.40375
G0 F9150 X117.836 Y113.151
;MESH:NONMESH
G0 F600 Z0.8
G0 F9150 X116.629 Y115
G0 X116.338 Y115
;TIME_ELAPSED:22.582973
;LAYER:3
;note -- min layer time used
M204 S2188
;TYPE:WALL-INNER
;MESH:Stickmaaaaan.obj
G1 F814.8 X116.338 Y118.118 E16.51264
G1 X118.658 Y118.118 E16.59367
G1 X118.658 Y111.882 E16.81145
G1 X116.338 Y111.882 E16.89247
G1 X116.338 Y115 E17.00136
M204 S4062
G0 F10125 X115.918 Y115
M204 S2188
;TYPE:WALL-OUTER
G1 F814.8 X115.918 Y118.538 E17.12492
G1 X119.078 Y118.538 E17.23527
G1 X119.078 Y111.462 E17.48239
G1 X115.918 Y111.462 E17.59275
G1 X115.918 Y115 E17.7163
M204 S4062
G0 F10125 X115.918 Y115.2
G0 X116.674 Y115
;TYPE:SKIN
G1 F814.8 X116.674 Y112.218 E17.81346
G1 X118.322 Y112.218 E17.87101
G1 X118.322 Y117.782 E18.06533
G1 X116.674 Y117.782 E18.12288
G1 X116.674 Y115 E18.22004
G0 F10125 X116.884 Y112.982
G1 F814.8 X117.438 Y112.428 E18.2474
G0 F10125 X118.032 Y112.428
G1 F814.8 X116.884 Y113.576 E18.3041
G0 F10125 X116.884 Y114.17
G1 F814.8 X118.112 Y112.943 E18.36472
G0 F10125 X118.112 Y113.537
G1 F814.8 X116.884 Y114.764 E18.42535
G0 F10125 X116.884 Y115.358
G1 F814.8 X118.112 Y114.131 E18.48597
G0 F10125 X118.112 Y114.725
G1 F814.8 X116.884 Y115.952 E18.54659
G0 F10125 X116.884 Y116.546
G1 F814.8 X118.112 Y115.319 E18.60722
G0 F10125 X118.112 Y115.912
G1 F814.8 X116.884 Y117.14 E18.66787
G0 F10125 X117.046 Y117.572
G1 F814.8 X118.112 Y116.506 E18.72052
G0 F10125 X118.112 Y117.1
G1 F814.8 X117.64 Y117.572 E18.74383
G0 F10125 X117.64 Y117.508
;MESH:NONMESH
G0 F600 Z1
G0 F10125 X116.629 Y115
G0 X116.338 Y115
;TIME_ELAPSED:27.988654
;LAYER:4
;note -- min layer time used
M204 S2750
;TYPE:WALL-INNER
;MESH:Stickmaaaaan.obj
G1 F930.2 X116.338 Y118.678 E18.87228
G1 X118.658 Y118.678 E18.9533
G1 X118.658 Y111.318 E19.21033
G1 X116.338 Y111.318 E19.29135
G1 X116.338 Y115 E19.41994
M204 S5250
G0 F11100 X115.918 Y115
M204 S2750
;TYPE:WALL-OUTER
G1 F930.2 X115.918 Y119.098 E19.56306
G1 X119.078 Y119.098 E19.67341
G1 X119.078 Y110.898 E19.95978
G1 X115.918 Y110.898 E20.07014
G1 X115.918 Y115 E20.21339
M204 S5250
G0 F11100 X115.918 Y115.2
G0 X116.674 Y115.302
;TYPE:SKIN
G1 F930.2 X118.322 Y115.302 E20.27095
G1 X118.322 Y118.342 E20.37711
G1 X116.674 Y118.342 E20.43467
G1 X116.674 Y115.302 E20.54083
G0 F11100 X117.888 Y115.512
G1 F930.2 X118.112 Y115.736 E20.5519
G0 F11100 X118.112 Y116.33
G1 F930.2 X117.294 Y115.512 E20.5923
G0 F11100 X116.884 Y115.696
G1 F930.2 X118.112 Y116.924 E20.65295
G0 F11100 X118.112 Y117.518
G1 F930.2 X116.884 Y116.29 E20.7136
G0 F11100 X116.884 Y116.884
G1 F930.2 X118.112 Y118.112 E20.77425
G0 F11100 X117.537 Y118.131
G1 F930.2 X116.884 Y117.478 E20.8065
G0 F11100 X116.884 Y118.072
G1 F930.2 X116.943 Y118.131 E20.80941
G0 F11100 X116.674 Y114.698
G1 F930.2 X116.674 Y111.654 E20.91572
G1 X118.322 Y111.654 E20.97327
G1 X118.322 Y114.698 E21.07958
G1 X116.674 Y114.698 E21.13713
G0 F11100 X116.884 Y113.914
G1 F930.2 X117.458 Y114.488 E21.16548
G0 F11100 X118.051 Y114.488
G1 F930.2 X116.884 Y113.32 E21.22314
G0 F11100 X116.884 Y112.726
G1 F930.2 X118.112 Y113.955 E21.28381
G0 F11100 X118.112 Y113.361
G1 F930.2 X116.884 Y112.132 E21.34449
G0 F11100 X117.21 Y111.864
G1 F930.2 X118.112 Y112.767 E21.38906
G0 F11100 X118.112 Y112.173
G1 F930.2 X117.804 Y111.864 E21.4043
G0 F11100 X117.804 Y111.929
;MESH:NONMESH
G0 F600 Z1.2
G0 F11100 X116.783 Y114.284
;TIME_ELAPSED:33.428738
;LAYER:5
;note -- min layer time used
M204 S6438
;TYPE:FILL
;MESH:Stickmaaaaan.obj
G1 F933.1 X117.334 Y114.835 E21.43475
G1 X118.213 Y114.835 E21.4691
G1 X118.213 Y115.167 E21.48208
G1 X117.333 Y115.167 E21.51647
G1 X116.783 Y115.717 E21.54687
G1 X116.783 Y113.645 E21.62784
G1 X118.213 Y113.645 E21.68373
G1 X118.318 Y113.645
G0 F12075 X116.629 Y115
G0 X116.338 Y115
M204 S3312
;TYPE:WALL-INNER
G1 F933.1 X116.338 Y119.054 E21.8253
G1 X118.658 Y119.054 E21.90633
G1 X118.658 Y110.942 E22.18962
G1 X116.338 Y110.942 E22.27064
G1 X116.338 Y115 E22.41236
M204 S6438
G0 F12075 X115.918 Y115
M204 S3312
;TYPE:WALL-OUTER
G1 F933.1 X115.918 Y119.474 E22.56861
G1 X119.078 Y119.474 E22.67897
G1 X119.078 Y110.522 E22.9916
G1 X115.918 Y110.522 E23.10195
G1 X115.918 Y115 E23.25834
M204 S6438
G0 F12075 X115.918 Y115.2
G0 X116.629 Y115.2
G0 X116.674 Y116.714
;TYPE:SKIN
G1 F933.1 X118.322 Y116.714 E23.31589
G1 X118.322 Y118.718 E23.38588
G1 X116.674 Y118.718 E23.44343
G1 X116.674 Y116.714 E23.51342
G0 F12075 X116.884 Y117.14
G1 F933.1 X117.1 Y116.924 E23.52409
G0 F12075 X117.694 Y116.924
G1 F933.1 X116.884 Y117.734 E23.56409
G0 F12075 X116.884 Y118.328
G1 F933.1 X118.112 Y117.1 E23.62474
G0 F12075 X118.112 Y117.694
G1 F933.1 X117.298 Y118.508 E23.66494
G0 F12075 X117.892 Y118.508
G1 F933.1 X118.112 Y118.288 E23.67581
G0 F12075 X116.674 Y113.282
G1 F933.1 X116.674 Y111.278 E23.7458
G1 X118.322 Y111.278 E23.80335
G1 X118.322 Y113.282 E23.87333
G1 X116.674 Y113.282 E23.93089
G0 F12075 X117.982 Y113.072
G1 F933.1 X118.112 Y112.942 E23.93731
G0 F12075 X118.112 Y112.348
G1 F933.1 X117.388 Y113.072 E23.97307
G0 F12075 X116.884 Y112.982
G1 F933.1 X118.112 Y111.754 E24.03372
G0 F12075 X117.785 Y111.487
G1 F933.1 X116.884 Y112.388 E24.07822
G0 F12075 X116.884 Y111.794
G1 F933.1 X117.191 Y111.487 E24.09338
G0 F12075 X117.191 Y111.555
;MESH:NONMESH
G0 F600 Z1.4
G0 F12075 X116.783 Y114.284
;TIME_ELAPSED:38.843237
;LAYER:6
;note -- min layer time used
M204 S7625
;TYPE:FILL
;MESH:Stickmaaaaan.obj
G1 F942 X117.334 Y114.835 E24.12383
G1 X118.213 Y114.835 E24.15818
G1 X118.213 Y115.167 E24.17116
G1 X117.333 Y115.167 E24.20555
G1 X116.783 Y115.717 E24.23595
G1 X116.783 Y112.986 E24.34267
G1 X118.213 Y112.986 E24.39856
G1 X118.318 Y112.986
G0 F13050 X116.629 Y115
G0 X116.338 Y115
M204 S3875
;TYPE:WALL-INNER
G1 F942 X116.338 Y119.426 E24.55313
G1 X118.658 Y119.426 E24.63415
G1 X118.658 Y110.57 E24.94343
G1 X116.338 Y110.57 E25.02445
G1 X116.338 Y115 E25.17916
M204 S7625
G0 F13050 X115.918 Y115
M204 S3875
;TYPE:WALL-OUTER
G1 F942 X115.918 Y119.846 E25.3484
G1 X119.078 Y119.846 E25.45876
G1 X119.078 Y110.15 E25.79737
G1 X115.918 Y110.15 E25.90773
G1 X115.918 Y115 E26.07711
M204 S7625
G0 F13050 X115.918 Y115.2
G0 X116.629 Y115.2
G0 X116.674 Y117.374
;TYPE:SKIN
G1 F942 X118.322 Y117.374 E26.13466
G1 X118.322 Y119.09 E26.19459
G1 X116.674 Y119.09 E26.25214
G1 X116.674 Y117.374 E26.31207
G0 F13050 X118.112 Y118.112
G1 F942 X117.584 Y117.584 E26.33815
G0 F13050 X116.99 Y117.584
G1 F942 X118.112 Y118.706 E26.39356
G0 F13050 X117.692 Y118.879
G1 F942 X116.884 Y118.072 E26.43344
G0 F13050 X116.884 Y118.666
G1 F942 X117.098 Y118.879 E26.44399
G0 F13050 X116.674 Y112.622
G1 F942 X116.674 Y110.906 E26.50391
G1 X118.322 Y110.906 E26.56147
G1 X118.322 Y112.622 E26.6214
G1 X116.674 Y112.622 E26.67895
G0 F13050 X117.163 Y112.412
G1 F942 X116.884 Y112.132 E26.69275
G0 F13050 X116.884 Y111.538
G1 F942 X117.757 Y112.412 E26.73589
G0 F13050 X118.112 Y112.173
G1 F942 X117.056 Y111.116 E26.78807
G0 F13050 X117.65 Y111.116
G1 F942 X118.112 Y111.579 E26.81092
G0 F13050 X118.051 Y111.579
;MESH:NONMESH
G0 F600 Z1.6
G0 F13050 X118.213 Y112.327
;TIME_ELAPSED:44.184841
;LAYER:7
;note -- min layer time used
M204 S8812
;TYPE:FILL
;MESH:Stickmaaaaan.obj
G1 F949.8 X116.783 Y112.327 E26.8668
G1 X116.783 Y115.717 E26.99928
G1 X117.333 Y115.167 E27.02968
G1 X118.213 Y115.167 E27.06407
G1 X118.213 Y114.835 E27.07705
G1 X117.334 Y114.835 E27.1114
G1 X116.783 Y114.284 E27.14185
G1 X116.709 Y114.21
G0 F14025 X116.338 Y115
M204 S4438
;TYPE:WALL-INNER
G1 F949.8 X116.338 Y119.802 E27.30955
G1 X118.658 Y119.802 E27.39058
G1 X118.658 Y110.194 E27.72612
G1 X116.338 Y110.194 E27.80714
G1 X116.338 Y115 E27.97498
M204 S8812
G0 F14025 X115.918 Y115
M204 S4438
;TYPE:WALL-OUTER
G1 F949.8 X115.918 Y120.222 E28.15735
G1 X119.078 Y120.222 E28.26771
G1 X119.078 Y109.774 E28.63258
G1 X115.918 Y109.774 E28.74294
G1 X115.918 Y115 E28.92545
M204 S8812
G0 F14025 X115.918 Y115.2
G0 X116.629 Y115.2
G0 X116.674 Y118.034
;TYPE:SKIN
G1 F949.8 X118.322 Y118.034 E28.983
G1 X118.322 Y119.466 E29.03301
G1 X116.674 Y119.466 E29.09056
G1 X116.674 Y118.034 E29.14057
G0 F14025 X116.884 Y118.328
G1 F949.8 X116.968 Y118.244 E29.14472
G0 F14025 X117.562 Y118.244
G1 F949.8 X116.884 Y118.922 E29.17821
G0 F14025 X117.144 Y119.256
G1 F949.8 X118.112 Y118.288 E29.22602
G0 F14025 X118.112 Y118.882
G1 F949.8 X117.738 Y119.256 E29.24449
G0 F14025 X116.674 Y111.966
G1 F949.8 X116.674 Y110.53 E29.29464
G1 X118.322 Y110.53 E29.35219
G1 X118.322 Y111.966 E29.40234
G1 X116.674 Y111.966 E29.45989
G0 F14025 X116.884 Y111.2
G1 F949.8 X117.344 Y110.74 E29.48261
G0 F14025 X117.938 Y110.74
G1 F949.8 X116.922 Y111.756 E29.53279
G0 F14025 X117.516 Y111.756
G1 F949.8 X118.112 Y111.161 E29.5622
G1 X118.186 Y111.087
G0 F14025 X118.051 Y111.087
;MESH:NONMESH
G0 F600 Z1.8
G0 F14025 X118.213 Y111.764
;TIME_ELAPSED:49.483210
;LAYER:8
;note -- min layer time used
M204 S10000
;TYPE:FILL
;MESH:Stickmaaaaan.obj
G1 F968.2 X116.783 Y111.764 E29.61809
G1 X116.784 Y115.716 E29.77254
G1 X117.334 Y115.166 E29.80293
G1 X118.213 Y115.166 E29.83728
G1 X118.213 Y114.834 E29.85026
G1 X117.333 Y114.834 E29.88465
G1 X116.783 Y114.284 E29.91505
G1 X116.709 Y114.21
G0 F15000 X116.338 Y115
M204 S5000
;TYPE:WALL-INNER
G1 F968.2 X116.338 Y120.174 E30.09574
G1 X118.658 Y120.174 E30.17676
G1 X118.658 Y109.822 E30.53829
G1 X116.338 Y109.822 E30.61931
G1 X116.338 Y115 E30.80014
M204 S10000
G0 F15000 X115.918 Y115
M204 S5000
;TYPE:WALL-OUTER
G1 F968.2 X115.918 Y120.594 E30.9955
G1 X119.078 Y120.594 E31.10586
G1 X119.078 Y109.402 E31.49672
G1 X115.918 Y109.402 E31.60707
G1 X115.918 Y115 E31.80257
M204 S10000
G0 F15000 X115.918 Y115.2
G0 X116.629 Y115.2
G0 X117.09 Y119.01
;TYPE:SKIN
G1 F987 X117.906 Y119.01 E31.83053
G1 X117.906 Y119.422 E31.84464
G1 X117.09 Y119.422 E31.8726
G1 X117.09 Y119.01 E31.88671
G0 F15000 X116.674 Y118.594
G1 F968.2 X118.322 Y118.594 E31.94426
G1 X118.322 Y119.838 E31.98771
G1 X116.674 Y119.838 E32.04526
G1 X116.674 Y118.594 E32.08871
G0 F15000 X117.09 Y110.986
G1 F987 X117.09 Y110.574 E32.10282
G1 X117.906 Y110.574 E32.13078
G1 X117.906 Y110.986 E32.14489
G1 X117.09 Y110.986 E32.17284
G0 F15000 X116.674 Y111.402
G1 F968.2 X116.674 Y110.158 E32.21629
G1 X118.322 Y110.158 E32.27384
G1 X118.322 Y111.402 E32.31729
G1 X116.674 Y111.402 E32.37484
G0 F15000 X116.949 Y111.402
;MESH:NONMESH
G0 F600 Z2
G0 F15000 X118.213 Y111.39
;TIME_ELAPSED:54.712301
;LAYER:9
;note -- min layer time used
;TYPE:FILL
;MESH:Stickmaaaaan.obj
G1 F1005.4 X116.783 Y111.39 E32.43073
G1 X116.783 Y115.717 E32.59983
G1 X117.333 Y115.167 E32.63023
G1 X118.213 Y115.167 E32.66462
G1 X118.213 Y114.835 E32.67759
G1 X117.334 Y114.835 E32.71194
G1 X116.783 Y114.284 E32.7424
G1 X116.709 Y114.21
G0 F15000 X116.338 Y115
M204 S5000
;TYPE:WALL-INNER
G1 F1005.4 X116.338 Y120.514 E32.93496
G1 X118.658 Y120.514 E33.01598
G1 X118.658 Y109.482 E33.40126
G1 X116.338 Y109.482 E33.48228
G1 X116.338 Y115 E33.67498
M204 S10000
G0 F15000 X115.918 Y115
M204 S5000
;TYPE:WALL-OUTER
G1 F1005.4 X115.918 Y120.934 E33.88222
G1 X119.078 Y120.934 E33.99257
G1 X119.078 Y109.062 E34.40718
G1 X115.918 Y109.062 E34.51754
G1 X115.918 Y115 E34.72491
M204 S10000
G0 F15000 X115.918 Y115.2
G0 X116.629 Y115.2
G0 X117.081 Y119.377
;TYPE:SKIN
G1 F1071.8 X117.915 Y119.377 E34.75224
G1 X117.915 Y119.771 E34.76514
G1 X117.081 Y119.771 E34.79247
G1 X117.081 Y119.377 E34.80537
G0 F15000 X116.674 Y118.97
G1 F1005.4 X118.322 Y118.97 E34.86293
G1 X118.322 Y120.178 E34.90511
G1 X116.674 Y120.178 E34.96267
G1 X116.674 Y118.97 E35.00486
G0 F15000 X117.081 Y110.619
G1 F1071.8 X117.081 Y110.225 E35.01776
G1 X117.915 Y110.225 E35.04509
G1 X117.915 Y110.619 E35.05799
G1 X117.081 Y110.619 E35.08532
G0 F15000 X116.674 Y111.026
G1 F1005.4 X116.674 Y109.818 E35.1275
G1 X118.322 Y109.818 E35.18506
G1 X118.322 Y111.026 E35.22724
G1 X116.674 Y111.026 E35.2848
G0 F15000 X116.949 Y111.026
;MESH:NONMESH
G0 F600 Z2.2
G0 F15000 X118.213 Y111.016
;TIME_ELAPSED:59.929739
;LAYER:10
;note -- min layer time used
;TYPE:FILL
;MESH:Stickmaaaaan.obj
G1 F983.1 X116.783 Y111.016 E35.34068
G1 X116.783 Y115.717 E35.5244
G1 X117.333 Y115.167 E35.5548
G1 X118.213 Y115.167 E35.58919
G1 X118.213 Y114.835 E35.60216
G1 X117.334 Y114.835 E35.63652
G1 X116.783 Y114.284 E35.66697
G1 X116.709 Y114.21
G0 F15000 X116.338 Y115
M204 S5000
;TYPE:WALL-INNER
G1 F983.1 X116.338 Y120.758 E35.86806
G1 X118.658 Y120.758 E35.94908
G1 X118.658 Y109.238 E36.35139
G1 X116.338 Y109.238 E36.43241
G1 X116.338 Y115 E36.63364
M204 S10000
G0 F15000 X115.918 Y115
M204 S5000
;TYPE:WALL-OUTER
G1 F983.1 X115.918 Y121.178 E36.8494
G1 X119.078 Y121.178 E36.95975
G1 X119.078 Y108.818 E37.3914
G1 X115.918 Y108.818 E37.50176
G1 X115.918 Y115 E37.71766
M204 S10000
G0 F15000 X115.918 Y115.2
G0 X116.629 Y115.2
G0 X117.782 Y119.882
;TYPE:SKIN
G1 F625.6 X117.214 Y119.882 E37.74883
G0 F15000 X116.674 Y119.342
G1 F983.1 X118.322 Y119.342 E37.80638
G1 X118.322 Y120.422 E37.8441
G1 X116.674 Y120.422 E37.90165
G1 X116.674 Y119.342 E37.93937
G0 F15000 X117.782 Y110.114
G1 F625.6 X117.214 Y110.114 E37.97054
G0 F15000 X116.674 Y110.654
G1 F983.1 X116.674 Y109.574 E38.00826
G1 X118.322 Y109.574 E38.06581
G1 X118.322 Y110.654 E38.10353
G1 X116.674 Y110.654 E38.16108
G0 F15000 X116.949 Y110.654
;MESH:NONMESH
G0 F600 Z2.4
G0 F15000 X118.213 Y110.642
;TIME_ELAPSED:65.201200
;LAYER:11
;note -- min layer time used
;TYPE:FILL
;MESH:Stickmaaaaan.obj
G1 F1008.9 X116.783 Y110.642 E38.21697
G1 X116.783 Y115.717 E38.4153
G1 X117.333 Y115.167 E38.4457
G1 X118.213 Y115.167 E38.48009
G1 X118.213 Y114.835 E38.49306
G1 X117.334 Y114.835 E38.52742
G1 X116.783 Y114.284 E38.55787
G1 X116.709 Y114.21
G0 F15000 X116.338 Y115
M204 S5000
;TYPE:WALL-INNER
G1 F1008.9 X116.338 Y121.002 E38.76748
G1 X118.658 Y121.002 E38.8485
G1 X118.658 Y108.994 E39.26786
G1 X116.338 Y108.994 E39.34888
G1 X116.338 Y115 E39.55863
M204 S10000
G0 F15000 X115.918 Y115
M204 S5000
;TYPE:WALL-OUTER
G1 F1008.9 X115.918 Y121.422 E39.7829
G1 X119.078 Y121.422 E39.89326
G1 X119.078 Y108.574 E40.34195
G1 X115.918 Y108.574 E40.45231
G1 X115.918 Y115 E40.67673
M204 S10000
G0 F15000 X115.918 Y115.2
G0 X116.629 Y115.2
G0 X117.848 Y120.192
;TYPE:SKIN
G1 F802.5 X117.148 Y120.192 E40.70746
G0 F15000 X116.674 Y119.718
G1 F1008.9 X118.322 Y119.718 E40.76501
G1 X118.322 Y120.666 E40.79812
G1 X116.674 Y120.666 E40.85567
G1 X116.674 Y119.718 E40.88878
G0 F15000 X117.848 Y109.804
G1 F802.5 X117.148 Y109.804 E40.91951
G0 F15000 X116.674 Y110.278
G1 F1008.9 X116.674 Y109.33 E40.95262
G1 X118.322 Y109.33 E41.01017
G1 X118.322 Y110.278 E41.04328
G1 X116.674 Y110.278 E41.10083
G0 F15000 X116.949 Y110.278
;MESH:NONMESH
G0 F600 Z2.6
G0 F15000 X118.213 Y110.268
;TIME_ELAPSED:70.454833
;LAYER:12
;note -- min layer time used
;TYPE:FILL
;MESH:Stickmaaaaan.obj
G1 F993.3 X116.783 Y110.268 E41.15672
G1 X116.783 Y115.717 E41.36967
G1 X117.333 Y115.167 E41.40007
G1 X118.213 Y115.167 E41.43446
G1 X118.213 Y114.835 E41.44743
G1 X117.334 Y114.835 E41.48178
G1 X116.783 Y114.284 E41.51224
G1 X116.709 Y114.21
G0 F15000 X116.338 Y115
M204 S5000
;TYPE:WALL-INNER
G1 F993.3 X116.338 Y121.246 E41.73037
G1 X118.658 Y121.246 E41.81139
G1 X118.658 Y108.754 E42.24765
G1 X116.338 Y108.754 E42.32867
G1 X116.338 Y115 E42.5468
M204 S10000
G0 F15000 X115.918 Y115
M204 S5000
;TYPE:WALL-OUTER
G1 F993.3 X115.918 Y121.666 E42.7796
G1 X119.078 Y121.666 E42.88995
G1 X119.078 Y108.334 E43.35555
G1 X115.918 Y108.334 E43.46591
G1 X115.918 Y115 E43.6987
M204 S10000
G0 F15000 X115.918 Y115.2
G0 X116.629 Y115.2
G0 X116.774 Y120.19
;TYPE:SKIN
G1 F672.8 X118.222 Y120.19 E43.77335
G1 X118.222 Y120.81 E43.80532
G1 X116.774 Y120.81 E43.87996
G1 X116.774 Y120.19 E43.91193
G0 F15000 X116.773 Y109.807
G1 F675 X116.773 Y109.189 E43.94368
G1 X118.223 Y109.189 E44.0182
G1 X118.223 Y109.807 E44.04995
G1 X116.773 Y109.807 E44.12446
G0 F15000 X116.949 Y109.807
;MESH:NONMESH
G0 F600 Z2.8
G0 F15000 X118.213 Y109.93
;TIME_ELAPSED:75.890838
;LAYER:13
;note -- min layer time used
;TYPE:FILL
;MESH:Stickmaaaaan.obj
G1 F1022 X116.783 Y109.93 E44.18035
G1 X116.783 Y115.717 E44.40651
G1 X117.333 Y115.167 E44.43691
G1 X118.213 Y115.167 E44.4713
G1 X118.213 Y114.835 E44.48427
G1 X117.334 Y114.835 E44.51862
G1 X116.783 Y114.284 E44.54908
G1 X116.709 Y114.21
G0 F15000 X116.338 Y115
M204 S5000
;TYPE:WALL-INNER
G1 F1022 X116.338 Y121.49 E44.77573
G1 X118.658 Y121.49 E44.85675
G1 X118.658 Y108.51 E45.31005
G1 X116.338 Y108.51 E45.39107
G1 X116.338 Y115 E45.61773
M204 S10000
G0 F15000 X115.918 Y115
M204 S5000
;TYPE:WALL-OUTER
G1 F1022 X115.918 Y121.91 E45.85904
G1 X119.078 Y121.91 E45.9694
G1 X119.078 Y108.09 E46.45204
G1 X115.918 Y108.09 E46.5624
G1 X115.918 Y115 E46.80372
M204 S10000
G0 F15000 X115.918 Y115.2
G0 X116.629 Y115.2
G0 X116.75 Y120.506
;TYPE:SKIN
G1 F750.4 X118.246 Y120.506 E46.87487
G1 X118.246 Y121.078 E46.90207
G1 X116.75 Y121.078 E46.97323
G1 X116.75 Y120.506 E47.00043
G0 F15000 X116.749 Y109.491
G1 F753 X116.749 Y108.921 E47.02745
G1 X118.247 Y108.921 E47.09845
G1 X118.247 Y109.491 E47.12546
G1 X116.749 Y109.491 E47.19646
G0 F15000 X116.949 Y109.491
;MESH:NONMESH
G0 F600 Z3
G0 F15000 X118.213 Y109.686
;TIME_ELAPSED:81.267218
;LAYER:14
;note -- min layer time used
;TYPE:FILL
;MESH:Stickmaaaaan.obj
G1 F1049.4 X116.783 Y109.686 E47.25235
G1 X116.783 Y115.717 E47.48804
G1 X117.333 Y115.167 E47.51844
G1 X118.213 Y115.167 E47.55283
G1 X118.213 Y114.835 E47.5658
G1 X117.334 Y114.835 E47.60016
G1 X116.783 Y114.284 E47.63061
G1 X116.709 Y114.21
G0 F15000 X116.338 Y115
M204 S5000
;TYPE:WALL-INNER
G1 F1049.4 X116.338 Y121.734 E47.86578
G1 X118.658 Y121.734 E47.9468
G1 X118.658 Y108.266 E48.41715
G1 X116.338 Y108.266 E48.49817
G1 X116.338 Y115 E48.73334
M204 S10000
G0 F15000 X115.918 Y115
M204 S5000
;TYPE:WALL-OUTER
G1 F1049.4 X115.918 Y122.154 E48.98318
G1 X119.078 Y122.154 E49.09354
G1 X119.078 Y107.846 E49.59322
G1 X115.918 Y107.846 E49.70358
G1 X115.918 Y115 E49.95342
M204 S10000
G0 F15000 X115.918 Y115.2
G0 X116.629 Y115.2
G0 X116.75 Y120.75
;TYPE:SKIN
G1 F770.5 X118.246 Y120.75 E50.02457
G1 X118.246 Y121.322 E50.05178
G1 X116.75 Y121.322 E50.12293
G1 X116.75 Y120.75 E50.15013
G0 F15000 X116.749 Y109.247
G1 F773.2 X116.749 Y108.677 E50.17715
G1 X118.247 Y108.677 E50.24815
G1 X118.247 Y109.247 E50.27516
G1 X116.749 Y109.247 E50.34616
G0 F15000 X116.949 Y109.247
;MESH:NONMESH
G0 F600 Z3.2
G0 F15000 X118.213 Y109.442
;TIME_ELAPSED:86.640349
;LAYER:15
;note -- min layer time used
;TYPE:FILL
;MESH:Stickmaaaaan.obj
G1 F1076.8 X116.783 Y109.442 E50.40205
G1 X116.783 Y115.717 E50.64728
G1 X117.333 Y115.167 E50.67768
G1 X118.213 Y115.167 E50.71207
G1 X118.213 Y114.835 E50.72504
G1 X117.334 Y114.835 E50.75939
G1 X116.783 Y114.284 E50.78985
G1 X116.709 Y114.21
G0 F15000 X116.338 Y115
M204 S5000
;TYPE:WALL-INNER
G1 F1076.8 X116.338 Y121.978 E51.03354
G1 X118.658 Y121.978 E51.11456
G1 X118.658 Y108.022 E51.60195
G1 X116.338 Y108.022 E51.68297
G1 X116.338 Y115 E51.92667
M204 S10000
G0 F15000 X115.918 Y115
M204 S5000
;TYPE:WALL-OUTER
G1 F1076.8 X115.918 Y122.398 E52.18503
G1 X119.078 Y122.398 E52.29538
G1 X119.078 Y107.602 E52.81211
G1 X115.918 Y107.602 E52.92246
G1 X115.918 Y115 E53.18082
M204 S10000
G0 F15000 X115.918 Y115.2
G0 X116.629 Y115.2
G0 X116.75 Y120.994
;TYPE:SKIN
G1 F790.7 X118.246 Y120.994 E53.25198
G1 X118.246 Y121.566 E53.27918
G1 X116.75 Y121.566 E53.35034
G1 X116.75 Y120.994 E53.37754
G0 F15000 X116.749 Y109.003
G1 F793.4 X116.749 Y108.433 E53.40456
G1 X118.247 Y108.433 E53.47556
G1 X118.247 Y109.003 E53.50257
G1 X116.749 Y109.003 E53.57357
G0 F15000 X116.949 Y109.003
;MESH:NONMESH
G0 F600 Z3.4
G0 F15000 X118.213 Y109.199
;TIME_ELAPSED:92.010485
;LAYER:16
;note -- min layer time used
;TYPE:FILL
;MESH:Stickmaaaaan.obj
G1 F1100.5 X116.783 Y109.199 E53.62946
G1 X116.783 Y115.717 E53.88418
G1 X117.333 Y115.167 E53.91458
G1 X118.213 Y115.167 E53.94897
G1 X118.213 Y114.835 E53.96195
G1 X117.334 Y114.835 E53.9963
G1 X116.783 Y114.284 E54.02675
G1 X116.709 Y114.21
G0 F15000 X116.338 Y115
M204 S5000
;TYPE:WALL-INNER
G1 F1100.5 X116.338 Y122.182 E54.27757
G1 X118.658 Y122.182 E54.35859
G1 X118.658 Y107.814 E54.86037
G1 X116.338 Y107.814 E54.94139
G1 X116.338 Y115 E55.19235
M204 S10000
G0 F15000 X115.918 Y115
M204 S5000
;TYPE:WALL-OUTER
G1 F1100.5 X115.918 Y122.602 E55.45783
G1 X119.078 Y122.602 E55.56819
G1 X119.078 Y107.394 E56.0993
G1 X115.918 Y107.394 E56.20966
G1 X115.918 Y115 E56.47528
M204 S10000
G0 F15000 X115.918 Y115.2
G0 X116.629 Y115.2
G0 X116.74 Y121.228
;TYPE:SKIN
G1 F837.4 X118.256 Y121.228 E56.54487
G1 X118.256 Y121.78 E56.5702
G1 X116.74 Y121.78 E56.63978
G1 X116.74 Y121.228 E56.66512
G0 F15000 X116.741 Y108.771
G1 F834.3 X116.741 Y108.217 E56.69064
G1 X118.255 Y108.217 E56.76038
G1 X118.255 Y108.771 E56.7859
G1 X116.741 Y108.771 E56.85565
G0 F15000 X116.949 Y108.771
;MESH:NONMESH
G0 F600 Z3.6
G0 F15000 X118.213 Y108.955
;TIME_ELAPSED:97.359282
;LAYER:17
;note -- min layer time used
;TYPE:FILL
;MESH:Stickmaaaaan.obj
G1 F1120.2 X116.783 Y108.955 E56.91153
G1 X116.783 Y115.717 E57.1758
G1 X117.333 Y115.167 E57.20619
G1 X118.213 Y115.167 E57.24058
G1 X118.213 Y114.835 E57.25356
G1 X117.334 Y114.835 E57.28791
G1 X116.783 Y114.284 E57.31836
G1 X116.709 Y114.21
G0 F15000 X116.338 Y115
M204 S5000
;TYPE:WALL-INNER
G1 F1120.2 X116.338 Y122.346 E57.57491
G1 X118.658 Y122.346 E57.65593
G1 X118.658 Y107.65 E58.16916
G1 X116.338 Y107.65 E58.25018
G1 X116.338 Y115 E58.50687
M204 S10000
G0 F15000 X115.918 Y115
M204 S5000
;TYPE:WALL-OUTER
G1 F1120.2 X115.918 Y122.766 E58.77808
G1 X119.078 Y122.766 E58.88844
G1 X119.078 Y107.23 E59.431
G1 X115.918 Y107.23 E59.54136
G1 X115.918 Y115 E59.81271
M204 S10000
G0 F15000 X115.918 Y115.2
G0 X116.629 Y115.2
G0 X116.72 Y121.452
;TYPE:SKIN
G1 F918.9 X118.276 Y121.452 E59.87896
G1 X118.276 Y121.964 E59.90076
G1 X116.72 Y121.964 E59.967
G1 X116.72 Y121.452 E59.9888
G0 F15000 X116.721 Y108.547
G1 F915.3 X116.721 Y108.033 E60.01076
G1 X118.275 Y108.033 E60.07718
G1 X118.275 Y108.547 E60.09915
G1 X116.721 Y108.547 E60.16557
G0 F15000 X116.949 Y108.547
;MESH:NONMESH
G0 F600 Z3.8
G0 F15000 X118.213 Y107.942
G0 X118.213 Y107.931
;TIME_ELAPSED:102.667365
;LAYER:18
;note -- min layer time used
;TYPE:FILL
;MESH:Stickmaaaaan.obj
G1 F1031.7 X116.783 Y107.931 E60.22145
G1 X116.783 Y115.717 E60.52573
G1 X117.333 Y115.167 E60.55613
G1 X118.213 Y115.167 E60.59052
G1 X118.213 Y114.835 E60.6035
G1 X117.334 Y114.835 E60.63785
G1 X116.783 Y114.284 E60.6683
G1 X116.709 Y114.21
G0 F15000 X116.338 Y115
M204 S5000
;TYPE:WALL-INNER
G1 F1031.7 X116.338 Y122.51 E60.93057
G1 X118.658 Y122.51 E61.0116
G1 X118.658 Y107.486 E61.53628
G1 X116.338 Y107.486 E61.6173
G1 X116.338 Y115 E61.87972
M204 S10000
G0 F15000 X115.918 Y115
M204 S5000
;TYPE:WALL-OUTER
G1 F1031.7 X115.918 Y122.93 E62.15666
G1 X119.078 Y122.93 E62.26701
G1 X119.078 Y107.066 E62.82103
G1 X115.918 Y107.066 E62.93139
G1 X115.918 Y115 E63.20847
M204 S10000
G0 F15000 X115.918 Y115.2
G0 X116.949 Y115.2
;MESH:NONMESH
G0 F600 Z4
G0 F15000 X118.213 Y107.778
G0 X118.213 Y107.767
;TIME_ELAPSED:107.844804
;LAYER:19
;note -- min layer time used
;TYPE:FILL
;MESH:Stickmaaaaan.obj
G1 F1054.7 X116.783 Y107.767 E63.26436
G1 X116.783 Y115.717 E63.57505
G1 X117.333 Y115.167 E63.60544
G1 X118.213 Y115.167 E63.63984
G1 X118.213 Y114.835 E63.65281
G1 X117.334 Y114.835 E63.68716
G1 X116.783 Y114.284 E63.71762
G1 X116.709 Y114.21
G0 F15000 X116.338 Y115
M204 S5000
;TYPE:WALL-INNER
G1 F1054.7 X116.338 Y122.674 E63.98562
G1 X118.658 Y122.674 E64.06664
G1 X118.658 Y107.322 E64.60278
G1 X116.338 Y107.322 E64.6838
G1 X116.338 Y115 E64.95194
M204 S10000
G0 F15000 X115.918 Y115
M204 S5000
;TYPE:WALL-OUTER
G1 F1054.7 X115.918 Y123.094 E65.23461
G1 X119.078 Y123.094 E65.34496
G1 X119.078 Y106.902 E65.91044
G1 X115.918 Y106.902 E66.0208
G1 X115.918 Y115 E66.3036
M204 S10000
G0 F15000 X115.918 Y115.2
G0 X116.949 Y115.2
;MESH:NONMESH
G0 F600 Z4.2
G0 F15000 X118.213 Y107.614
G0 X118.213 Y107.603
;TIME_ELAPSED:112.999251
;LAYER:20
;note -- min layer time used
;TYPE:FILL
;MESH:Stickmaaaaan.obj
G1 F1072.7 X116.783 Y107.603 E66.35949
G1 X116.783 Y115.717 E66.67659
G1 X117.333 Y115.167 E66.70699
G1 X118.213 Y115.167 E66.74138
G1 X118.213 Y114.835 E66.75435
G1 X117.334 Y114.835 E66.78871
G1 X116.783 Y114.284 E66.81916
G1 X116.709 Y114.21
G0 F15000 X116.338 Y115
M204 S5000
;TYPE:WALL-INNER
G1 F1072.7 X116.338 Y122.838 E67.09289
G1 X118.658 Y122.838 E67.17391
G1 X118.658 Y107.158 E67.7215
G1 X116.338 Y107.158 E67.80252
G1 X116.338 Y115 E68.07639
M204 S10000
G0 F15000 X115.918 Y115
M204 S5000
;TYPE:WALL-OUTER
G1 F1072.7 X115.918 Y123.258 E68.36479
G1 X119.078 Y123.258 E68.47514
G1 X119.078 Y106.738 E69.05207
G1 X115.918 Y106.738 E69.16243
G1 X115.918 Y115 E69.45097
M204 S10000
G0 F15000 X115.918 Y115.2
G0 X116.949 Y115.2
;MESH:NONMESH
G0 F600 Z4.4
G0 F15000 X118.213 Y107.45
G0 X118.213 Y107.439
;TIME_ELAPSED:118.154403
;LAYER:21
;note -- min layer time used
;TYPE:FILL
;MESH:Stickmaaaaan.obj
G1 F1090.7 X116.783 Y107.439 E69.50685
G1 X116.783 Y115.717 E69.83036
G1 X117.333 Y115.167 E69.86076
G1 X118.213 Y115.167 E69.89515
G1 X118.213 Y114.835 E69.90812
G1 X117.334 Y114.835 E69.94248
G1 X116.783 Y114.284 E69.97293
G1 X116.709 Y114.21
G0 F15000 X116.338 Y115
M204 S5000
;TYPE:WALL-INNER
G1 F1090.7 X116.338 Y123.002 E70.25238
G1 X118.658 Y123.002 E70.33341
G1 X118.658 Y106.994 E70.89246
G1 X116.338 Y106.994 E70.97348
G1 X116.338 Y115 E71.25307
M204 S10000
G0 F15000 X115.918 Y115
M204 S5000
;TYPE:WALL-OUTER
G1 F1090.7 X115.918 Y123.422 E71.54719
G1 X119.078 Y123.422 E71.65755
G1 X119.078 Y106.574 E72.24594
G1 X115.918 Y106.574 E72.35629
G1 X115.918 Y115 E72.65056
M204 S10000
G0 F15000 X115.918 Y115.2
G0 X116.949 Y115.2
;MESH:NONMESH
G0 F600 Z4.6
G0 F15000 X118.213 Y107.286
G0 X118.213 Y107.275
;TIME_ELAPSED:123.310263
;LAYER:22
;note -- min layer time used
;TYPE:FILL
;MESH:Stickmaaaaan.obj
G1 F1108.7 X116.783 Y107.275 E72.70644
G1 X116.783 Y115.717 E73.03636
G1 X117.333 Y115.167 E73.06676
G1 X118.213 Y115.167 E73.10115
G1 X118.213 Y114.835 E73.11412
G1 X117.334 Y114.835 E73.14848
G1 X116.783 Y114.284 E73.17893
G1 X116.709 Y114.21
G0 F15000 X116.338 Y115
M204 S5000
;TYPE:WALL-INNER
G1 F1108.7 X116.338 Y123.166 E73.46411
G1 X118.658 Y123.166 E73.54513
G1 X118.658 Y106.83 E74.11564
G1 X116.338 Y106.83 E74.19666
G1 X116.338 Y115 E74.48198
M204 S10000
G0 F15000 X115.918 Y115
M204 S5000
;TYPE:WALL-OUTER
G1 F1108.7 X115.918 Y123.586 E74.78183
G1 X119.078 Y123.586 E74.89219
G1 X119.078 Y106.41 E75.49203
G1 X115.918 Y106.41 E75.60239
G1 X115.918 Y115 E75.90238
M204 S10000
G0 F15000 X115.918 Y115.2
G0 X116.949 Y115.2
;MESH:NONMESH
G0 F600 Z4.8
G0 F15000 X118.213 Y107.122
G0 X118.213 Y107.111
;TIME_ELAPSED:128.466835
;LAYER:23
;note -- min layer time used
;TYPE:FILL
;MESH:Stickmaaaaan.obj
G1 F1126.7 X116.783 Y107.111 E75.95826
G1 X116.783 Y115.717 E76.29459
G1 X117.333 Y115.167 E76.32499
G1 X118.213 Y115.167 E76.35938
G1 X118.213 Y114.835 E76.37235
G1 X117.334 Y114.835 E76.4067
G1 X116.783 Y114.284 E76.43716
G1 X116.709 Y114.21
G0 F15000 X116.338 Y115
M204 S5000
;TYPE:WALL-INNER
G1 F1126.7 X116.338 Y123.33 E76.72807
G1 X118.658 Y123.33 E76.80909
G1 X118.658 Y106.666 E77.39105
G1 X116.338 Y106.666 E77.47207
G1 X116.338 Y115 E77.76312
M204 S10000
G0 F15000 X115.918 Y115
M204 S5000
;TYPE:WALL-OUTER
G1 F1126.7 X115.918 Y123.75 E78.0687
G1 X119.078 Y123.75 E78.17905
G1 X119.078 Y106.246 E78.79035
G1 X115.918 Y106.246 E78.90071
G1 X115.918 Y115 E79.20642
M204 S10000
G0 F15000 X115.918 Y115.2
G0 X116.949 Y115.2
;MESH:NONMESH
G0 F600 Z5
G0 F15000 X118.213 Y106.959
;TIME_ELAPSED:133.624074
;LAYER:24
;note -- min layer time used
;TYPE:FILL
;MESH:Stickmaaaaan.obj
G1 F1143.4 X116.783 Y106.959 E79.26231
G1 X116.783 Y115.717 E79.60458
G1 X117.334 Y115.166 E79.63503
G1 X118.213 Y115.166 E79.66938
G1 X118.213 Y114.834 E79.68236
G1 X117.333 Y114.834 E79.71675
G1 X116.783 Y114.284 E79.74714
G1 X116.709 Y114.21
G0 F15000 X116.338 Y115
M204 S5000
;TYPE:WALL-INNER
G1 F1143.4 X116.338 Y123.482 E80.04336
G1 X118.658 Y123.482 E80.12438
G1 X118.658 Y106.514 E80.71696
G1 X116.338 Y106.514 E80.79798
G1 X116.338 Y115 E81.09434
M204 S10000
G0 F15000 X115.918 Y115
M204 S5000
;TYPE:WALL-OUTER
G1 F1143.4 X115.918 Y123.902 E81.40523
G1 X119.078 Y123.902 E81.51558
G1 X119.078 Y106.094 E82.13749
G1 X115.918 Y106.094 E82.24785
G1 X115.918 Y115 E82.55888
M204 S10000
G0 F15000 X115.918 Y115.2
G0 X116.949 Y115.2
;MESH:NONMESH
G0 F600 Z5.2
G0 F15000 X118.213 Y106.851
;TIME_ELAPSED:138.781804
;LAYER:25
;note -- min layer time used
;TYPE:FILL
;MESH:Stickmaaaaan.obj
G1 F1155.2 X116.783 Y106.854 E82.61476
G1 X116.783 Y115.717 E82.96113
G1 X117.333 Y115.167 E82.99153
G1 X118.213 Y115.167 E83.02592
G1 X118.213 Y114.835 E83.0389
G1 X117.334 Y114.835 E83.07325
G1 X116.783 Y114.284 E83.1037
G1 X116.709 Y114.21
G0 F15000 X116.338 Y115
M204 S5000
;TYPE:WALL-INNER
G1 F1155.2 X116.338 Y123.59 E83.40369
G1 X118.658 Y123.59 E83.48471
G1 X118.658 Y106.406 E84.08483
G1 X116.338 Y106.406 E84.16585
G1 X116.338 Y115 E84.46598
M204 S10000
G0 F15000 X115.918 Y115
M204 S5000
;TYPE:WALL-OUTER
G1 F1155.2 X115.918 Y124.01 E84.78064
G1 X119.078 Y124.01 E84.891
G1 X119.078 Y105.986 E85.52045
G1 X115.918 Y105.986 E85.63081
G1 X115.918 Y115 E85.94561
M204 S10000
G0 F15000 X115.918 Y115.2
G0 X116.949 Y115.2
;MESH:NONMESH
G0 F600 Z5.4
G0 F15000 X116.783 Y106.854
;TIME_ELAPSED:143.939193
;LAYER:26
;note -- min layer time used
;TYPE:FILL
;MESH:Stickmaaaaan.obj
G1 F1452.7 X116.894 Y106.743 E85.95174
G1 X118.213 Y106.743 E86.00329
G1 X118.105 Y106.743 E86.00751
G1 X118.213 Y106.852 E86.01351
G1 X118.213 Y114.287 E86.30407
G1 X116.783 Y115.717 E86.38311
G1 X116.783 Y123.147 E86.67347
G1 X116.889 Y123.253 E86.67933
G1 X118.109 Y123.253 E86.72701
G1 X118.213 Y123.15 E86.73273
G1 X118.213 Y115.714 E87.02334
G1 X116.783 Y114.284 E87.10237
G1 X116.783 Y106.854 E87.39274
G0 F15000 X116.629 Y115
G0 X116.338 Y115
M204 S5000
;TYPE:WALL-INNER
G1 F1452.7 X116.338 Y123.698 E87.6965
G1 X118.658 Y123.698 E87.77752
G1 X118.658 Y106.298 E88.38518
G1 X116.338 Y106.298 E88.46621
G1 X116.338 Y115 E88.77011
M204 S10000
G0 F15000 X115.918 Y115
M204 S5000
;TYPE:WALL-OUTER
G1 F1452.7 X115.918 Y124.118 E89.08854
G1 X119.078 Y124.118 E89.19889
G1 X119.078 Y105.878 E89.83589
G1 X115.918 Y105.878 E89.94625
G1 X115.918 Y115 E90.26482
M204 S10000
G0 F15000 X115.918 Y115.2
G0 X116.949 Y115.2
;MESH:NONMESH
G0 F600 Z5.6
G0 F15000 X116.783 Y106.854
;TIME_ELAPSED:149.131206
;LAYER:27
;note -- min layer time used
;TYPE:FILL
;MESH:Stickmaaaaan.obj
G1 F1467.7 X116.998 Y106.639 E90.2767
G1 X118.213 Y106.639 E90.32418
G1 X118.001 Y106.639 E90.33247
G1 X118.213 Y106.852 E90.34421
G1 X118.213 Y114.287 E90.63478
G1 X116.783 Y115.717 E90.71381
G1 X116.783 Y123.147 E91.00418
G1 X116.996 Y123.36 E91.01595
G1 X118.001 Y123.361 E91.05523
G1 X118.213 Y123.15 E91.06692
G1 X118.213 Y115.714 E91.35752
G1 X116.783 Y114.284 E91.43656
G1 X116.783 Y106.854 E91.72693
G0 F15000 X116.629 Y115
G0 X116.338 Y115
M204 S5000
;TYPE:WALL-INNER
G1 F1467.7 X116.338 Y123.806 E92.03446
G1 X118.658 Y123.806 E92.11548
G1 X118.658 Y106.194 E92.73055
G1 X116.338 Y106.194 E92.81157
G1 X116.338 Y115 E93.1191
M204 S10000
G0 F15000 X115.918 Y115
M204 S5000
;TYPE:WALL-OUTER
G1 F1467.7 X115.918 Y124.226 E93.4413
G1 X119.078 Y124.226 E93.55166
G1 X119.078 Y105.774 E94.19606
G1 X115.918 Y105.774 E94.30642
G1 X115.918 Y115 E94.62862
M204 S10000
G0 F15000 X115.918 Y115.2
G0 X116.949 Y115.2
;MESH:NONMESH
G0 F600 Z5.8
G0 F15000 X116.783 Y106.854
;TIME_ELAPSED:154.323966
;LAYER:28
;note -- min layer time used
;TYPE:FILL
;MESH:Stickmaaaaan.obj
G1 F1482.8 X117.105 Y106.531 E94.64644
G1 X118.213 Y106.531 E94.68975
G1 X117.893 Y106.531 E94.70225
G1 X118.213 Y106.851 E94.71994
G1 X118.213 Y114.287 E95.01054
G1 X116.783 Y115.717 E95.08957
G1 X116.783 Y123.147 E95.37994
G1 X117.101 Y123.465 E95.39752
G1 X117.897 Y123.465 E95.42863
G1 X118.213 Y123.15 E95.44606
G1 X118.213 Y115.714 E95.73667
G1 X116.783 Y114.284 E95.8157
G1 X116.783 Y106.854 E96.10607
G0 F15000 X116.629 Y115
G0 X116.338 Y115
M204 S5000
;TYPE:WALL-INNER
G1 F1482.8 X116.338 Y123.91 E96.41724
G1 X118.658 Y123.91 E96.49826
G1 X118.658 Y106.086 E97.12073
G1 X116.338 Y106.086 E97.20175
G1 X116.338 Y115 E97.51305
M204 S10000
G0 F15000 X115.918 Y115
M204 S5000
;TYPE:WALL-OUTER
G1 F1482.8 X115.918 Y124.33 E97.83889
G1 X119.078 Y124.33 E97.94924
G1 X119.078 Y105.666 E98.60105
G1 X115.918 Y105.666 E98.71141
G1 X115.918 Y115 E99.03738
M204 S10000
G0 F15000 X115.918 Y115.2
G0 X116.949 Y115.2
;MESH:NONMESH
G0 F600 Z6
G0 F15000 X116.783 Y106.854
;TIME_ELAPSED:159.517482
;LAYER:29
;note -- min layer time used
;TYPE:FILL
;MESH:Stickmaaaaan.obj
G1 F1498.1 X117.214 Y106.422 E99.06123
G1 X118.213 Y106.423 E99.10027
G1 X117.785 Y106.423 E99.117
G1 X118.213 Y106.852 E99.14068
G1 X118.213 Y114.286 E99.4312
G1 X116.783 Y115.717 E99.51027
G1 X116.783 Y123.147 E99.80064
G1 X117.209 Y123.573 E99.82418
G1 X117.789 Y123.573 E99.84685
G1 X118.213 Y123.149 E99.87028
G1 X118.213 Y115.714 E100.16085
G1 X116.783 Y114.284 E100.23988
G1 X116.783 Y106.854 E100.53025
G0 F15000 X116.629 Y115
G0 X116.338 Y115
M204 S5000
;TYPE:WALL-INNER
G1 F1498.1 X116.338 Y124.018 E100.84519
G1 X118.658 Y124.018 E100.92621
G1 X118.658 Y105.978 E101.55622
G1 X116.338 Y105.978 E101.63724
G1 X116.338 Y115 E101.95232
M204 S10000
G0 F15000 X115.918 Y115
M204 S5000
;TYPE:WALL-OUTER
G1 F1498.1 X115.918 Y124.438 E102.28192
G1 X119.078 Y124.438 E102.39228
G1 X119.078 Y105.558 E103.05163
G1 X115.918 Y105.558 E103.16199
G1 X115.918 Y115 E103.49173
M204 S10000
G0 F15000 X115.918 Y115.2
G0 X116.949 Y115.2
;MESH:NONMESH
G0 F600 Z6.2
G0 F15000 X117.677 Y106.315
;TIME_ELAPSED:164.714027
;LAYER:30
;note -- min layer time used
;TYPE:FILL
;MESH:Stickmaaaaan.obj
G1 F1509.7 X118.213 Y106.852 E103.52138
G1 X118.213 Y114.287 E103.81195
G1 X116.783 Y115.717 E103.89098
G1 X116.783 Y123.147 E104.18135
G1 X117.317 Y123.681 E104.21086
G1 X117.681 Y123.681 E104.22509
G1 X118.213 Y123.15 E104.25446
G1 X118.213 Y115.714 E104.54507
G1 X116.783 Y114.284 E104.6241
G1 X116.783 Y106.854 E104.91447
G1 X117.322 Y106.315 E104.94426
G1 X118.213 Y106.315 E104.97908
G1 X118.318 Y106.315
G0 F15000 X116.629 Y115
G0 X116.338 Y115
M204 S5000
;TYPE:WALL-INNER
G1 F1509.7 X116.338 Y124.126 E105.29779
G1 X118.658 Y124.126 E105.37881
G1 X118.658 Y105.87 E106.01637
G1 X116.338 Y105.87 E106.09739
G1 X116.338 Y115 E106.41624
M204 S10000
G0 F15000 X115.918 Y115
M204 S5000
;TYPE:WALL-OUTER
G1 F1509.7 X115.918 Y124.546 E106.74961
G1 X119.078 Y124.546 E106.85997
G1 X119.078 Y105.45 E107.52686
G1 X115.918 Y105.45 E107.63722
G1 X115.918 Y115 E107.97074
M204 S10000
G0 F15000 X115.918 Y115.2
G0 X116.949 Y115.2
;MESH:NONMESH
G0 F600 Z6.4
G0 F15000 X117.573 Y106.211
;TIME_ELAPSED:169.906421
;LAYER:31
;note -- min layer time used
;TYPE:FILL
;MESH:Stickmaaaaan.obj
G1 F1523.7 X118.213 Y106.852 E108.00614
G1 X118.213 Y114.287 E108.2967
G1 X116.784 Y115.716 E108.37568
G1 X116.783 Y123.147 E108.66609
G1 X117.425 Y123.789 E108.70157
G1 X117.573 Y123.789 E108.70735
G1 X118.213 Y123.15 E108.7427
G1 X118.213 Y115.714 E109.0333
G1 X116.783 Y114.284 E109.11234
G1 X116.784 Y106.853 E109.40274
G1 X117.426 Y106.211 E109.43823
G1 X118.213 Y106.211 E109.46898
G1 X118.318 Y106.211
G0 F15000 X116.629 Y115
G0 X116.338 Y115
M204 S5000
;TYPE:WALL-INNER
G1 F1523.7 X116.338 Y124.234 E109.79146
G1 X118.658 Y124.234 E109.87249
G1 X118.658 Y105.766 E110.51745
G1 X116.338 Y105.766 E110.59847
G1 X116.338 Y115 E110.92095
M204 S10000
G0 F15000 X115.918 Y115
M204 S5000
;TYPE:WALL-OUTER
G1 F1523.7 X115.918 Y124.654 E111.2581
G1 X119.078 Y124.654 E111.36845
G1 X119.078 Y105.346 E112.04275
G1 X115.918 Y105.346 E112.15311
G1 X115.918 Y115 E112.49025
M204 S10000
G0 F15000 X115.918 Y115.2
G0 X116.949 Y115.2
;MESH:NONMESH
G0 F600 Z6.6
G0 F15000 X117.534 Y106.103
;TIME_ELAPSED:175.099525
;LAYER:32
;note -- min layer time used
;TYPE:FILL
;MESH:Stickmaaaaan.obj
G1 F1539.5 X116.783 Y106.854 E112.53176
G1 X116.783 Y114.284 E112.82213
G1 X118.213 Y115.714 E112.90116
G1 X118.213 Y123.15 E113.19177
G1 X117.469 Y123.894 E113.23289
G1 X117.331 Y123.896 E113.23828
G1 X116.783 Y123.147 E113.27455
G1 X116.783 Y115.717 E113.56492
G1 X118.213 Y114.287 E113.64395
G1 X118.213 Y106.852 E113.93452
G1 X117.465 Y106.103 E113.97589
G1 X118.213 Y106.103 E114.00512
G1 X118.318 Y106.103
G0 F15000 X116.629 Y115
G0 X116.338 Y115
M204 S5000
;TYPE:WALL-INNER
G1 F1539.5 X116.338 Y124.338 E114.33123
G1 X118.658 Y124.338 E114.41225
G1 X118.658 Y105.658 E115.06462
G1 X116.338 Y105.658 E115.14564
G1 X116.338 Y115 E115.47189
M204 S10000
G0 F15000 X115.918 Y115
M204 S5000
;TYPE:WALL-OUTER
G1 F1539.5 X115.918 Y124.758 E115.81267
G1 X119.078 Y124.758 E115.92303
G1 X119.078 Y105.238 E116.60473
G1 X115.918 Y105.238 E116.71508
G1 X115.918 Y115 E117.056
M204 S10000
G0 F15000 X115.918 Y115.2
G0 X116.949 Y115.2
;MESH:NONMESH
G0 F600 Z6.8
G0 F15000 X117.641 Y105.995
;TIME_ELAPSED:180.294233
;LAYER:33
;note -- min layer time used
;TYPE:FILL
;MESH:Stickmaaaaan.obj
G1 F1557.1 X116.783 Y106.854 E117.10345
G1 X116.783 Y114.284 E117.39382
G1 X118.213 Y115.714 E117.47286
G1 X118.213 Y123.15 E117.76346
G1 X117.344 Y124.018 E117.81146
G1 X116.783 Y123.147 E117.85195
G1 X116.783 Y115.717 E118.14232
G1 X118.213 Y114.287 E118.22135
G1 X118.213 Y106.851 E118.51196
G1 X117.357 Y105.995 E118.55927
G1 X118.213 Y105.995 E118.59272
G1 X118.318 Y105.995
G0 F15000 X116.629 Y115
G0 X116.338 Y115
M204 S5000
;TYPE:WALL-INNER
G1 F1557.1 X116.338 Y124.446 E118.9226
G1 X118.658 Y124.446 E119.00362
G1 X118.658 Y105.55 E119.66353
G1 X116.338 Y105.55 E119.74455
G1 X116.338 Y115 E120.07458
M204 S10000
G0 F15000 X115.918 Y115
M204 S5000
;TYPE:WALL-OUTER
G1 F1557.1 X115.918 Y124.866 E120.41913
G1 X119.078 Y124.866 E120.52949
G1 X119.078 Y105.13 E121.21873
G1 X115.918 Y105.13 E121.32909
G1 X115.918 Y115 E121.67378
M204 S10000
G0 F15000 X115.918 Y115.2
G0 X116.949 Y115.2
;MESH:NONMESH
G0 F600 Z7
G0 F15000 X117.713 Y105.923
;TIME_ELAPSED:185.489140
;LAYER:34
;note -- min layer time used
;TYPE:FILL
;MESH:Stickmaaaaan.obj
G1 F1572.3 X116.783 Y106.854 E121.72521
G1 X116.783 Y114.284 E122.01557
G1 X118.213 Y115.714 E122.09461
G1 X118.213 Y123.15 E122.38521
G1 X117.665 Y123.697 E122.41547
G1 X117.665 Y124.073 E122.43017
G1 X117.333 Y124.073 E122.44314
G1 X117.333 Y123.697 E122.45783
G1 X116.783 Y123.147 E122.48823
G1 X116.783 Y115.717 E122.7786
G1 X118.213 Y114.287 E122.85764
G1 X118.213 Y106.851 E123.14824
G1 X117.285 Y105.923 E123.19953
G1 X118.213 Y105.923 E123.2358
G1 X118.318 Y105.923
G0 F15000 X116.629 Y115
G0 X116.338 Y115
M204 S5000
;TYPE:WALL-INNER
G1 F1572.3 X116.338 Y124.518 E123.56819
G1 X118.658 Y124.518 E123.64922
G1 X118.658 Y105.478 E124.31415
G1 X116.338 Y105.478 E124.39517
G1 X116.338 Y115 E124.72771
M204 S10000
G0 F15000 X115.918 Y115
M204 S5000
;TYPE:WALL-OUTER
G1 F1572.3 X115.918 Y124.938 E125.07478
G1 X119.078 Y124.938 E125.18514
G1 X119.078 Y105.058 E125.87941
G1 X115.918 Y105.058 E125.98976
G1 X115.918 Y115 E126.33697
M204 S10000
G0 F15000 X115.918 Y115.2
G0 X116.949 Y115.2
;MESH:NONMESH
G0 F600 Z7.2
G0 F15000 X117.225 Y105.863
;TIME_ELAPSED:190.688401
;LAYER:35
;note -- min layer time used
;TYPE:FILL
;MESH:Stickmaaaaan.obj
G1 F1586.4 X118.213 Y106.852 E126.3916
G1 X118.213 Y114.287 E126.68217
G1 X116.783 Y115.717 E126.7612
G1 X116.783 Y123.147 E127.05157
G1 X117.333 Y123.697 E127.08197
G1 X117.333 Y124.133 E127.09901
G1 X117.665 Y124.133 E127.11198
G1 X117.665 Y123.698 E127.12898
G1 X118.213 Y123.15 E127.15927
G1 X118.213 Y115.714 E127.44987
G1 X116.783 Y114.284 E127.52891
G1 X116.783 Y106.854 E127.81928
G1 X117.774 Y105.862 E127.87408
G1 X118.213 Y105.863 E127.89123
G1 X117.225 Y105.863 E127.92984
G0 F15000 X116.629 Y115
G0 X116.338 Y115
M204 S5000
;TYPE:WALL-INNER
G1 F1586.4 X116.338 Y124.578 E128.26434
G1 X118.658 Y124.578 E128.34536
G1 X118.658 Y105.418 E129.01449
G1 X116.338 Y105.418 E129.09551
G1 X116.338 Y115 E129.43014
M204 S10000
G0 F15000 X115.918 Y115
M204 S5000
;TYPE:WALL-OUTER
G1 F1586.4 X115.918 Y124.998 E129.7793
G1 X119.078 Y124.998 E129.88966
G1 X119.078 Y104.998 E130.58812
G1 X115.918 Y104.998 E130.69848
G1 X115.918 Y115 E131.04778
M204 S10000
G0 F15000 X115.918 Y115.2
G0 X116.949 Y115.2
;MESH:NONMESH
G0 F600 Z7.4
G0 F15000 X117.165 Y105.803
;TIME_ELAPSED:195.889561
;LAYER:36
;note -- min layer time used
;TYPE:FILL
;MESH:Stickmaaaaan.obj
G1 F1596.2 X118.213 Y106.852 E131.10573
G1 X118.213 Y114.287 E131.39629
G1 X116.784 Y115.716 E131.47527
G1 X116.783 Y123.147 E131.76568
G1 X117.333 Y123.697 E131.79608
G1 X117.333 Y124.197 E131.81562
G1 X117.665 Y124.197 E131.82859
G1 X117.665 Y123.697 E131.84813
G1 X118.213 Y123.15 E131.87839
G1 X118.213 Y115.714 E132.169
G1 X116.783 Y114.284 E132.24803
G1 X116.784 Y106.853 E132.53844
G1 X117.834 Y105.803 E132.59647
G1 X118.213 Y105.803 E132.61128
G1 X117.165 Y105.803 E132.65224
G0 F15000 X116.629 Y115
G0 X116.338 Y115
M204 S5000
;TYPE:WALL-INNER
G1 F1596.2 X116.338 Y124.642 E132.98897
G1 X118.658 Y124.642 E133.06999
G1 X118.658 Y105.358 E133.74345
G1 X116.338 Y105.358 E133.82447
G1 X116.338 Y115 E134.1612
M204 S10000
G0 F15000 X115.918 Y115
M204 S5000
;TYPE:WALL-OUTER
G1 F1596.2 X115.918 Y125.062 E134.5126
G1 X119.078 Y125.062 E134.62295
G1 X119.078 Y104.938 E135.32575
G1 X115.918 Y104.938 E135.4361
G1 X115.918 Y115 E135.7875
M204 S10000
G0 F15000 X115.918 Y115.2
G0 X116.949 Y115.2
;MESH:NONMESH
G0 F600 Z7.6
G0 F15000 X117.101 Y105.739
;TIME_ELAPSED:201.091266
;LAYER:37
;note -- min layer time used
;TYPE:FILL
;MESH:Stickmaaaaan.obj
G1 F1606.1 X118.213 Y106.851 E135.84896
G1 X118.213 Y114.287 E136.13956
G1 X116.783 Y115.717 E136.2186
G1 X116.783 Y123.147 E136.50897
G1 X117.333 Y123.697 E136.53936
G1 X117.333 Y124.257 E136.56125
G1 X117.665 Y124.257 E136.57422
G1 X117.665 Y123.698 E136.59607
G1 X118.213 Y123.15 E136.62636
G1 X118.213 Y115.714 E136.91696
G1 X116.783 Y114.284 E136.99599
G1 X116.783 Y106.854 E137.28636
G1 X117.897 Y105.739 E137.34796
G1 X118.213 Y105.739 E137.36031
G1 X117.101 Y105.739 E137.40377
G0 F15000 X116.629 Y115
G0 X116.338 Y115
M204 S5000
;TYPE:WALL-INNER
G1 F1606.1 X116.338 Y124.702 E137.74259
G1 X118.658 Y124.702 E137.82361
G1 X118.658 Y105.294 E138.5014
G1 X116.338 Y105.294 E138.58242
G1 X116.338 Y115 E138.92139
M204 S10000
G0 F15000 X115.918 Y115
M204 S5000
;TYPE:WALL-OUTER
G1 F1606.1 X115.918 Y125.122 E139.27488
G1 X119.078 Y125.122 E139.38524
G1 X119.078 Y104.874 E140.09236
G1 X115.918 Y104.874 E140.20272
G1 X115.918 Y115 E140.55635
M204 S10000
G0 F15000 X115.918 Y115.2
G0 X116.949 Y115.2
;MESH:NONMESH
G0 F600 Z7.8
G0 F15000 X117.041 Y105.679
;TIME_ELAPSED:206.293488
;LAYER:38
;note -- min layer time used
;TYPE:FILL
;MESH:Stickmaaaaan.obj
G1 F1615.6 X118.213 Y106.852 E140.62115
G1 X118.213 Y114.286 E140.91168
G1 X116.783 Y115.717 E140.99074
G1 X116.783 Y123.147 E141.28111
G1 X117.333 Y123.697 E141.31151
G1 X117.333 Y124.317 E141.33574
G1 X117.665 Y124.316 E141.34871
G1 X117.665 Y123.697 E141.3729
G1 X118.213 Y123.149 E141.40319
G1 X118.213 Y115.714 E141.69375
G1 X116.783 Y114.284 E141.77279
G1 X116.783 Y106.854 E142.06316
G1 X117.958 Y105.679 E142.1281
G1 X118.213 Y105.679 E142.13806
G1 X117.041 Y105.679 E142.18386
G0 F15000 X116.629 Y115
G0 X116.338 Y115
M204 S5000
;TYPE:WALL-INNER
G1 F1615.6 X116.338 Y124.762 E142.52478
G1 X118.658 Y124.762 E142.60581
G1 X118.658 Y105.234 E143.28778
G1 X116.338 Y105.234 E143.36881
G1 X116.338 Y115 E143.70987
M204 S10000
G0 F15000 X115.918 Y115
M204 S5000
;TYPE:WALL-OUTER
G1 F1615.6 X115.918 Y125.182 E144.06545
G1 X119.078 Y125.182 E144.17581
G1 X119.078 Y104.814 E144.88712
G1 X115.918 Y104.814 E144.99748
G1 X115.918 Y115 E145.35321
M204 S10000
G0 F15000 X115.918 Y115.2
G0 X116.949 Y115.2
;MESH:NONMESH
G0 F600 Z8
G0 F15000 X116.981 Y105.619
;TIME_ELAPSED:211.496221
;LAYER:39
;note -- min layer time used
;TYPE:FILL
;MESH:Stickmaaaaan.obj
G1 F1625.2 X118.213 Y106.851 E145.4213
G1 X118.213 Y114.287 E145.7119
G1 X116.783 Y115.717 E145.79094
G1 X116.783 Y123.147 E146.08131
G1 X117.333 Y123.697 E146.1117
G1 X117.333 Y124.377 E146.13828
G1 X117.665 Y124.377 E146.15125
G1 X117.665 Y123.698 E146.17779
G1 X118.213 Y123.15 E146.20808
G1 X118.213 Y115.714 E146.49868
G1 X116.783 Y114.284 E146.57771
G1 X116.783 Y106.854 E146.86808
G1 X118.018 Y105.619 E146.93634
G1 X118.213 Y105.619 E146.94396
G1 X116.981 Y105.619 E146.99211
G0 F15000 X116.629 Y115
G0 X116.338 Y115
M204 S5000
;TYPE:WALL-INNER
G1 F1625.2 X116.338 Y124.822 E147.33512
G1 X118.658 Y124.822 E147.41614
G1 X118.658 Y105.174 E148.10231
G1 X116.338 Y105.174 E148.18334
G1 X116.338 Y115 E148.52649
M204 S10000
G0 F15000 X115.918 Y115
M204 S5000
;TYPE:WALL-OUTER
G1 F1625.2 X115.918 Y125.242 E148.88417
G1 X119.078 Y125.242 E148.99453
G1 X119.078 Y104.754 E149.71004
G1 X115.918 Y104.754 E149.82039
G1 X115.918 Y115 E150.17822
M204 S10000
G0 F15000 X115.918 Y115.2
G0 X116.949 Y115.2
;MESH:NONMESH
G0 F600 Z8.2
G0 F15000 X116.921 Y105.559
;TIME_ELAPSED:216.699474
;LAYER:40
;note -- min layer time used
;TYPE:FILL
;MESH:Stickmaaaaan.obj
G1 F1634.7 X118.213 Y106.852 E150.24965
G1 X118.213 Y114.287 E150.54022
G1 X116.784 Y115.716 E150.61919
G1 X116.783 Y123.147 E150.9096
G1 X117.333 Y123.697 E150.94
G1 X117.333 Y124.437 E150.96892
G1 X117.665 Y124.437 E150.98189
G1 X117.665 Y123.698 E151.01077
G1 X118.213 Y123.15 E151.04106
G1 X118.213 Y115.714 E151.33167
G1 X116.783 Y114.284 E151.4107
G1 X116.784 Y106.853 E151.70111
G1 X118.078 Y105.559 E151.77263
G1 X118.213 Y105.559 E151.7779
G1 X116.921 Y105.559 E151.82839
G0 F15000 X116.629 Y115
G0 X116.338 Y115
M204 S5000
;TYPE:WALL-INNER
G1 F1634.7 X116.338 Y124.882 E152.1735
G1 X118.658 Y124.882 E152.25453
G1 X118.658 Y105.114 E152.94489
G1 X116.338 Y105.114 E153.02591
G1 X116.338 Y115 E153.37116
M204 S10000
G0 F15000 X115.918 Y115
M204 S5000
;TYPE:WALL-OUTER
G1 F1634.7 X115.918 Y125.302 E153.73094
G1 X119.078 Y125.302 E153.84129
G1 X119.078 Y104.694 E154.56099
G1 X115.918 Y104.694 E154.67135
G1 X115.918 Y115 E155.03126
M204 S10000
G0 F15000 X115.918 Y115.2
G0 X116.949 Y115.2
;MESH:NONMESH
G0 F600 Z8.4
G0 F15000 X116.861 Y105.499
;TIME_ELAPSED:221.903241
;LAYER:41
;note -- min layer time used
;TYPE:FILL
;MESH:Stickmaaaaan.obj
G1 F1644.3 X118.213 Y106.852 E155.10602
G1 X118.213 Y114.287 E155.39658
G1 X116.783 Y115.717 E155.47561
G1 X116.783 Y123.147 E155.76598
G1 X117.333 Y123.697 E155.79638
G1 X117.333 Y124.497 E155.82765
G1 X117.665 Y124.497 E155.84062
G1 X117.665 Y123.698 E155.87185
G1 X118.213 Y123.15 E155.90213
G1 X118.213 Y115.714 E156.19274
G1 X116.783 Y114.284 E156.27177
G1 X116.783 Y106.854 E156.56214
G1 X118.138 Y105.499 E156.63703
G1 X118.213 Y105.499 E156.63996
G1 X116.861 Y105.499 E156.6928
G0 F15000 X116.629 Y115
G0 X116.338 Y115
M204 S5000
;TYPE:WALL-INNER
G1 F1644.3 X116.338 Y124.942 E157.04
G1 X118.658 Y124.942 E157.12102
G1 X118.658 Y105.054 E157.81558
G1 X116.338 Y105.054 E157.8966
G1 X116.338 Y115 E158.24394
M204 S10000
G0 F15000 X115.918 Y115
M204 S5000
;TYPE:WALL-OUTER
G1 F1644.3 X115.918 Y125.362 E158.60582
G1 X119.078 Y125.362 E158.71617
G1 X119.078 Y104.634 E159.44006
G1 X115.918 Y104.634 E159.55042
G1 X115.918 Y115 E159.91243
M204 S10000
G0 F15000 X115.918 Y115.2
G0 X116.949 Y115.2
;MESH:NONMESH
G0 F600 Z8.6
G0 F15000 X116.801 Y105.44
;TIME_ELAPSED:227.107522
;LAYER:42
;note -- min layer time used
;TYPE:FILL
;MESH:Stickmaaaaan.obj
G1 F1654.1 X118.213 Y106.852 E159.99047
G1 X118.213 Y114.287 E160.28103
G1 X116.783 Y115.717 E160.36007
G1 X116.783 Y123.147 E160.65044
G1 X117.333 Y123.697 E160.68083
G1 X117.333 Y124.561 E160.7146
G1 X117.665 Y124.561 E160.72758
G1 X117.665 Y123.698 E160.7613
G1 X118.213 Y123.15 E160.79159
G1 X118.213 Y115.714 E161.08219
G1 X116.783 Y114.284 E161.16123
G1 X116.783 Y106.854 E161.4516
G1 X118.198 Y105.439 E161.5298
G1 X118.213 Y105.439 E161.53039
G1 X116.801 Y105.44 E161.58557
G0 F15000 X116.629 Y115
G0 X116.338 Y115
M204 S5000
;TYPE:WALL-INNER
G1 F1654.1 X116.338 Y125.006 E161.93501
G1 X118.658 Y125.006 E162.01603
G1 X118.658 Y104.994 E162.71491
G1 X116.338 Y104.994 E162.79593
G1 X116.338 Y115 E163.14538
M204 S10000
G0 F15000 X115.918 Y115
M204 S5000
;TYPE:WALL-OUTER
G1 F1654.1 X115.918 Y125.426 E163.50948
G1 X119.078 Y125.426 E163.61984
G1 X119.078 Y104.574 E164.34806
G1 X115.918 Y104.574 E164.45842
G1 X115.918 Y115 E164.82252
M204 S10000
G0 F15000 X115.918 Y115.2
G0 X116.949 Y115.2
;MESH:NONMESH
G0 F600 Z8.8
G0 F15000 X118.213 Y105.375
;TIME_ELAPSED:232.312063
;LAYER:43
;note -- min layer time used
;TYPE:FILL
;MESH:Stickmaaaaan.obj
G1 F1487.7 X116.783 Y105.375 E164.87841
G1 X116.783 Y105.421 E164.88021
G1 X117.334 Y105.972 E164.91066
G1 X118.213 Y105.971 E164.94501
G1 X118.213 Y106.303 E164.95799
G1 X117.332 Y106.304 E164.99242
G1 X116.783 Y106.854 E165.02279
G1 X116.783 Y114.284 E165.31316
G1 X117.333 Y114.834 E165.34355
G1 X118.213 Y114.834 E165.37795
G1 X118.213 Y115.166 E165.39092
G1 X117.334 Y115.166 E165.42527
G1 X116.783 Y115.717 E165.45573
G1 X116.783 Y124.579 E165.80206
G1 X117.333 Y124.029 E165.83246
G1 X118.213 Y124.029 E165.86685
G1 X118.213 Y123.697 E165.87982
G1 X117.333 Y123.697 E165.91421
G1 X116.783 Y123.147 E165.94461
G1 X116.709 Y123.073
G0 F15000 X116.629 Y115
G0 X116.338 Y115
M204 S5000
;TYPE:WALL-INNER
G1 F1487.7 X116.338 Y125.066 E166.29615
G1 X118.658 Y125.066 E166.37717
G1 X118.658 Y104.93 E167.08038
G1 X116.338 Y104.93 E167.1614
G1 X116.338 Y115 E167.51308
M204 S10000
G0 F15000 X115.918 Y115
M204 S5000
;TYPE:WALL-OUTER
G1 F1487.7 X115.918 Y125.486 E167.87928
G1 X119.078 Y125.486 E167.98964
G1 X119.078 Y104.51 E168.72219
G1 X115.918 Y104.51 E168.83254
G1 X115.918 Y115 E169.19889
M204 S10000
G0 F15000 X115.918 Y115.2
G0 X116.949 Y115.2
;MESH:NONMESH
G0 F600 Z9
G0 F15000 X118.213 Y105.335
;TIME_ELAPSED:237.514355
;LAYER:44
;note -- min layer time used
;TYPE:FILL
;MESH:Stickmaaaaan.obj
G1 F1492.2 X116.783 Y105.335 E169.25477
G1 X116.783 Y105.421 E169.25813
G1 X117.334 Y105.972 E169.28859
G1 X118.213 Y105.972 E169.32294
G1 X118.213 Y106.304 E169.33591
G1 X117.333 Y106.304 E169.3703
G1 X116.783 Y106.854 E169.4007
G1 X116.783 Y114.284 E169.69107
G1 X117.334 Y114.835 E169.72152
G1 X118.213 Y114.835 E169.75588
G1 X118.213 Y115.167 E169.76885
G1 X117.333 Y115.167 E169.80324
G1 X116.783 Y115.717 E169.83364
G1 X116.783 Y124.579 E170.17997
G1 X117.333 Y124.029 E170.21037
G1 X118.213 Y124.029 E170.24476
G1 X118.213 Y123.697 E170.25774
G1 X117.333 Y123.697 E170.29213
G1 X116.783 Y123.147 E170.32252
G1 X116.709 Y123.073
G0 F15000 X116.629 Y115
G0 X116.338 Y115
M204 S5000
;TYPE:WALL-INNER
G1 F1492.2 X116.338 Y125.106 E170.67546
G1 X118.658 Y125.106 E170.75648
G1 X118.658 Y104.89 E171.46249
G1 X116.338 Y104.89 E171.54351
G1 X116.338 Y115 E171.89658
M204 S10000
G0 F15000 X115.918 Y115
M204 S5000
;TYPE:WALL-OUTER
G1 F1492.2 X115.918 Y125.526 E172.26418
G1 X119.078 Y125.526 E172.37454
G1 X119.078 Y104.47 E173.10988
G1 X115.918 Y104.47 E173.22024
G1 X115.918 Y115 E173.58798
M204 S10000
G0 F15000 X115.918 Y115.2
G0 X116.949 Y115.2
;MESH:NONMESH
G0 F600 Z9.2
G0 F15000 X118.213 Y105.315
;TIME_ELAPSED:242.716842
;LAYER:45
;note -- min layer time used
;TYPE:FILL
;MESH:Stickmaaaaan.obj
G1 F1494.4 X116.783 Y105.315 E173.64386
G1 X116.783 Y105.421 E173.64801
G1 X117.334 Y105.972 E173.67846
G1 X118.213 Y105.972 E173.71281
G1 X118.213 Y106.304 E173.72579
G1 X117.333 Y106.304 E173.76018
G1 X116.783 Y106.854 E173.79057
G1 X116.783 Y114.284 E174.08094
G1 X117.334 Y114.835 E174.1114
G1 X118.213 Y114.835 E174.14575
G1 X118.213 Y115.167 E174.15872
G1 X117.333 Y115.167 E174.19311
G1 X116.783 Y115.717 E174.22351
G1 X116.783 Y124.579 E174.56984
G1 X117.333 Y124.029 E174.60024
G1 X118.213 Y124.029 E174.63463
G1 X118.213 Y123.697 E174.64761
G1 X117.333 Y123.697 E174.682
G1 X116.783 Y123.147 E174.7124
G1 X116.709 Y123.073
G0 F15000 X116.629 Y115
G0 X116.338 Y115
M204 S5000
;TYPE:WALL-INNER
G1 F1494.4 X116.338 Y125.126 E175.06603
G1 X118.658 Y125.126 E175.14705
G1 X118.658 Y104.87 E175.85445
G1 X116.338 Y104.87 E175.93547
G1 X116.338 Y115 E176.28925
M204 S10000
G0 F15000 X115.918 Y115
M204 S5000
;TYPE:WALL-OUTER
G1 F1494.4 X115.918 Y125.546 E176.65755
G1 X119.078 Y125.546 E176.7679
G1 X119.078 Y104.45 E177.50464
G1 X115.918 Y104.45 E177.615
G1 X115.918 Y115 E177.98344
M204 S10000
G0 F15000 X115.918 Y115.2
G0 X116.949 Y115.2
;MESH:NONMESH
G0 F600 Z9.4
G0 F15000 X118.213 Y105.295
;TIME_ELAPSED:247.919459
;LAYER:46
;note -- min layer time used
;TYPE:FILL
;MESH:Stickmaaaaan.obj
G1 F1496.6 X116.783 Y105.295 E178.03932
G1 X116.783 Y105.421 E178.04425
G1 X117.334 Y105.972 E178.0747
G1 X118.213 Y105.972 E178.10905
G1 X118.213 Y106.304 E178.12203
G1 X117.333 Y106.304 E178.15642
G1 X116.783 Y106.854 E178.18682
G1 X116.783 Y114.284 E178.47718
G1 X117.334 Y114.835 E178.50764
G1 X118.213 Y114.835 E178.54199
G1 X118.213 Y115.167 E178.55496
G1 X117.333 Y115.167 E178.58935
G1 X116.783 Y115.717 E178.61975
G1 X116.783 Y124.579 E178.96609
G1 X117.333 Y124.029 E178.99648
G1 X118.213 Y124.029 E179.03087
G1 X118.213 Y123.697 E179.04385
G1 X117.333 Y123.697 E179.07824
G1 X116.783 Y123.147 E179.10864
G1 X116.709 Y123.073
G0 F15000 X116.629 Y115
G0 X116.338 Y115
M204 S5000
;TYPE:WALL-INNER
G1 F1496.6 X116.338 Y125.146 E179.46297
G1 X118.658 Y125.146 E179.54399
G1 X118.658 Y104.85 E180.25279
G1 X116.338 Y104.85 E180.33381
G1 X116.338 Y115 E180.68828
M204 S10000
G0 F15000 X115.918 Y115
M204 S5000
;TYPE:WALL-OUTER
G1 F1496.6 X115.918 Y125.566 E181.05728
G1 X119.078 Y125.566 E181.16764
G1 X119.078 Y104.43 E181.90577
G1 X115.918 Y104.43 E182.01613
G1 X115.918 Y115 E182.38527
M204 S10000
G0 F15000 X115.918 Y115.2
G0 X116.949 Y115.2
;MESH:NONMESH
G0 F600 Z9.6
G0 F15000 X118.213 Y105.275
;TIME_ELAPSED:253.122208
;LAYER:47
;note -- min layer time used
;TYPE:FILL
;MESH:Stickmaaaaan.obj
G1 F1498.8 X116.783 Y105.275 E182.44115
G1 X116.783 Y105.421 E182.44686
G1 X117.334 Y105.972 E182.47731
G1 X118.213 Y105.972 E182.51166
G1 X118.213 Y106.304 E182.52464
G1 X117.333 Y106.304 E182.55903
G1 X116.783 Y106.854 E182.58943
G1 X116.783 Y114.284 E182.87979
G1 X117.334 Y114.835 E182.91025
G1 X118.213 Y114.835 E182.9446
G1 X118.213 Y115.167 E182.95757
G1 X117.333 Y115.167 E182.99197
G1 X116.783 Y115.717 E183.02236
G1 X116.783 Y124.579 E183.3687
G1 X117.333 Y124.029 E183.39909
G1 X118.213 Y124.029 E183.43348
G1 X118.213 Y123.697 E183.44646
G1 X117.333 Y123.697 E183.48085
G1 X116.783 Y123.147 E183.51125
G1 X116.709 Y123.073
G0 F15000 X116.629 Y115
G0 X116.338 Y115
M204 S5000
;TYPE:WALL-INNER
G1 F1498.8 X116.338 Y125.166 E183.86628
G1 X118.658 Y125.166 E183.9473
G1 X118.658 Y104.83 E184.6575
G1 X116.338 Y104.83 E184.73852
G1 X116.338 Y115 E185.09369
M204 S10000
G0 F15000 X115.918 Y115
M204 S5000
;TYPE:WALL-OUTER
G1 F1498.8 X115.918 Y125.586 E185.46338
G1 X119.078 Y125.586 E185.57374
G1 X119.078 Y104.41 E186.31327
G1 X115.918 Y104.41 E186.42363
G1 X115.918 Y115 E186.79346
M204 S10000
G0 F15000 X115.918 Y115.2
G0 X116.949 Y115.2
;MESH:NONMESH
G0 F600 Z9.8
G0 F15000 X118.213 Y105.255
;TIME_ELAPSED:258.325087
;LAYER:48
;note -- min layer time used
;TYPE:FILL
;MESH:Stickmaaaaan.obj
G1 F1501 X116.783 Y105.255 E186.84935
G1 X116.783 Y105.421 E186.85584
G1 X117.334 Y105.972 E186.88629
G1 X118.213 Y105.972 E186.92064
G1 X118.213 Y106.304 E186.93362
G1 X117.333 Y106.304 E186.96801
G1 X116.784 Y106.853 E186.99835
G1 X116.783 Y114.284 E187.28876
G1 X117.333 Y114.834 E187.31916
G1 X118.213 Y114.834 E187.35355
G1 X118.213 Y115.166 E187.36652
G1 X117.334 Y115.166 E187.40087
G1 X116.784 Y115.716 E187.43127
G1 X116.784 Y124.579 E187.77764
G1 X117.334 Y124.029 E187.80804
G1 X118.213 Y124.029 E187.84239
G1 X118.213 Y123.697 E187.85537
G1 X117.333 Y123.697 E187.88976
G1 X116.783 Y123.147 E187.92016
G1 X116.709 Y123.073
G0 F15000 X116.629 Y115
G0 X116.338 Y115
M204 S5000
;TYPE:WALL-INNER
G1 F1501 X116.338 Y125.186 E188.27588
G1 X118.658 Y125.186 E188.3569
G1 X118.658 Y104.81 E189.0685
G1 X116.338 Y104.81 E189.14952
G1 X116.338 Y115 E189.50539
M204 S10000
G0 F15000 X115.918 Y115
M204 S5000
;TYPE:WALL-OUTER
G1 F1501 X115.918 Y125.606 E189.87578
G1 X119.078 Y125.606 E189.98614
G1 X119.078 Y104.39 E190.72707
G1 X115.918 Y104.39 E190.83743
G1 X115.918 Y115 E191.20796
M204 S10000
G0 F15000 X115.918 Y115.2
G0 X116.949 Y115.2
;MESH:NONMESH
G0 F600 Z10
G0 F15000 X118.213 Y105.235
;TIME_ELAPSED:263.528097
;LAYER:49
;note -- min layer time used
;TYPE:FILL
;MESH:Stickmaaaaan.obj
G1 F1503.3 X116.783 Y105.235 E191.26385
G1 X116.783 Y105.421 E191.27111
G1 X117.334 Y105.972 E191.30157
G1 X118.213 Y105.971 E191.33592
G1 X118.213 Y106.303 E191.34889
G1 X117.332 Y106.304 E191.38332
G1 X116.783 Y106.854 E191.41369
G1 X116.783 Y114.284 E191.70406
G1 X117.333 Y114.834 E191.73446
G1 X118.213 Y114.834 E191.76885
G1 X118.213 Y115.166 E191.78183
G1 X117.334 Y115.166 E191.81618
G1 X116.783 Y115.717 E191.84663
G1 X116.783 Y124.579 E192.19296
G1 X117.333 Y124.029 E192.22336
G1 X118.213 Y124.029 E192.25775
G1 X118.213 Y123.697 E192.27073
G1 X117.333 Y123.697 E192.30512
G1 X116.783 Y123.147 E192.33552
G1 X116.709 Y123.073
G0 F15000 X116.629 Y115
G0 X116.338 Y115
M204 S5000
;TYPE:WALL-INNER
G1 F1503.3 X116.338 Y125.206 E192.69194
G1 X118.658 Y125.206 E192.77296
G1 X118.658 Y104.79 E193.48595
G1 X116.338 Y104.79 E193.56698
G1 X116.338 Y115 E193.92354
M204 S10000
G0 F15000 X115.918 Y115
M204 S5000
;TYPE:WALL-OUTER
G1 F1503.3 X115.918 Y125.626 E194.29463
G1 X119.078 Y125.626 E194.40499
G1 X119.078 Y104.37 E195.14732
G1 X115.918 Y104.37 E195.25768
G1 X115.918 Y115 E195.62891
M204 S10000
G0 F15000 X115.918 Y115.2
G0 X116.949 Y115.2
;MESH:NONMESH
G0 F600 Z10.2
G0 F15000 X118.213 Y105.219
;TIME_ELAPSED:268.731223
;LAYER:50
;note -- min layer time used
;TYPE:FILL
;MESH:Stickmaaaaan.obj
G1 F1505.2 X116.783 Y105.219 E195.68479
G1 X116.783 Y105.421 E195.69269
G1 X117.334 Y105.972 E195.72314
G1 X118.213 Y105.972 E195.75749
G1 X118.213 Y106.304 E195.77047
G1 X117.333 Y106.304 E195.80486
G1 X116.784 Y106.853 E195.8352
G1 X116.783 Y114.284 E196.12561
G1 X117.333 Y114.834 E196.15601
G1 X118.213 Y114.834 E196.1904
G1 X118.213 Y115.166 E196.20337
G1 X117.334 Y115.166 E196.23772
G1 X116.784 Y115.716 E196.26812
G1 X116.784 Y124.579 E196.61449
G1 X117.334 Y124.029 E196.64489
G1 X118.213 Y124.029 E196.67924
G1 X118.213 Y123.697 E196.69222
G1 X117.333 Y123.697 E196.72661
G1 X116.783 Y123.147 E196.75701
G1 X116.709 Y123.073
G0 F15000 X116.629 Y115
G0 X116.338 Y115
M204 S5000
;TYPE:WALL-INNER
G1 F1505.2 X116.338 Y125.226 E197.11413
G1 X118.658 Y125.226 E197.19515
G1 X118.658 Y104.774 E197.9094
G1 X116.338 Y104.774 E197.99042
G1 X116.338 Y115 E198.34755
M204 S10000
G0 F15000 X115.918 Y115
M204 S5000
;TYPE:WALL-OUTER
G1 F1505.2 X115.918 Y125.646 E198.71934
G1 X119.078 Y125.646 E198.8297
G1 X119.078 Y104.354 E199.57328
G1 X115.918 Y104.354 E199.68364
G1 X115.918 Y115 E200.05543
M204 S10000
G0 F15000 X115.918 Y115.2
G0 X116.949 Y115.2
;MESH:NONMESH
G0 F600 Z10.4
G0 F15000 X118.213 Y105.199
;TIME_ELAPSED:273.934480
;LAYER:51
;note -- min layer time used
;TYPE:FILL
;MESH:Stickmaaaaan.obj
G1 F1507.4 X116.783 Y105.199 E200.11131
G1 X116.783 Y105.421 E200.11999
G1 X117.334 Y105.972 E200.15044
G1 X118.213 Y105.972 E200.18479
G1 X118.213 Y106.304 E200.19777
G1 X117.333 Y106.304 E200.23216
G1 X116.783 Y106.854 E200.26256
G1 X116.783 Y114.284 E200.55293
G1 X117.334 Y114.835 E200.58338
G1 X118.213 Y114.835 E200.61773
G1 X118.213 Y115.167 E200.63071
G1 X117.333 Y115.167 E200.6651
G1 X116.783 Y115.717 E200.69549
G1 X116.783 Y124.579 E201.04183
G1 X117.333 Y124.029 E201.07223
G1 X118.213 Y124.029 E201.10662
G1 X118.213 Y123.697 E201.11959
G1 X117.333 Y123.697 E201.15398
G1 X116.783 Y123.147 E201.18438
G1 X116.709 Y123.073
G0 F15000 X116.629 Y115
G0 X116.338 Y115
M204 S5000
;TYPE:WALL-INNER
G1 F1507.4 X116.338 Y125.246 E201.5422
G1 X118.658 Y125.246 E201.62322
G1 X118.658 Y104.754 E202.33887
G1 X116.338 Y104.754 E202.41989
G1 X116.338 Y115 E202.77771
M204 S10000
G0 F15000 X115.918 Y115
M204 S5000
;TYPE:WALL-OUTER
G1 F1507.4 X115.918 Y125.666 E203.1502
G1 X119.078 Y125.666 E203.26056
G1 X119.078 Y104.334 E204.00554
G1 X115.918 Y104.334 E204.1159
G1 X115.918 Y115 E204.48839
M204 S10000
G0 F15000 X115.918 Y115.2
G0 X116.949 Y115.2
;MESH:NONMESH
G0 F600 Z10.6
G0 F15000 X118.213 Y105.179
;TIME_ELAPSED:279.137870
;LAYER:52
;note -- min layer time used
;TYPE:FILL
;MESH:Stickmaaaaan.obj
G1 F1509.7 X116.783 Y105.179 E204.54427
G1 X116.783 Y105.421 E204.55373
G1 X117.334 Y105.972 E204.58418
G1 X118.213 Y105.972 E204.61854
G1 X118.213 Y106.304 E204.63151
G1 X117.333 Y106.304 E204.6659
G1 X116.783 Y106.854 E204.6963
G1 X116.783 Y114.284 E204.98667
G1 X117.334 Y114.835 E205.01712
G1 X118.213 Y114.835 E205.05147
G1 X118.213 Y115.167 E205.06445
G1 X117.333 Y115.167 E205.09884
G1 X116.783 Y115.717 E205.12924
G1 X116.783 Y124.579 E205.47557
G1 X117.333 Y124.029 E205.50597
G1 X118.213 Y124.029 E205.54036
G1 X118.213 Y123.697 E205.55333
G1 X117.333 Y123.697 E205.58772
G1 X116.783 Y123.147 E205.61812
G1 X116.709 Y123.073
G0 F15000 X116.629 Y115
G0 X116.338 Y115
M204 S5000
;TYPE:WALL-INNER
G1 F1509.7 X116.338 Y125.266 E205.97664
G1 X118.658 Y125.266 E206.05766
G1 X118.658 Y104.734 E206.77471
G1 X116.338 Y104.734 E206.85573
G1 X116.338 Y115 E207.21425
M204 S10000
G0 F15000 X115.918 Y115
M204 S5000
;TYPE:WALL-OUTER
G1 F1509.7 X115.918 Y125.686 E207.58744
G1 X119.078 Y125.686 E207.69779
G1 X119.078 Y104.314 E208.44417
G1 X115.918 Y104.314 E208.55453
G1 X115.918 Y115 E208.92772
M204 S10000
G0 F15000 X115.918 Y115.2
G0 X116.949 Y115.2
;MESH:NONMESH
G0 F600 Z10.8
G0 F15000 X118.213 Y105.159
;TIME_ELAPSED:284.341390
;LAYER:53
;note -- min layer time used
;TYPE:FILL
;MESH:Stickmaaaaan.obj
G1 F1511.7 X116.783 Y105.159 E208.9836
G1 X116.783 Y105.421 E208.99384
G1 X117.334 Y105.972 E209.02429
G1 X118.213 Y105.972 E209.05865
G1 X118.213 Y106.304 E209.07162
G1 X117.333 Y106.304 E209.10601
G1 X116.783 Y106.854 E209.13641
G1 X116.783 Y114.284 E209.42678
G1 X117.334 Y114.835 E209.45723
G1 X118.213 Y114.835 E209.49158
G1 X118.213 Y115.167 E209.50456
G1 X117.333 Y115.167 E209.53895
G1 X116.783 Y115.717 E209.56935
G1 X116.783 Y124.579 E209.91568
G1 X117.333 Y124.029 E209.94608
G1 X118.213 Y124.029 E209.98047
G1 X118.213 Y123.697 E209.99344
G1 X117.333 Y123.697 E210.02783
G1 X116.783 Y123.147 E210.05823
G1 X116.709 Y123.073
G0 F15000 X116.629 Y115
G0 X116.338 Y115
M204 S5000
;TYPE:WALL-INNER
G1 F1511.7 X116.338 Y125.282 E210.41731
G1 X118.658 Y125.282 E210.49833
G1 X118.658 Y104.714 E211.21663
G1 X116.338 Y104.714 E211.29765
G1 X116.338 Y115 E211.65687
M204 S10000
G0 F15000 X115.918 Y115
M204 S5000
;TYPE:WALL-OUTER
G1 F1511.7 X115.918 Y125.702 E212.03062
G1 X119.078 Y125.702 E212.14098
G1 X119.078 Y104.294 E212.88861
G1 X115.918 Y104.294 E212.99897
G1 X115.918 Y115 E213.37286
M204 S10000
G0 F15000 X115.918 Y115.2
G0 X116.949 Y115.2
;MESH:NONMESH
G0 F600 Z11
G0 F15000 X118.213 Y105.139
;TIME_ELAPSED:289.545031
;LAYER:54
;note -- min layer time used
;TYPE:FILL
;MESH:Stickmaaaaan.obj
G1 F1513.9 X116.783 Y105.139 E213.42874
G1 X116.783 Y105.421 E213.43976
G1 X117.334 Y105.972 E213.47022
G1 X118.213 Y105.972 E213.50457
G1 X118.213 Y106.304 E213.51754
G1 X117.333 Y106.304 E213.55193
G1 X116.784 Y106.853 E213.58228
G1 X116.783 Y114.284 E213.87269
G1 X117.333 Y114.834 E213.90308
G1 X118.213 Y114.834 E213.93747
G1 X118.213 Y115.166 E213.95045
G1 X117.334 Y115.166 E213.9848
G1 X116.784 Y115.716 E214.0152
G1 X116.784 Y124.579 E214.36157
G1 X117.334 Y124.029 E214.39197
G1 X118.213 Y124.029 E214.42632
G1 X118.213 Y123.697 E214.43929
G1 X117.333 Y123.697 E214.47369
G1 X116.783 Y123.147 E214.50408
G1 X116.709 Y123.073
G0 F15000 X116.629 Y115
G0 X116.338 Y115
M204 S5000
;TYPE:WALL-INNER
G1 F1513.9 X116.338 Y125.302 E214.86386
G1 X118.658 Y125.302 E214.94488
G1 X118.658 Y104.694 E215.66458
G1 X116.338 Y104.694 E215.7456
G1 X116.338 Y115 E216.10552
M204 S10000
G0 F15000 X115.918 Y115
M204 S5000
;TYPE:WALL-OUTER
G1 F1513.9 X115.918 Y125.722 E216.47996
G1 X119.078 Y125.722 E216.59032
G1 X119.078 Y104.274 E217.33935
G1 X115.918 Y104.274 E217.44971
G1 X115.918 Y115 E217.8243
M204 S10000
G0 F15000 X115.918 Y115.2
G0 X116.949 Y115.2
;MESH:NONMESH
G0 F600 Z11.2
G0 F15000 X118.213 Y105.151
;TIME_ELAPSED:294.748674
;LAYER:55
;note -- min layer time used
;TYPE:FILL
;MESH:Stickmaaaaan.obj
G1 F1512.6 X116.783 Y105.151 E217.88018
G1 X116.783 Y105.421 E217.89073
G1 X117.334 Y105.972 E217.92119
G1 X118.213 Y105.972 E217.95554
G1 X118.213 Y106.304 E217.96851
G1 X117.333 Y106.304 E218.0029
G1 X116.783 Y106.854 E218.0333
G1 X116.783 Y114.284 E218.32367
G1 X117.334 Y114.835 E218.35412
G1 X118.213 Y114.835 E218.38848
G1 X118.213 Y115.167 E218.40145
G1 X117.333 Y115.167 E218.43584
G1 X116.783 Y115.717 E218.46624
G1 X116.783 Y124.579 E218.81257
G1 X117.333 Y124.029 E218.84297
G1 X118.213 Y124.029 E218.87736
G1 X118.213 Y123.697 E218.89033
G1 X117.333 Y123.697 E218.92473
G1 X116.783 Y123.147 E218.95512
G1 X116.709 Y123.073
G0 F15000 X116.629 Y115
G0 X116.338 Y115
M204 S5000
;TYPE:WALL-INNER
G1 F1512.6 X116.338 Y125.29 E219.31448
G1 X118.658 Y125.29 E219.3955
G1 X118.658 Y104.706 E220.11436
G1 X116.338 Y104.706 E220.19538
G1 X116.338 Y115 E220.55488
M204 S10000
G0 F15000 X115.918 Y115
M204 S5000
;TYPE:WALL-OUTER
G1 F1512.6 X115.918 Y125.71 E220.92891
G1 X119.078 Y125.71 E221.03927
G1 X119.078 Y104.286 E221.78746
G1 X115.918 Y104.286 E221.89782
G1 X115.918 Y115 E222.27198
M204 S10000
G0 F15000 X115.918 Y115.2
G0 X116.949 Y115.2
;MESH:NONMESH
G0 F600 Z11.4
G0 F15000 X118.213 Y105.171
;TIME_ELAPSED:299.952209
;LAYER:56
;note -- min layer time used
;TYPE:FILL
;MESH:Stickmaaaaan.obj
G1 F1510.5 X116.783 Y105.171 E222.32787
G1 X116.783 Y105.421 E222.33764
G1 X117.334 Y105.972 E222.36809
G1 X118.213 Y105.972 E222.40244
G1 X118.213 Y106.304 E222.41542
G1 X117.333 Y106.304 E222.44981
G1 X116.783 Y106.854 E222.48021
G1 X116.783 Y114.284 E222.77058
G1 X117.334 Y114.835 E222.80103
G1 X118.213 Y114.835 E222.83538
G1 X118.213 Y115.167 E222.84836
G1 X117.333 Y115.167 E222.88275
G1 X116.783 Y115.717 E222.91314
G1 X116.783 Y124.579 E223.25948
G1 X117.333 Y124.029 E223.28988
G1 X118.213 Y124.029 E223.32427
G1 X118.213 Y123.697 E223.33724
G1 X117.333 Y123.697 E223.37163
G1 X116.783 Y123.147 E223.40203
G1 X116.709 Y123.073
G0 F15000 X116.629 Y115
G0 X116.338 Y115
M204 S5000
;TYPE:WALL-INNER
G1 F1510.5 X116.338 Y125.274 E223.76083
G1 X118.658 Y125.274 E223.84185
G1 X118.658 Y104.726 E224.55945
G1 X116.338 Y104.726 E224.64047
G1 X116.338 Y115 E224.99927
M204 S10000
G0 F15000 X115.918 Y115
M204 S5000
;TYPE:WALL-OUTER
G1 F1510.5 X115.918 Y125.694 E225.37274
G1 X119.078 Y125.694 E225.4831
G1 X119.078 Y104.306 E226.23004
G1 X115.918 Y104.306 E226.34039
G1 X115.918 Y115 E226.71386
M204 S10000
G0 F15000 X115.918 Y115.2
G0 X116.949 Y115.2
;MESH:NONMESH
G0 F600 Z11.6
G0 F15000 X118.213 Y105.191
;TIME_ELAPSED:305.155623
;LAYER:57
;note -- min layer time used
;TYPE:FILL
;MESH:Stickmaaaaan.obj
G1 F1508.3 X116.783 Y105.191 E226.76975
G1 X116.783 Y105.421 E226.77873
G1 X117.334 Y105.972 E226.80919
G1 X118.213 Y105.972 E226.84354
G1 X118.213 Y106.304 E226.85651
G1 X117.333 Y106.304 E226.89091
G1 X116.783 Y106.854 E226.9213
G1 X116.783 Y114.284 E227.21167
G1 X117.334 Y114.835 E227.24213
G1 X118.213 Y114.835 E227.27648
G1 X118.213 Y115.167 E227.28945
G1 X117.333 Y115.167 E227.32384
G1 X116.783 Y115.717 E227.35424
G1 X116.783 Y124.579 E227.70057
G1 X117.333 Y124.029 E227.73097
G1 X118.213 Y124.029 E227.76536
G1 X118.213 Y123.697 E227.77834
G1 X117.333 Y123.697 E227.81273
G1 X116.783 Y123.147 E227.84313
G1 X116.709 Y123.073
G0 F15000 X116.629 Y115
G0 X116.338 Y115
M204 S5000
;TYPE:WALL-INNER
G1 F1508.3 X116.338 Y125.254 E228.20123
G1 X118.658 Y125.254 E228.28225
G1 X118.658 Y104.746 E228.99845
G1 X116.338 Y104.746 E229.07947
G1 X116.338 Y115 E229.43758
M204 S10000
G0 F15000 X115.918 Y115
M204 S5000
;TYPE:WALL-OUTER
G1 F1508.3 X115.918 Y125.674 E229.81035
G1 X119.078 Y125.674 E229.9207
G1 X119.078 Y104.326 E230.66624
G1 X115.918 Y104.326 E230.7766
G1 X115.918 Y115 E231.14937
M204 S10000
G0 F15000 X115.918 Y115.2
G0 X116.949 Y115.2
;MESH:NONMESH
G0 F600 Z11.8
G0 F15000 X118.213 Y105.211
;TIME_ELAPSED:310.358906
;LAYER:58
;note -- min layer time used
;TYPE:FILL
;MESH:Stickmaaaaan.obj
G1 F1506.1 X116.783 Y105.211 E231.20525
G1 X116.783 Y105.421 E231.21346
G1 X117.334 Y105.972 E231.24391
G1 X118.213 Y105.972 E231.27827
G1 X118.213 Y106.304 E231.29124
G1 X117.333 Y106.304 E231.32563
G1 X116.783 Y106.854 E231.35603
G1 X116.783 Y114.284 E231.6464
G1 X117.334 Y114.835 E231.67685
G1 X118.213 Y114.835 E231.7112
G1 X118.213 Y115.167 E231.72418
G1 X117.333 Y115.167 E231.75857
G1 X116.783 Y115.717 E231.78897
G1 X116.783 Y124.579 E232.1353
G1 X117.333 Y124.029 E232.1657
G1 X118.213 Y124.029 E232.20009
G1 X118.213 Y123.697 E232.21306
G1 X117.333 Y123.697 E232.24745
G1 X116.783 Y123.147 E232.27785
G1 X116.709 Y123.073
G0 F15000 X116.629 Y115
G0 X116.338 Y115
M204 S5000
;TYPE:WALL-INNER
G1 F1506.1 X116.338 Y125.234 E232.63525
G1 X118.658 Y125.234 E232.71628
G1 X118.658 Y104.766 E233.43108
G1 X116.338 Y104.766 E233.51211
G1 X116.338 Y115 E233.86951
M204 S10000
G0 F15000 X115.918 Y115
M204 S5000
;TYPE:WALL-OUTER
G1 F1506.1 X115.918 Y125.654 E234.24158
G1 X119.078 Y125.654 E234.35194
G1 X119.078 Y104.346 E235.09608
G1 X115.918 Y104.346 E235.20644
G1 X115.918 Y115 E235.57851
M204 S10000
G0 F15000 X115.918 Y115.2
G0 X116.949 Y115.2
;MESH:NONMESH
G0 F600 Z12
G0 F15000 X118.213 Y105.228
;TIME_ELAPSED:315.562071
;LAYER:59
;note -- min layer time used
;TYPE:FILL
;MESH:Stickmaaaaan.obj
G1 F1504 X116.783 Y105.231 E235.63439
G1 X116.783 Y105.421 E235.64182
G1 X117.334 Y105.972 E235.67227
G1 X118.213 Y105.972 E235.70662
G1 X118.213 Y106.304 E235.7196
G1 X117.333 Y106.304 E235.75399
G1 X116.783 Y106.854 E235.78439
G1 X116.783 Y114.284 E236.07476
G1 X117.334 Y114.835 E236.10521
G1 X118.213 Y114.835 E236.13956
G1 X118.213 Y115.167 E236.15254
G1 X117.333 Y115.167 E236.18693
G1 X116.783 Y115.717 E236.21732
G1 X116.783 Y124.579 E236.56366
G1 X117.333 Y124.029 E236.59405
G1 X118.213 Y124.029 E236.62845
G1 X118.213 Y123.697 E236.64142
G1 X117.333 Y123.697 E236.67581
G1 X116.783 Y123.147 E236.70621
G1 X116.709 Y123.073
G0 F15000 X116.629 Y115
G0 X116.338 Y115
M204 S5000
;TYPE:WALL-INNER
G1 F1504 X116.338 Y125.214 E237.06291
G1 X118.658 Y125.214 E237.14394
G1 X118.658 Y104.783 E237.85745
G1 X116.338 Y104.786 E237.93847
G1 X116.338 Y115 E238.29518
M204 S10000
G0 F15000 X115.918 Y115
M204 S5000
;TYPE:WALL-OUTER
G1 F1504 X115.918 Y125.634 E238.66655
G1 X119.078 Y125.634 E238.77691
G1 X119.078 Y104.363 E239.51976
G1 X115.918 Y104.366 E239.63011
G1 X115.918 Y115 E240.00149
M204 S10000
G0 F15000 X115.918 Y115.2
G0 X116.949 Y115.2
;MESH:NONMESH
G0 F600 Z12.2
G0 F15000 X118.213 Y105.248
;TIME_ELAPSED:320.765095
;LAYER:60
;note -- min layer time used
;TYPE:FILL
;MESH:Stickmaaaaan.obj
G1 F1501.7 X116.783 Y105.251 E240.05737
G1 X116.783 Y105.421 E240.06402
G1 X117.334 Y105.972 E240.09447
G1 X118.213 Y105.972 E240.12882
G1 X118.213 Y106.304 E240.1418
G1 X117.333 Y106.304 E240.17619
G1 X116.783 Y106.854 E240.20658
G1 X116.783 Y114.284 E240.49695
G1 X117.334 Y114.835 E240.52741
G1 X118.213 Y114.835 E240.56176
G1 X118.213 Y115.167 E240.57473
G1 X117.333 Y115.167 E240.60912
G1 X116.783 Y115.717 E240.63952
G1 X116.783 Y124.579 E240.98585
G1 X117.333 Y124.029 E241.01625
G1 X118.213 Y124.029 E241.05064
G1 X118.213 Y123.697 E241.06362
G1 X117.333 Y123.697 E241.09801
G1 X116.783 Y123.147 E241.12841
G1 X116.709 Y123.073
G0 F15000 X116.629 Y115
G0 X116.338 Y115
M204 S5000
;TYPE:WALL-INNER
G1 F1501.7 X116.338 Y125.194 E241.48441
G1 X118.658 Y125.194 E241.56543
G1 X118.658 Y104.803 E242.27755
G1 X116.338 Y104.806 E242.35857
G1 X116.338 Y115 E242.71458
M204 S10000
G0 F15000 X115.918 Y115
M204 S5000
;TYPE:WALL-OUTER
G1 F1501.7 X115.918 Y125.614 E243.08525
G1 X119.078 Y125.614 E243.19561
G1 X119.078 Y104.383 E243.93706
G1 X115.918 Y104.386 E244.04742
G1 X115.918 Y115 E244.4181
M204 S10000
G0 F15000 X115.918 Y115.2
G0 X116.949 Y115.2
;MESH:NONMESH
G0 F600 Z12.4
G0 F15000 X118.213 Y105.268
;TIME_ELAPSED:325.967989
;LAYER:61
;note -- min layer time used
;TYPE:FILL
;MESH:Stickmaaaaan.obj
G1 F1499.5 X116.783 Y105.271 E244.47398
G1 X116.783 Y105.421 E244.47984
G1 X117.334 Y105.972 E244.5103
G1 X118.213 Y105.972 E244.54465
G1 X118.213 Y106.304 E244.55762
G1 X117.333 Y106.304 E244.59201
G1 X116.783 Y106.854 E244.62241
G1 X116.783 Y114.284 E244.91278
G1 X117.334 Y114.835 E244.94323
G1 X118.213 Y114.835 E244.97759
G1 X118.213 Y115.167 E244.99056
G1 X117.333 Y115.167 E245.02495
G1 X116.783 Y115.717 E245.05535
G1 X116.783 Y124.579 E245.40168
G1 X117.333 Y124.029 E245.43208
G1 X118.213 Y124.029 E245.46647
G1 X118.213 Y123.697 E245.47945
G1 X117.333 Y123.697 E245.51384
G1 X116.783 Y123.147 E245.54423
G1 X116.709 Y123.073
G0 F15000 X116.629 Y115
G0 X116.338 Y115
M204 S5000
;TYPE:WALL-INNER
G1 F1499.5 X116.338 Y125.174 E245.89954
G1 X118.658 Y125.174 E245.98056
G1 X118.658 Y104.823 E246.69128
G1 X116.338 Y104.826 E246.77231
G1 X116.338 Y115 E247.12761
M204 S10000
G0 F15000 X115.918 Y115
M204 S5000
;TYPE:WALL-OUTER
G1 F1499.5 X115.918 Y125.594 E247.49759
G1 X119.078 Y125.594 E247.60795
G1 X119.078 Y104.403 E248.348
G1 X115.918 Y104.406 E248.45836
G1 X115.918 Y115 E248.82834
M204 S10000
G0 F15000 X115.918 Y115.2
G0 X116.949 Y115.2
;MESH:NONMESH
G0 F600 Z12.6
G0 F15000 X118.213 Y105.287
;TIME_ELAPSED:331.170755
;LAYER:62
;note -- min layer time used
;TYPE:FILL
;MESH:Stickmaaaaan.obj
G1 F1497.5 X116.783 Y105.287 E248.88422
G1 X116.783 Y105.421 E248.88946
G1 X117.334 Y105.972 E248.91991
G1 X118.213 Y105.972 E248.95426
G1 X118.213 Y106.304 E248.96724
G1 X117.333 Y106.304 E249.00163
G1 X116.783 Y106.854 E249.03203
G1 X116.783 Y114.284 E249.3224
G1 X117.334 Y114.835 E249.35285
G1 X118.213 Y114.835 E249.3872
G1 X118.213 Y115.167 E249.40018
G1 X117.333 Y115.167 E249.43457
G1 X116.783 Y115.717 E249.46496
G1 X116.783 Y124.579 E249.8113
G1 X117.333 Y124.029 E249.84169
G1 X118.213 Y124.029 E249.87609
G1 X118.213 Y123.697 E249.88906
G1 X117.333 Y123.697 E249.92345
G1 X116.783 Y123.147 E249.95385
G1 X116.709 Y123.073
G0 F15000 X116.629 Y115
G0 X116.338 Y115
M204 S5000
;TYPE:WALL-INNER
G1 F1497.5 X116.338 Y125.154 E250.30846
G1 X118.658 Y125.154 E250.38948
G1 X118.658 Y104.842 E251.09884
G1 X116.338 Y104.842 E251.17986
G1 X116.338 Y115 E251.53461
M204 S10000
G0 F15000 X115.918 Y115
M204 S5000
;TYPE:WALL-OUTER
G1 F1497.5 X115.918 Y125.574 E251.90389
G1 X119.078 Y125.574 E252.01424
G1 X119.078 Y104.422 E252.75294
G1 X115.918 Y104.422 E252.8633
G1 X115.918 Y115 E253.23271
M204 S10000
G0 F15000 X115.918 Y115.2
G0 X116.949 Y115.2
;MESH:NONMESH
G0 F600 Z12.8
G0 F15000 X118.213 Y105.307
;TIME_ELAPSED:336.373397
;LAYER:63
;note -- min layer time used
;TYPE:FILL
;MESH:Stickmaaaaan.obj
G1 F1495.3 X116.783 Y105.307 E253.2886
G1 X116.783 Y105.421 E253.29305
G1 X117.334 Y105.972 E253.32351
G1 X118.213 Y105.971 E253.35786
G1 X118.213 Y106.303 E253.37083
G1 X117.332 Y106.304 E253.40526
G1 X116.783 Y106.854 E253.43563
G1 X116.783 Y114.284 E253.726
G1 X117.333 Y114.834 E253.7564
G1 X118.213 Y114.834 E253.79079
G1 X118.213 Y115.166 E253.80377
G1 X117.334 Y115.166 E253.83812
G1 X116.783 Y115.717 E253.86857
G1 X116.783 Y124.579 E254.2149
G1 X117.333 Y124.029 E254.2453
G1 X118.213 Y124.029 E254.27969
G1 X118.213 Y123.697 E254.29267
G1 X117.333 Y123.697 E254.32706
G1 X116.783 Y123.147 E254.35746
G1 X116.709 Y123.073
G0 F15000 X116.629 Y115
G0 X116.338 Y115
M204 S5000
;TYPE:WALL-INNER
G1 F1495.3 X116.338 Y125.134 E254.71137
G1 X118.658 Y125.134 E254.79239
G1 X118.658 Y104.862 E255.50035
G1 X116.338 Y104.862 E255.58137
G1 X116.338 Y115 E255.93542
M204 S10000
G0 F15000 X115.918 Y115
M204 S5000
;TYPE:WALL-OUTER
G1 F1495.3 X115.918 Y125.554 E256.304
G1 X119.078 Y125.554 E256.41436
G1 X119.078 Y104.442 E257.15166
G1 X115.918 Y104.442 E257.26201
G1 X115.918 Y115 E257.63073
M204 S10000
G0 F15000 X115.918 Y115.2
G0 X116.949 Y115.2
;MESH:NONMESH
G0 F600 Z13
G0 F15000 X118.213 Y105.327
;TIME_ELAPSED:341.575908
;LAYER:64
;note -- min layer time used
;TYPE:FILL
;MESH:Stickmaaaaan.obj
G1 F1493 X116.783 Y105.327 E257.68662
G1 X116.783 Y105.421 E257.69029
G1 X117.334 Y105.972 E257.72074
G1 X118.213 Y105.971 E257.7551
G1 X118.213 Y106.303 E257.76807
G1 X117.332 Y106.304 E257.8025
G1 X116.783 Y106.854 E257.83287
G1 X116.783 Y114.284 E258.12324
G1 X117.333 Y114.834 E258.15364
G1 X118.213 Y114.834 E258.18803
G1 X118.213 Y115.166 E258.201
G1 X117.334 Y115.166 E258.23536
G1 X116.783 Y115.717 E258.26581
G1 X116.783 Y124.579 E258.61214
G1 X117.333 Y124.029 E258.64254
G1 X118.213 Y124.029 E258.67693
G1 X118.213 Y123.697 E258.6899
G1 X117.333 Y123.697 E258.7243
G1 X116.783 Y123.147 E258.75469
G1 X116.709 Y123.073
G0 F15000 X116.629 Y115
G0 X116.338 Y115
M204 S5000
;TYPE:WALL-INNER
G1 F1493 X116.338 Y125.114 E259.10791
G1 X118.658 Y125.114 E259.18893
G1 X118.658 Y104.882 E259.89549
G1 X116.338 Y104.882 E259.97651
G1 X116.338 Y115 E260.32987
M204 S10000
G0 F15000 X115.918 Y115
M204 S5000
;TYPE:WALL-OUTER
G1 F1493 X115.918 Y125.534 E260.69775
G1 X119.078 Y125.534 E260.8081
G1 X119.078 Y104.462 E261.544
G1 X115.918 Y104.462 E261.65436
G1 X115.918 Y115 E262.02238
M204 S10000
G0 F15000 X115.918 Y115.2
G0 X116.949 Y115.2
;MESH:NONMESH
G0 F600 Z13.2
G0 F15000 X118.213 Y105.351
;TIME_ELAPSED:346.778273
;LAYER:65
;note -- min layer time used
;TYPE:FILL
;MESH:Stickmaaaaan.obj
G1 F1490.4 X116.783 Y105.351 E262.07827
G1 X116.783 Y105.421 E262.081
G1 X117.334 Y105.972 E262.11146
G1 X118.213 Y105.971 E262.14581
G1 X118.213 Y106.303 E262.15878
G1 X117.332 Y106.304 E262.19321
G1 X116.783 Y106.854 E262.22358
G1 X116.783 Y114.284 E262.51395
G1 X117.333 Y114.834 E262.54435
G1 X118.213 Y114.834 E262.57874
G1 X118.213 Y115.166 E262.59171
G1 X117.334 Y115.166 E262.62607
G1 X116.783 Y115.717 E262.65652
G1 X116.783 Y124.579 E263.00285
G1 X117.333 Y124.029 E263.03325
G1 X118.213 Y124.029 E263.06764
G1 X118.213 Y123.697 E263.08062
G1 X117.333 Y123.697 E263.11501
G1 X116.783 Y123.147 E263.1454
G1 X116.709 Y123.073
G0 F15000 X116.629 Y115
G0 X116.338 Y115
M204 S5000
;TYPE:WALL-INNER
G1 F1490.4 X116.338 Y125.09 E263.49778
G1 X118.658 Y125.09 E263.5788
G1 X118.658 Y104.906 E264.28369
G1 X116.338 Y104.906 E264.36471
G1 X116.338 Y115 E264.71722
M204 S10000
G0 F15000 X115.918 Y115
M204 S5000
;TYPE:WALL-OUTER
G1 F1490.4 X115.918 Y125.51 E265.08427
G1 X119.078 Y125.51 E265.19462
G1 X119.078 Y104.486 E265.92885
G1 X115.918 Y104.486 E266.03921
G1 X115.918 Y115 E266.40639
M204 S10000
G0 F15000 X115.918 Y115.2
G0 X116.949 Y115.2
;MESH:NONMESH
G0 F600 Z13.4
G0 F15000 X118.213 Y105.415
;TIME_ELAPSED:351.980322
;LAYER:66
;note -- min layer time used
;TYPE:FILL
;MESH:Stickmaaaaan.obj
G1 F1483.3 X116.783 Y105.415 E266.46227
G1 X117.334 Y105.972 E266.49289
G1 X118.213 Y105.972 E266.52724
G1 X118.213 Y106.304 E266.54022
G1 X117.333 Y106.304 E266.57461
G1 X116.783 Y106.854 E266.60501
G1 X116.783 Y114.284 E266.89538
G1 X117.334 Y114.835 E266.92583
G1 X118.213 Y114.835 E266.96018
G1 X118.213 Y115.167 E266.97316
G1 X117.333 Y115.167 E267.00755
G1 X116.783 Y115.717 E267.03794
G1 X116.783 Y124.579 E267.38428
G1 X117.333 Y124.029 E267.41468
G1 X118.213 Y124.029 E267.44907
G1 X118.213 Y123.697 E267.46204
G1 X117.333 Y123.697 E267.49643
G1 X116.783 Y123.147 E267.52683
G1 X116.709 Y123.073
G0 F15000 X116.629 Y115
G0 X116.338 Y115
M204 S5000
;TYPE:WALL-INNER
G1 F1483.3 X116.338 Y125.029 E267.87707
G1 X118.658 Y125.026 E267.9581
G1 X118.658 Y104.97 E268.65851
G1 X116.338 Y104.97 E268.73954
G1 X116.338 Y115 E269.08981
M204 S10000
G0 F15000 X115.918 Y115
M204 S5000
;TYPE:WALL-OUTER
G1 F1483.3 X115.918 Y125.449 E269.45473
G1 X119.078 Y125.446 E269.56508
G1 X119.078 Y104.55 E270.29484
G1 X115.918 Y104.55 E270.40519
G1 X115.918 Y115 E270.77014
M204 S10000
G0 F15000 X115.918 Y115.2
G0 X116.949 Y115.2
;MESH:NONMESH
G0 F600 Z13.6
G0 F15000 X116.837 Y105.475
;TIME_ELAPSED:357.181041
;LAYER:67
;note -- min layer time used
;TYPE:FILL
;MESH:Stickmaaaaan.obj
G1 F1648.2 X118.213 Y106.852 E270.84622
G1 X118.213 Y114.287 E271.13678
G1 X116.783 Y115.717 E271.21582
G1 X116.783 Y123.147 E271.50619
G1 X117.333 Y123.697 E271.53658
G1 X117.333 Y124.523 E271.56886
G1 X117.665 Y124.522 E271.58184
G1 X117.665 Y123.698 E271.61404
G1 X118.213 Y123.15 E271.64433
G1 X118.213 Y115.714 E271.93493
G1 X116.783 Y114.284 E272.01397
G1 X116.783 Y106.854 E272.30434
G1 X118.162 Y105.475 E272.38055
G1 X118.213 Y105.475 E272.38254
G1 X116.837 Y105.475 E272.43632
G0 F15000 X116.629 Y115
G0 X116.338 Y115
M204 S5000
;TYPE:WALL-INNER
G1 F1648.2 X116.338 Y124.969 E272.78447
G1 X118.658 Y124.966 E272.86549
G1 X118.658 Y105.03 E273.56172
G1 X116.338 Y105.03 E273.64274
G1 X116.338 Y115 E273.99092
M204 S10000
G0 F15000 X115.918 Y115
M204 S5000
;TYPE:WALL-OUTER
G1 F1648.2 X115.918 Y125.389 E274.35374
G1 X119.078 Y125.386 E274.4641
G1 X119.078 Y104.61 E275.18966
G1 X115.918 Y104.61 E275.30002
G1 X115.918 Y115 E275.66287
M204 S10000
G0 F15000 X115.918 Y115.2
G0 X116.949 Y115.2
;MESH:NONMESH
G0 F600 Z13.8
G0 F15000 X116.897 Y105.535
;TIME_ELAPSED:362.385008
;LAYER:68
;note -- min layer time used
;TYPE:FILL
;MESH:Stickmaaaaan.obj
G1 F1638.6 X118.213 Y106.852 E275.73563
G1 X118.213 Y114.287 E276.02619
G1 X116.784 Y115.716 E276.10517
G1 X116.783 Y123.147 E276.39558
G1 X117.333 Y123.697 E276.42598
G1 X117.333 Y124.461 E276.45584
G1 X117.665 Y124.461 E276.46881
G1 X117.665 Y123.698 E276.49863
G1 X118.213 Y123.15 E276.52892
G1 X118.213 Y115.714 E276.81952
G1 X116.783 Y114.284 E276.89855
G1 X116.784 Y106.853 E277.18896
G1 X118.102 Y105.535 E277.26181
G1 X118.213 Y105.535 E277.26614
G1 X116.897 Y105.535 E277.31757
G0 F15000 X116.629 Y115
G0 X116.338 Y115
M204 S5000
;TYPE:WALL-INNER
G1 F1638.6 X116.338 Y124.906 E277.66352
G1 X118.658 Y124.906 E277.74454
G1 X118.658 Y105.09 E278.43658
G1 X116.338 Y105.09 E278.5176
G1 X116.338 Y115 E278.86369
M204 S10000
G0 F15000 X115.918 Y115
M204 S5000
;TYPE:WALL-OUTER
G1 F1638.6 X115.918 Y125.326 E279.22431
G1 X119.078 Y125.326 E279.33467
G1 X119.078 Y104.67 E280.05604
G1 X115.918 Y104.67 E280.16639
G1 X115.918 Y115 E280.52715
M204 S10000
G0 F15000 X115.918 Y115.2
G0 X116.949 Y115.2
;MESH:NONMESH
G0 F600 Z14
G0 F15000 X116.957 Y105.595
;TIME_ELAPSED:367.588499
;LAYER:69
;note -- min layer time used
;TYPE:FILL
;MESH:Stickmaaaaan.obj
G1 F1629 X118.213 Y106.851 E280.59657
G1 X118.213 Y114.287 E280.88717
G1 X116.783 Y115.717 E280.96621
G1 X116.783 Y123.147 E281.25657
G1 X117.333 Y123.697 E281.28697
G1 X117.333 Y124.401 E281.31449
G1 X117.665 Y124.401 E281.32746
G1 X117.665 Y123.698 E281.35493
G1 X118.213 Y123.15 E281.38522
G1 X118.213 Y115.714 E281.67582
G1 X116.783 Y114.284 E281.75486
G1 X116.783 Y106.854 E282.04523
G1 X118.042 Y105.595 E282.11481
G1 X118.213 Y105.595 E282.12149
G1 X116.957 Y105.595 E282.17058
G0 F15000 X116.629 Y115
G0 X116.338 Y115
M204 S5000
;TYPE:WALL-INNER
G1 F1629 X116.338 Y124.846 E282.51443
G1 X118.658 Y124.846 E282.59545
G1 X118.658 Y105.15 E283.2833
G1 X116.338 Y105.15 E283.36432
G1 X116.338 Y115 E283.70831
M204 S10000
G0 F15000 X115.918 Y115
M204 S5000
;TYPE:WALL-OUTER
G1 F1629 X115.918 Y125.266 E284.06684
G1 X119.078 Y125.266 E284.17719
G1 X119.078 Y104.73 E284.89437
G1 X115.918 Y104.73 E285.00473
G1 X115.918 Y115 E285.36339
M204 S10000
G0 F15000 X115.918 Y115.2
G0 X116.949 Y115.2
;MESH:NONMESH
G0 F600 Z14.2
G0 F15000 X117.017 Y105.655
;TIME_ELAPSED:372.791479
;LAYER:70
;note -- min layer time used
;TYPE:FILL
;MESH:Stickmaaaaan.obj
G1 F1619.5 X118.213 Y106.852 E285.42952
G1 X118.213 Y114.286 E285.72005
G1 X116.783 Y115.717 E285.79911
G1 X116.783 Y123.147 E286.08948
G1 X117.333 Y123.696 E286.11985
G1 X117.333 Y124.341 E286.14505
G1 X117.665 Y124.34 E286.15803
G1 X117.665 Y123.697 E286.18316
G1 X118.213 Y123.149 E286.21344
G1 X118.213 Y115.714 E286.50401
G1 X116.783 Y114.284 E286.58304
G1 X116.783 Y106.854 E286.87341
G1 X117.982 Y105.654 E286.93971
G1 X118.213 Y105.655 E286.94873
G1 X117.017 Y105.655 E286.99548
G0 F15000 X116.629 Y115
G0 X116.338 Y115
M204 S5000
;TYPE:WALL-INNER
G1 F1619.5 X116.338 Y124.786 E287.33723
G1 X118.658 Y124.786 E287.41825
G1 X118.658 Y105.21 E288.10191
G1 X116.338 Y105.21 E288.18293
G1 X116.338 Y115 E288.52483
M204 S10000
G0 F15000 X115.918 Y115
M204 S5000
;TYPE:WALL-OUTER
G1 F1619.5 X115.918 Y125.206 E288.88125
G1 X119.078 Y125.206 E288.99161
G1 X119.078 Y104.79 E289.7046
G1 X115.918 Y104.79 E289.81496
G1 X115.918 Y115 E290.17153
M204 S10000
G0 F15000 X115.918 Y115.2
G0 X116.949 Y115.2
;MESH:NONMESH
G0 F600 Z14.4
G0 F15000 X117.077 Y105.715
;TIME_ELAPSED:377.993952
;LAYER:71
;note -- min layer time used
;TYPE:FILL
;MESH:Stickmaaaaan.obj
G1 F1609.9 X118.213 Y106.851 E290.23431
G1 X118.213 Y114.287 E290.52491
G1 X116.783 Y115.717 E290.60395
G1 X116.783 Y123.147 E290.89432
G1 X117.333 Y123.697 E290.92471
G1 X117.333 Y124.281 E290.94754
G1 X117.665 Y124.281 E290.96051
G1 X117.665 Y123.698 E290.9833
G1 X118.213 Y123.15 E291.01358
G1 X118.213 Y115.714 E291.30419
G1 X116.783 Y114.284 E291.38322
G1 X116.783 Y106.854 E291.67359
G1 X117.921 Y105.715 E291.73651
G1 X118.213 Y105.715 E291.74793
G1 X117.077 Y105.715 E291.79232
G0 F15000 X116.629 Y115
G0 X116.338 Y115
M204 S5000
;TYPE:WALL-INNER
G1 F1609.9 X116.338 Y124.726 E292.13198
G1 X118.658 Y124.726 E292.21301
G1 X118.658 Y105.27 E292.89247
G1 X116.338 Y105.27 E292.97349
G1 X116.338 Y115 E293.31329
M204 S10000
G0 F15000 X115.918 Y115
M204 S5000
;TYPE:WALL-OUTER
G1 F1609.9 X115.918 Y125.146 E293.66762
G1 X119.078 Y125.146 E293.77798
G1 X119.078 Y104.85 E294.48678
G1 X115.918 Y104.85 E294.59714
G1 X115.918 Y115 E294.95161
M204 S10000
G0 F15000 X115.918 Y115.2
G0 X116.949 Y115.2
;MESH:NONMESH
G0 F600 Z14.6
G0 F15000 X117.141 Y105.779
;TIME_ELAPSED:383.195890
;LAYER:72
;note -- min layer time used
;TYPE:FILL
;MESH:Stickmaaaaan.obj
G1 F1599.9 X118.213 Y106.852 E295.01088
G1 X118.213 Y114.287 E295.30145
G1 X116.783 Y115.717 E295.38048
G1 X116.783 Y123.147 E295.67085
G1 X117.333 Y123.697 E295.70125
G1 X117.333 Y124.219 E295.72165
G1 X117.665 Y124.218 E295.73462
G1 X117.665 Y123.698 E295.75495
G1 X118.213 Y123.15 E295.78523
G1 X118.213 Y115.714 E296.07584
G1 X116.783 Y114.284 E296.15487
G1 X116.783 Y106.854 E296.44524
G1 X117.858 Y105.779 E296.50465
G1 X118.213 Y105.779 E296.51853
G1 X117.141 Y105.779 E296.56042
G0 F15000 X116.629 Y115
G0 X116.338 Y115
M204 S5000
;TYPE:WALL-INNER
G1 F1599.9 X116.338 Y124.665 E296.89795
G1 X118.658 Y124.662 E296.97898
G1 X118.658 Y105.334 E297.65397
G1 X116.338 Y105.334 E297.73499
G1 X116.338 Y115 E298.07256
M204 S10000
G0 F15000 X115.918 Y115
M204 S5000
;TYPE:WALL-OUTER
G1 F1599.9 X115.918 Y125.085 E298.42476
G1 X119.078 Y125.082 E298.53512
G1 X119.078 Y104.914 E299.23945
G1 X115.918 Y104.914 E299.3498
G1 X115.918 Y115 E299.70204
M204 S10000
G0 F15000 X115.918 Y115.2
G0 X116.949 Y115.2
;MESH:NONMESH
G0 F600 Z14.8
G0 F15000 X117.201 Y105.839
;TIME_ELAPSED:388.397303
;LAYER:73
;note -- min layer time used
;TYPE:FILL
;MESH:Stickmaaaaan.obj
G1 F1590.2 X118.213 Y106.852 E299.758
G1 X118.213 Y114.287 E300.04856
G1 X116.784 Y115.716 E300.12754
G1 X116.783 Y123.147 E300.41795
G1 X117.333 Y123.697 E300.44835
G1 X117.333 Y124.157 E300.46632
G1 X117.665 Y124.157 E300.4793
G1 X117.665 Y123.698 E300.49724
G1 X118.213 Y123.15 E300.52752
G1 X118.213 Y115.714 E300.81813
G1 X116.783 Y114.284 E300.89716
G1 X116.784 Y106.853 E301.18757
G1 X117.798 Y105.839 E301.24361
G1 X118.213 Y105.839 E301.25983
G1 X117.201 Y105.839 E301.29938
G0 F15000 X116.629 Y115
G0 X116.338 Y115
M204 S5000
;TYPE:WALL-INNER
G1 F1590.2 X116.338 Y124.602 E301.63471
G1 X118.658 Y124.602 E301.71573
G1 X118.658 Y105.394 E302.38654
G1 X116.338 Y105.394 E302.46756
G1 X116.338 Y115 E302.80303
M204 S10000
G0 F15000 X115.918 Y115
M204 S5000
;TYPE:WALL-OUTER
G1 F1590.2 X115.918 Y125.022 E303.15303
G1 X119.078 Y125.022 E303.26339
G1 X119.078 Y104.974 E303.96353
G1 X115.918 Y104.974 E304.07388
G1 X115.918 Y115 E304.42402
M204 S10000
G0 F15000 X115.918 Y115.2
G0 X116.949 Y115.2
;MESH:NONMESH
G0 F600 Z15
G0 F15000 X117.738 Y105.899
;TIME_ELAPSED:393.598311
;LAYER:74
;note -- min layer time used
;TYPE:FILL
;MESH:Stickmaaaaan.obj
G1 F1576.4 X116.783 Y106.854 E304.4768
G1 X116.783 Y114.284 E304.76717
G1 X118.213 Y115.714 E304.84621
G1 X118.213 Y123.15 E305.13681
G1 X117.665 Y123.697 E305.16707
G1 X117.665 Y124.097 E305.1827
G1 X117.333 Y124.097 E305.19568
G1 X117.333 Y123.697 E305.21131
G1 X116.783 Y123.147 E305.24171
G1 X116.783 Y115.717 E305.53208
G1 X118.213 Y114.287 E305.61111
G1 X118.213 Y106.851 E305.90171
G1 X117.261 Y105.899 E305.95433
G1 X118.213 Y105.899 E305.99153
G1 X118.318 Y105.899
G0 F15000 X116.629 Y115
G0 X116.338 Y115
M204 S5000
;TYPE:WALL-INNER
G1 F1576.4 X116.338 Y124.542 E306.32477
G1 X118.658 Y124.542 E306.40579
G1 X118.658 Y105.454 E307.07241
G1 X116.338 Y105.454 E307.15343
G1 X116.338 Y115 E307.4868
M204 S10000
G0 F15000 X115.918 Y115
M204 S5000
;TYPE:WALL-OUTER
G1 F1576.4 X115.918 Y124.962 E307.83471
G1 X119.078 Y124.962 E307.94506
G1 X119.078 Y105.034 E308.64101
G1 X115.918 Y105.034 E308.75137
G1 X115.918 Y115 E309.09941
M204 S10000
G0 F15000 X115.918 Y115.2
G0 X116.949 Y115.2
;MESH:NONMESH
G0 F600 Z15.2
G0 F15000 X117.678 Y105.959
;TIME_ELAPSED:398.797396
;LAYER:75
;note -- min layer time used
;TYPE:FILL
;MESH:Stickmaaaaan.obj
G1 F1566.1 X116.783 Y106.854 E309.14888
G1 X116.783 Y114.284 E309.43925
G1 X118.213 Y115.714 E309.51828
G1 X118.213 Y123.149 E309.80885
G1 X117.665 Y123.697 E309.83913
G1 X117.665 Y124.036 E309.85238
G1 X117.333 Y124.037 E309.86536
G1 X117.333 Y123.697 E309.87865
G1 X116.783 Y123.147 E309.90904
G1 X116.783 Y115.717 E310.19941
G1 X118.213 Y114.286 E310.27847
G1 X118.213 Y106.852 E310.569
G1 X117.321 Y105.959 E310.61833
G1 X118.213 Y105.959 E310.65319
G1 X118.318 Y105.959
G0 F15000 X116.629 Y115
G0 X116.338 Y115
M204 S5000
;TYPE:WALL-INNER
G1 F1566.1 X116.338 Y124.482 E310.98433
G1 X118.658 Y124.482 E311.06535
G1 X118.658 Y105.514 E311.72777
G1 X116.338 Y105.514 E311.80879
G1 X116.338 Y115 E312.14007
M204 S10000
G0 F15000 X115.918 Y115
M204 S5000
;TYPE:WALL-OUTER
G1 F1566.1 X115.918 Y124.902 E312.48588
G1 X119.078 Y124.902 E312.59624
G1 X119.078 Y105.094 E313.288
G1 X115.918 Y105.094 E313.39835
G1 X115.918 Y115 E313.7443
M204 S10000
G0 F15000 X115.918 Y115.2
G0 X116.949 Y115.2
;MESH:NONMESH
G0 F600 Z15.4
G0 F15000 X117.576 Y106.061
;TIME_ELAPSED:403.995765
;LAYER:76
;note -- min layer time used
;TYPE:FILL
;MESH:Stickmaaaaan.obj
G1 F1546.3 X116.783 Y106.854 E313.78813
G1 X116.783 Y114.284 E314.0785
G1 X118.213 Y115.714 E314.15753
G1 X118.213 Y123.15 E314.44814
G1 X117.425 Y123.937 E314.49166
G1 X117.334 Y123.937 E314.49522
G1 X116.783 Y123.147 E314.53286
G1 X116.783 Y115.717 E314.82323
G1 X118.213 Y114.287 E314.90226
G1 X118.213 Y106.852 E315.19283
G1 X117.424 Y106.062 E315.23646
G1 X118.213 Y106.06 E315.2673
G1 X118.318 Y106.06
G0 F15000 X116.629 Y115
G0 X116.338 Y115
M204 S5000
;TYPE:WALL-INNER
G1 F1546.3 X116.338 Y124.382 E315.59495
G1 X118.658 Y124.382 E315.67597
G1 X118.658 Y105.615 E316.33137
G1 X116.338 Y105.618 E316.41239
G1 X116.338 Y115 E316.74004
M204 S10000
G0 F15000 X115.918 Y115
M204 S5000
;TYPE:WALL-OUTER
G1 F1546.3 X115.918 Y124.802 E317.08236
G1 X119.078 Y124.802 E317.19271
G1 X119.078 Y105.195 E317.87745
G1 X115.918 Y105.198 E317.98781
G1 X115.918 Y115 E318.33013
M204 S10000
G0 F15000 X115.918 Y115.2
G0 X116.949 Y115.2
;MESH:NONMESH
G0 F600 Z15.6
G0 F15000 X117.529 Y106.167
;TIME_ELAPSED:409.189891
;LAYER:77
;note -- min layer time used
;TYPE:FILL
;MESH:Stickmaaaaan.obj
G1 F1529.3 X118.213 Y106.852 E318.36796
G1 X118.213 Y114.286 E318.65848
G1 X116.783 Y115.717 E318.73754
G1 X116.783 Y123.147 E319.02791
G1 X117.465 Y123.829 E319.06561
G1 X117.533 Y123.829 E319.06826
G1 X118.213 Y123.149 E319.10585
G1 X118.213 Y115.714 E319.39641
G1 X116.783 Y114.284 E319.47545
G1 X116.783 Y106.854 E319.76581
G1 X117.47 Y106.166 E319.80381
G1 X118.213 Y106.167 E319.83285
G1 X118.318 Y106.167
G0 F15000 X116.629 Y115
G0 X116.338 Y115
M204 S5000
;TYPE:WALL-INNER
G1 F1529.3 X116.338 Y124.274 E320.15673
G1 X118.658 Y124.274 E320.23775
G1 X118.658 Y105.722 E320.88564
G1 X116.338 Y105.722 E320.96666
G1 X116.338 Y115 E321.29068
M204 S10000
G0 F15000 X115.918 Y115
M204 S5000
;TYPE:WALL-OUTER
G1 F1529.3 X115.918 Y124.694 E321.62922
G1 X119.078 Y124.694 E321.73958
G1 X119.078 Y105.302 E322.41681
G1 X115.918 Y105.302 E322.52717
G1 X115.918 Y115 E322.86585
M204 S10000
G0 F15000 X115.918 Y115.2
G0 X116.949 Y115.2
;MESH:NONMESH
G0 F600 Z15.8
G0 F15000 X117.637 Y106.275
;TIME_ELAPSED:414.382445
;LAYER:78
;note -- min layer time used
;TYPE:FILL
;MESH:Stickmaaaaan.obj
G1 F1515 X118.213 Y106.851 E322.89769
G1 X118.213 Y114.287 E323.18829
G1 X116.783 Y115.717 E323.26733
G1 X116.783 Y123.147 E323.55769
G1 X117.357 Y123.721 E323.58942
G1 X117.641 Y123.721 E323.60052
G1 X118.213 Y123.15 E323.6321
G1 X118.213 Y115.714 E323.92271
G1 X116.783 Y114.284 E324.00174
G1 X116.783 Y106.854 E324.29211
G1 X117.361 Y106.275 E324.32408
G1 X118.213 Y106.275 E324.35738
G1 X118.318 Y106.275
G0 F15000 X116.629 Y115
G0 X116.338 Y115
M204 S5000
;TYPE:WALL-INNER
G1 F1515 X116.338 Y124.166 E324.67749
G1 X118.658 Y124.166 E324.75851
G1 X118.658 Y105.83 E325.39886
G1 X116.338 Y105.83 E325.47988
G1 X116.338 Y115 E325.80012
M204 S10000
G0 F15000 X115.918 Y115
M204 S5000
;TYPE:WALL-OUTER
G1 F1515 X115.918 Y124.586 E326.1349
G1 X119.078 Y124.586 E326.24526
G1 X119.078 Y105.41 E326.91494
G1 X115.918 Y105.41 E327.0253
G1 X115.918 Y115 E327.36021
M204 S10000
G0 F15000 X115.918 Y115.2
G0 X116.949 Y115.2
;MESH:NONMESH
G0 F600 Z16
G0 F15000 X116.783 Y106.854
;TIME_ELAPSED:419.572296
;LAYER:79
;note -- min layer time used
;TYPE:FILL
;MESH:Stickmaaaaan.obj
G1 F1503.9 X117.254 Y106.383 E327.38624
G1 X118.213 Y106.383 E327.42372
G1 X117.745 Y106.383 E327.44201
G1 X118.213 Y106.852 E327.4679
G1 X118.213 Y114.287 E327.75847
G1 X116.783 Y115.717 E327.8375
G1 X116.783 Y123.147 E328.12787
G1 X117.251 Y123.615 E328.15374
G1 X117.748 Y123.614 E328.17316
G1 X118.213 Y123.15 E328.19883
G1 X118.213 Y115.714 E328.48944
G1 X116.783 Y114.284 E328.56847
G1 X116.783 Y106.854 E328.85884
G0 F15000 X116.629 Y115
G0 X116.338 Y115
M204 S5000
;TYPE:WALL-INNER
G1 F1503.9 X116.338 Y124.061 E329.17528
G1 X118.658 Y124.058 E329.2563
G1 X118.658 Y105.938 E329.88911
G1 X116.338 Y105.938 E329.97013
G1 X116.338 Y115 E330.2866
M204 S10000
G0 F15000 X115.918 Y115
M204 S5000
;TYPE:WALL-OUTER
G1 F1503.9 X115.918 Y124.481 E330.61771
G1 X119.078 Y124.478 E330.72807
G1 X119.078 Y105.518 E331.39021
G1 X115.918 Y105.518 E331.50057
G1 X115.918 Y115 E331.83171
M204 S10000
G0 F15000 X115.918 Y115.2
G0 X116.949 Y115.2
;MESH:NONMESH
G0 F600 Z16.2
G0 F15000 X116.784 Y106.853
;TIME_ELAPSED:424.766861
;LAYER:80
;note -- min layer time used
;TYPE:FILL
;MESH:Stickmaaaaan.obj
G1 F1488.8 X117.147 Y106.49 E331.85177
G1 X118.213 Y106.488 E331.89343
G1 X117.851 Y106.49 E331.90758
G1 X118.213 Y106.852 E331.92758
G1 X118.213 Y114.287 E332.21815
G1 X116.784 Y115.716 E332.29713
G1 X116.783 Y123.147 E332.58754
G1 X117.145 Y123.509 E332.60754
G1 X117.853 Y123.509 E332.63521
G1 X118.213 Y123.15 E332.65508
G1 X118.213 Y115.714 E332.94569
G1 X116.783 Y114.284 E333.02472
G1 X116.784 Y106.853 E333.31513
G0 F15000 X116.629 Y115
G0 X116.338 Y115
M204 S5000
;TYPE:WALL-INNER
G1 F1488.8 X116.338 Y123.954 E333.62783
G1 X118.658 Y123.954 E333.70885
G1 X118.658 Y106.043 E334.33436
G1 X116.338 Y106.046 E334.41538
G1 X116.338 Y115 E334.72808
M204 S10000
G0 F15000 X115.918 Y115
M204 S5000
;TYPE:WALL-OUTER
G1 F1488.8 X115.918 Y124.374 E335.05545
G1 X119.078 Y124.374 E335.16581
G1 X119.078 Y105.623 E335.82065
G1 X115.918 Y105.626 E335.93101
G1 X115.918 Y115 E336.25838
M204 S10000
G0 F15000 X115.918 Y115.2
G0 X116.949 Y115.2
;MESH:NONMESH
G0 F600 Z16.4
G0 F15000 X116.783 Y106.854
;TIME_ELAPSED:429.960667
;LAYER:81
;note -- min layer time used
;TYPE:FILL
;MESH:Stickmaaaaan.obj
G1 F1473.7 X117.042 Y106.595 E336.27269
G1 X118.213 Y106.595 E336.31846
G1 X117.957 Y106.595 E336.32846
G1 X118.213 Y106.852 E336.34264
G1 X118.213 Y114.287 E336.6332
G1 X116.783 Y115.717 E336.71224
G1 X116.783 Y123.147 E337.00261
G1 X117.037 Y123.401 E337.01664
G1 X117.961 Y123.401 E337.05276
G1 X118.213 Y123.15 E337.06666
G1 X118.213 Y115.714 E337.35726
G1 X116.783 Y114.284 E337.43629
G1 X116.783 Y106.854 E337.72666
G0 F15000 X116.629 Y115
G0 X116.338 Y115
M204 S5000
;TYPE:WALL-INNER
G1 F1473.7 X116.338 Y123.846 E338.03559
G1 X118.658 Y123.846 E338.11661
G1 X118.658 Y106.15 E338.73461
G1 X116.338 Y106.15 E338.81564
G1 X116.338 Y115 E339.12471
M204 S10000
G0 F15000 X115.918 Y115
M204 S5000
;TYPE:WALL-OUTER
G1 F1473.7 X115.918 Y124.266 E339.4483
G1 X119.078 Y124.266 E339.55866
G1 X119.078 Y105.73 E340.206
G1 X115.918 Y105.73 E340.31635
G1 X115.918 Y115 E340.64009
M204 S10000
G0 F15000 X115.918 Y115.2
G0 X116.949 Y115.2
;MESH:NONMESH
G0 F600 Z16.6
G0 F15000 X116.783 Y106.854
;TIME_ELAPSED:435.153726
;LAYER:82
;note -- min layer time used
;TYPE:FILL
;MESH:Stickmaaaaan.obj
G1 F1458.3 X116.934 Y106.702 E340.64846
G1 X118.213 Y106.703 E340.69845
G1 X118.065 Y106.703 E340.70423
G1 X118.213 Y106.852 E340.71244
G1 X118.213 Y114.286 E341.00296
G1 X116.783 Y115.717 E341.08203
G1 X116.783 Y123.147 E341.3724
G1 X116.929 Y123.293 E341.38046
G1 X118.069 Y123.293 E341.42502
G1 X118.213 Y123.149 E341.43298
G1 X118.213 Y115.714 E341.72354
G1 X116.783 Y114.284 E341.80257
G1 X116.783 Y106.854 E342.09294
G0 F15000 X116.629 Y115
G0 X116.338 Y115
M204 S5000
;TYPE:WALL-INNER
G1 F1458.3 X116.338 Y123.738 E342.3981
G1 X118.658 Y123.738 E342.47912
G1 X118.658 Y106.258 E343.08958
G1 X116.338 Y106.258 E343.1706
G1 X116.338 Y115 E343.4759
M204 S10000
G0 F15000 X115.918 Y115
M204 S5000
;TYPE:WALL-OUTER
G1 F1458.3 X115.918 Y124.158 E343.79573
G1 X119.078 Y124.158 E343.90608
G1 X119.078 Y105.838 E344.54587
G1 X115.918 Y105.838 E344.65623
G1 X115.918 Y115 E344.9762
M204 S10000
G0 F15000 X115.918 Y115.2
G0 X116.949 Y115.2
;MESH:NONMESH
G0 F600 Z16.8
G0 F15000 X116.783 Y106.854
;TIME_ELAPSED:440.346028
;LAYER:83
;note -- min layer time used
;TYPE:FILL
;MESH:Stickmaaaaan.obj
G1 F1443.1 X116.825 Y106.811 E344.97855
G1 X118.213 Y106.811 E345.03279
G1 X118.173 Y106.811 E345.03435
G1 X118.213 Y106.851 E345.03656
G1 X118.213 Y114.287 E345.32717
G1 X116.783 Y115.717 E345.4062
G1 X116.783 Y123.147 E345.69657
G1 X116.823 Y123.187 E345.69878
G1 X118.177 Y123.186 E345.7517
G1 X118.213 Y123.15 E345.75369
G1 X118.213 Y115.714 E346.04429
G1 X116.783 Y114.284 E346.12332
G1 X116.783 Y106.854 E346.41369
G0 F15000 X116.629 Y115
G0 X116.338 Y115
M204 S5000
;TYPE:WALL-INNER
G1 F1443.1 X116.338 Y123.633 E346.71519
G1 X118.658 Y123.63 E346.79621
G1 X118.658 Y106.366 E347.39912
G1 X116.338 Y106.366 E347.48014
G1 X116.338 Y115 E347.78167
M204 S10000
G0 F15000 X115.918 Y115
M204 S5000
;TYPE:WALL-OUTER
G1 F1443.1 X115.918 Y124.053 E348.09783
G1 X119.078 Y124.05 E348.20819
G1 X119.078 Y105.946 E348.84043
G1 X115.918 Y105.946 E348.95079
G1 X115.918 Y115 E349.26698
M204 S10000
G0 F15000 X115.918 Y115.2
G0 X116.949 Y115.2
;MESH:NONMESH
G0 F600 Z17
G0 F15000 X118.213 Y106.916
;TIME_ELAPSED:445.537667
;LAYER:84
;note -- min layer time used
;TYPE:FILL
;MESH:Stickmaaaaan.obj
G1 F1148 X116.783 Y106.919 E349.32287
G1 X116.783 Y115.717 E349.6667
G1 X117.333 Y115.167 E349.6971
G1 X118.213 Y115.167 E349.73149
G1 X118.213 Y114.835 E349.74447
G1 X117.334 Y114.835 E349.77882
G1 X116.783 Y114.284 E349.80927
G1 X116.709 Y114.21
G0 F15000 X116.338 Y115
M204 S5000
;TYPE:WALL-INNER
G1 F1148 X116.338 Y123.526 E350.10702
G1 X118.658 Y123.526 E350.18805
G1 X118.658 Y106.471 E350.78366
G1 X116.338 Y106.474 E350.86468
G1 X116.338 Y115 E351.16244
M204 S10000
G0 F15000 X115.918 Y115
M204 S5000
;TYPE:WALL-OUTER
G1 F1148 X115.918 Y123.946 E351.47486
G1 X119.078 Y123.946 E351.58522
G1 X119.078 Y106.051 E352.21017
G1 X115.918 Y106.054 E352.32052
G1 X115.918 Y115 E352.63295
M204 S10000
G0 F15000 X115.918 Y115.2
G0 X116.949 Y115.2
;MESH:NONMESH
G0 F600 Z17.2
G0 F15000 X118.213 Y107.047
;TIME_ELAPSED:450.694638
;LAYER:85
;note -- min layer time used
;TYPE:FILL
;MESH:Stickmaaaaan.obj
G1 F1133.7 X116.783 Y107.047 E352.68883
G1 X116.783 Y115.717 E353.02766
G1 X117.333 Y115.167 E353.05806
G1 X118.213 Y115.167 E353.09245
G1 X118.213 Y114.835 E353.10542
G1 X117.334 Y114.835 E353.13978
G1 X116.783 Y114.284 E353.17023
G1 X116.709 Y114.21
G0 F15000 X116.338 Y115
M204 S5000
;TYPE:WALL-INNER
G1 F1133.7 X116.338 Y123.394 E353.46337
G1 X118.658 Y123.394 E353.5444
G1 X118.658 Y106.602 E354.13082
G1 X116.338 Y106.602 E354.21185
G1 X116.338 Y115 E354.50513
M204 S10000
G0 F15000 X115.918 Y115
M204 S5000
;TYPE:WALL-OUTER
G1 F1133.7 X115.918 Y123.814 E354.81294
G1 X119.078 Y123.814 E354.9233
G1 X119.078 Y106.182 E355.53907
G1 X115.918 Y106.182 E355.64942
G1 X115.918 Y115 E355.95737
M204 S10000
G0 F15000 X115.918 Y115.2
G0 X116.949 Y115.2
;MESH:NONMESH
G0 F600 Z17.4
G0 F15000 X118.213 Y107.211
;TIME_ELAPSED:455.850907
;LAYER:86
;note -- min layer time used
;TYPE:FILL
;MESH:Stickmaaaaan.obj
G1 F1115.7 X116.783 Y107.211 E356.01326
G1 X116.783 Y115.717 E356.34568
G1 X117.333 Y115.167 E356.37608
G1 X118.213 Y115.167 E356.41047
G1 X118.213 Y114.835 E356.42344
G1 X117.334 Y114.835 E356.4578
G1 X116.783 Y114.284 E356.48825
G1 X116.709 Y114.21
G0 F15000 X116.338 Y115
M204 S5000
;TYPE:WALL-INNER
G1 F1115.7 X116.338 Y123.23 E356.77567
G1 X118.658 Y123.23 E356.85669
G1 X118.658 Y106.766 E357.43166
G1 X116.338 Y106.766 E357.51268
G1 X116.338 Y115 E357.80024
M204 S10000
G0 F15000 X115.918 Y115
M204 S5000
;TYPE:WALL-OUTER
G1 F1115.7 X115.918 Y123.65 E358.10233
G1 X119.078 Y123.65 E358.21268
G1 X119.078 Y106.346 E358.81699
G1 X115.918 Y106.346 E358.92735
G1 X115.918 Y115 E359.22958
M204 S10000
G0 F15000 X115.918 Y115.2
G0 X116.949 Y115.2
;MESH:NONMESH
G0 F600 Z17.6
G0 F15000 X118.213 Y107.375
;TIME_ELAPSED:461.006462
;LAYER:87
;note -- min layer time used
;TYPE:FILL
;MESH:Stickmaaaaan.obj
G1 F1097.7 X116.783 Y107.375 E359.28546
G1 X116.783 Y115.717 E359.61147
G1 X117.333 Y115.167 E359.64187
G1 X118.213 Y115.167 E359.67626
G1 X118.213 Y114.835 E359.68923
G1 X117.334 Y114.835 E359.72359
G1 X116.783 Y114.284 E359.75404
G1 X116.709 Y114.21
G0 F15000 X116.338 Y115
M204 S5000
;TYPE:WALL-INNER
G1 F1097.7 X116.338 Y123.066 E360.03573
G1 X118.658 Y123.066 E360.11675
G1 X118.658 Y106.93 E360.68027
G1 X116.338 Y106.93 E360.76129
G1 X116.338 Y115 E361.04312
M204 S10000
G0 F15000 X115.918 Y115
M204 S5000
;TYPE:WALL-OUTER
G1 F1097.7 X115.918 Y123.486 E361.33948
G1 X119.078 Y123.486 E361.44984
G1 X119.078 Y106.51 E362.04269
G1 X115.918 Y106.51 E362.15305
G1 X115.918 Y115 E362.44955
M204 S10000
G0 F15000 X115.918 Y115.2
G0 X116.949 Y115.2
;MESH:NONMESH
G0 F600 Z17.8
G0 F15000 X118.213 Y107.539
;TIME_ELAPSED:466.161304
;LAYER:88
;note -- min layer time used
;TYPE:FILL
;MESH:Stickmaaaaan.obj
G1 F1079.7 X116.783 Y107.539 E362.50543
G1 X116.783 Y115.717 E362.82503
G1 X117.333 Y115.167 E362.85543
G1 X118.213 Y115.167 E362.88982
G1 X118.213 Y114.835 E362.9028
G1 X117.334 Y114.835 E362.93715
G1 X116.783 Y114.284 E362.9676
G1 X116.709 Y114.21
G0 F15000 X116.338 Y115
M204 S5000
;TYPE:WALL-INNER
G1 F1079.7 X116.338 Y122.902 E363.24357
G1 X118.658 Y122.902 E363.32459
G1 X118.658 Y107.094 E363.87665
G1 X116.338 Y107.094 E363.95767
G1 X116.338 Y115 E364.23378
M204 S10000
G0 F15000 X115.918 Y115
M204 S5000
;TYPE:WALL-OUTER
G1 F1079.7 X115.918 Y123.322 E364.52441
G1 X119.078 Y123.322 E364.63476
G1 X119.078 Y106.674 E365.21616
G1 X115.918 Y106.674 E365.32652
G1 X115.918 Y115 E365.61729
M204 S10000
G0 F15000 X115.918 Y115.2
G0 X116.949 Y115.2
;MESH:NONMESH
G0 F600 Z18
G0 F15000 X118.213 Y107.703
;TIME_ELAPSED:471.315436
;LAYER:89
;note -- min layer time used
;TYPE:FILL
;MESH:Stickmaaaaan.obj
G1 F1061.7 X116.783 Y107.703 E365.67318
G1 X116.784 Y115.716 E365.98633
G1 X117.334 Y115.166 E366.01673
G1 X118.213 Y115.166 E366.05108
G1 X118.213 Y114.834 E366.06405
G1 X117.333 Y114.834 E366.09845
G1 X116.783 Y114.284 E366.12884
G1 X116.709 Y114.21
G0 F15000 X116.338 Y115
M204 S5000
;TYPE:WALL-INNER
G1 F1061.7 X116.338 Y122.738 E366.39908
G1 X118.658 Y122.738 E366.4801
G1 X118.658 Y107.258 E367.02071
G1 X116.338 Y107.258 E367.10173
G1 X116.338 Y115 E367.37211
M204 S10000
G0 F15000 X115.918 Y115
M204 S5000
;TYPE:WALL-OUTER
G1 F1061.7 X115.918 Y123.158 E367.65701
G1 X119.078 Y123.158 E367.76737
G1 X119.078 Y106.838 E368.33731
G1 X115.918 Y106.838 E368.44767
G1 X115.918 Y115 E368.73271
M204 S10000
G0 F15000 X115.918 Y115.2
G0 X116.949 Y115.2
;MESH:NONMESH
G0 F600 Z18.2
G0 F15000 X118.213 Y107.867
;TIME_ELAPSED:476.468862
;LAYER:90
;note -- min layer time used
;TYPE:FILL
;MESH:Stickmaaaaan.obj
G1 F1043.7 X116.783 Y107.867 E368.7886
G1 X116.784 Y115.716 E369.09534
G1 X117.334 Y115.166 E369.12574
G1 X118.213 Y115.166 E369.16009
G1 X118.213 Y114.834 E369.17307
G1 X117.333 Y114.834 E369.20746
G1 X116.783 Y114.284 E369.23785
G1 X116.709 Y114.21
G0 F15000 X116.338 Y115
M204 S5000
;TYPE:WALL-INNER
G1 F1043.7 X116.338 Y122.574 E369.50236
G1 X118.658 Y122.574 E369.58338
G1 X118.658 Y107.422 E370.11254
G1 X116.338 Y107.422 E370.19356
G1 X116.338 Y115 E370.45821
M204 S10000
G0 F15000 X115.918 Y115
M204 S5000
;TYPE:WALL-OUTER
G1 F1043.7 X115.918 Y122.994 E370.73738
G1 X119.078 Y122.994 E370.84774
G1 X119.078 Y107.002 E371.40623
G1 X115.918 Y107.002 E371.51659
G1 X115.918 Y115 E371.7959
M204 S10000
G0 F15000 X115.918 Y115.2
G0 X116.949 Y115.2
;MESH:NONMESH
G0 F600 Z18.4
G0 F15000 X118.213 Y108.031
;TIME_ELAPSED:481.621586
;LAYER:91
;note -- min layer time used
;TYPE:FILL
;MESH:Stickmaaaaan.obj
G1 F1025.7 X116.783 Y108.031 E371.85179
G1 X116.784 Y115.716 E372.15213
G1 X117.334 Y115.166 E372.18252
G1 X118.213 Y115.166 E372.21687
G1 X118.213 Y114.834 E372.22985
G1 X117.333 Y114.834 E372.26424
G1 X116.783 Y114.284 E372.29464
G1 X116.709 Y114.21
G0 F15000 X116.338 Y115
M204 S5000
;TYPE:WALL-INNER
G1 F1025.7 X116.338 Y122.41 E372.55342
G1 X118.658 Y122.41 E372.63444
G1 X118.658 Y107.586 E373.15214
G1 X116.338 Y107.586 E373.23316
G1 X116.338 Y115 E373.49208
M204 S10000
G0 F15000 X115.918 Y115
M204 S5000
;TYPE:WALL-OUTER
G1 F1025.7 X115.918 Y122.83 E373.76553
G1 X119.078 Y122.83 E373.87589
G1 X119.078 Y107.166 E374.42292
G1 X115.918 Y107.166 E374.53328
G1 X115.918 Y115 E374.80687
M204 S10000
G0 F15000 X115.918 Y115.2
G0 X116.949 Y115.2
;MESH:NONMESH
G0 F600 Z18.6
G0 F15000 X118.213 Y109.103
;TIME_ELAPSED:486.770045
;LAYER:92
;note -- min layer time used
;TYPE:FILL
;MESH:Stickmaaaaan.obj
G1 F1112.7 X116.783 Y109.104 E374.86275
G1 X116.783 Y115.717 E375.12119
G1 X117.334 Y115.166 E375.15165
G1 X118.213 Y115.166 E375.186
G1 X118.213 Y114.834 E375.19897
G1 X117.333 Y114.834 E375.23337
G1 X116.783 Y114.284 E375.26376
G1 X116.709 Y114.21
G0 F15000 X116.338 Y115
M204 S5000
;TYPE:WALL-INNER
G1 F1112.7 X116.338 Y122.246 E375.51682
G1 X118.658 Y122.246 E375.59784
G1 X118.658 Y107.75 E376.10408
G1 X116.338 Y107.75 E376.18511
G1 X116.338 Y115 E376.4383
M204 S10000
G0 F15000 X115.918 Y115
M204 S5000
;TYPE:WALL-OUTER
G1 F1112.7 X115.918 Y122.666 E376.70602
G1 X119.078 Y122.666 E376.81638
G1 X119.078 Y107.33 E377.35196
G1 X115.918 Y107.33 E377.46231
G1 X115.918 Y115 E377.73018
M204 S10000
G0 F15000 X115.918 Y115.2
G0 X116.629 Y115.2
G0 X116.732 Y121.316
;TYPE:SKIN
G1 F870.3 X118.264 Y121.313 E377.79858
G1 X118.264 Y121.852 E377.82265
G1 X116.732 Y121.852 E377.89106
G1 X116.732 Y121.316 E377.91499
G0 F15000 X116.733 Y108.683
G1 F868.7 X116.733 Y108.145 E377.93906
G1 X118.263 Y108.145 E378.0075
G1 X118.263 Y108.683 E378.03157
G1 X116.733 Y108.683 E378.10001
G0 F15000 X116.949 Y108.683
;MESH:NONMESH
G0 F600 Z18.8
G0 F15000 X118.213 Y109.347
;TIME_ELAPSED:492.083364
;LAYER:93
;note -- min layer time used
;TYPE:FILL
;MESH:Stickmaaaaan.obj
G1 F1087.6 X116.783 Y109.348 E378.1559
G1 X116.783 Y115.717 E378.4048
G1 X117.333 Y115.167 E378.4352
G1 X118.213 Y115.167 E378.46959
G1 X118.213 Y114.835 E378.48257
G1 X117.334 Y114.835 E378.51692
G1 X116.783 Y114.284 E378.54737
G1 X116.709 Y114.21
G0 F15000 X116.338 Y115
M204 S5000
;TYPE:WALL-INNER
G1 F1087.6 X116.338 Y122.073 E378.79438
G1 X118.658 Y122.07 E378.8754
G1 X118.658 Y107.926 E379.36936
G1 X116.338 Y107.926 E379.45038
G1 X116.338 Y115 E379.69742
M204 S10000
G0 F15000 X115.918 Y115
M204 S5000
;TYPE:WALL-OUTER
G1 F1087.6 X115.918 Y122.493 E379.9591
G1 X119.078 Y122.49 E380.06946
G1 X119.078 Y107.506 E380.59275
G1 X115.918 Y107.506 E380.70311
G1 X115.918 Y115 E380.96482
M204 S10000
G0 F15000 X115.918 Y115.2
G0 X116.629 Y115.2
G0 X116.75 Y121.089
;TYPE:SKIN
G1 F798.6 X118.247 Y121.086 E381.03602
G1 F800 X118.247 Y121.656 E381.06308
G1 F798.6 X116.75 Y121.661 E381.13428
G1 X116.75 Y121.089 E381.16149
G0 F15000 X116.75 Y108.91
G1 F798.6 X116.75 Y108.338 E381.1887
G1 X118.246 Y108.338 E381.25985
G1 X118.246 Y108.91 E381.28705
G1 X116.75 Y108.91 E381.35821
G0 F15000 X116.949 Y108.91
;MESH:NONMESH
G0 F600 Z19
G0 F15000 X118.213 Y109.591
;TIME_ELAPSED:497.454109
;LAYER:94
;note -- min layer time used
;TYPE:FILL
;MESH:Stickmaaaaan.obj
G1 F1060.2 X116.783 Y109.592 E381.41409
G1 X116.783 Y115.717 E381.65346
G1 X117.334 Y115.166 E381.68391
G1 X118.213 Y115.166 E381.71827
G1 X118.213 Y114.834 E381.73124
G1 X117.333 Y114.834 E381.76563
G1 X116.783 Y114.284 E381.79603
G1 X116.709 Y114.21
G0 F15000 X116.338 Y115
M204 S5000
;TYPE:WALL-INNER
G1 F1060.2 X116.338 Y121.829 E382.03452
G1 X118.658 Y121.826 E382.11554
G1 X118.658 Y108.17 E382.59245
G1 X116.338 Y108.17 E382.67347
G1 X116.338 Y115 E382.912
M204 S10000
G0 F15000 X115.918 Y115
M204 S5000
;TYPE:WALL-OUTER
G1 F1060.2 X115.918 Y122.249 E383.16516
G1 X119.078 Y122.246 E383.27551
G1 X119.078 Y107.75 E383.78176
G1 X115.918 Y107.75 E383.89212
G1 X115.918 Y115 E384.14531
M204 S10000
G0 F15000 X115.918 Y115.2
G0 X116.629 Y115.2
G0 X116.75 Y120.845
;TYPE:SKIN
G1 F778.4 X118.247 Y120.842 E384.21651
G1 F779.8 X118.247 Y121.412 E384.24357
G1 F778.4 X116.75 Y121.417 E384.31477
G1 X116.75 Y120.845 E384.34198
G0 F15000 X116.75 Y109.154
G1 F778.4 X116.75 Y108.582 E384.36918
G1 X118.246 Y108.582 E384.44034
G1 X118.246 Y109.154 E384.46754
G1 X116.75 Y109.154 E384.53869
G0 F15000 X116.949 Y109.154
;MESH:NONMESH
G0 F600 Z19.2
G0 F15000 X118.213 Y109.834
;TIME_ELAPSED:502.827759
;LAYER:95
;note -- min layer time used
;TYPE:FILL
;MESH:Stickmaaaaan.obj
G1 F1032.8 X116.783 Y109.835 E384.59458
G1 X116.783 Y115.717 E384.82445
G1 X117.334 Y115.166 E384.85491
G1 X118.213 Y115.166 E384.88926
G1 X118.213 Y114.834 E384.90223
G1 X117.333 Y114.834 E384.93662
G1 X116.783 Y114.284 E384.96702
G1 X116.709 Y114.21
G0 F15000 X116.338 Y115
M204 S5000
;TYPE:WALL-INNER
G1 F1032.8 X116.338 Y121.585 E385.19699
G1 X118.658 Y121.582 E385.27801
G1 X118.658 Y108.414 E385.73788
G1 X116.338 Y108.414 E385.8189
G1 X116.338 Y115 E386.0489
M204 S10000
G0 F15000 X115.918 Y115
M204 S5000
;TYPE:WALL-OUTER
G1 F1032.8 X115.918 Y122.005 E386.29354
G1 X119.078 Y122.002 E386.4039
G1 X119.078 Y107.994 E386.8931
G1 X115.918 Y107.994 E387.00346
G1 X115.918 Y115 E387.24813
M204 S10000
G0 F15000 X115.918 Y115.2
G0 X116.629 Y115.2
G0 X116.749 Y120.601
;TYPE:SKIN
G1 F761 X118.248 Y120.6 E387.31918
G1 F762.3 X118.248 Y121.168 E387.34605
G1 F761 X116.749 Y121.174 E387.4171
G1 F759.7 X116.749 Y120.601 E387.4443
G0 F15000 X116.75 Y109.397
G1 F758.3 X116.75 Y108.826 E387.47146
G1 X118.247 Y108.825 E387.54266
G1 F759.7 X118.247 Y109.395 E387.56972
G1 F758.3 X116.75 Y109.397 E387.64092
G0 F15000 X116.949 Y109.397
;MESH:NONMESH
G0 F600 Z19.4
G0 F15000 X118.213 Y110.121
;TIME_ELAPSED:508.203650
;LAYER:96
;note -- min layer time used
;TYPE:FILL
;MESH:Stickmaaaaan.obj
G1 F1004.8 X116.783 Y110.122 E387.69681
G1 X116.783 Y115.717 E387.91547
G1 X117.334 Y115.166 E387.94592
G1 X118.213 Y115.166 E387.98027
G1 X118.213 Y114.834 E387.99324
G1 X117.333 Y114.834 E388.02764
G1 X116.783 Y114.284 E388.05803
G1 X116.709 Y114.21
G0 F15000 X116.338 Y115
M204 S5000
;TYPE:WALL-INNER
G1 F1004.8 X116.338 Y121.341 E388.27948
G1 X118.658 Y121.338 E388.3605
G1 X118.658 Y108.658 E388.80333
G1 X116.338 Y108.658 E388.88435
G1 X116.338 Y115 E389.10583
M204 S10000
G0 F15000 X115.918 Y115
M204 S5000
;TYPE:WALL-OUTER
G1 F1004.8 X115.918 Y121.761 E389.34195
G1 X119.078 Y121.758 E389.45231
G1 X119.078 Y108.238 E389.92447
G1 X115.918 Y108.238 E390.03482
G1 X115.918 Y115 E390.27097
M204 S10000
G0 F15000 X115.918 Y115.2
G0 X116.629 Y115.2
G0 X116.76 Y120.324
;TYPE:SKIN
G1 F712.9 X118.237 Y120.323 E390.34368
G1 F714.1 X118.237 Y120.913 E390.37267
G1 F712.9 X116.76 Y120.919 E390.44538
G1 F711.7 X116.76 Y120.324 E390.47472
G0 F15000 X116.76 Y109.672
G1 F712.9 X116.76 Y109.08 E390.50386
G1 X118.236 Y109.08 E390.57651
G1 X118.236 Y109.672 E390.60566
G1 X116.76 Y109.672 E390.67831
G0 F15000 X116.949 Y109.672
;MESH:NONMESH
G0 F600 Z19.6
G0 F15000 X118.213 Y110.495
;TIME_ELAPSED:513.607648
;LAYER:97
;note -- min layer time used
;TYPE:FILL
;MESH:Stickmaaaaan.obj
G1 F1018.8 X116.783 Y110.496 E390.7342
G1 X116.784 Y115.716 E390.9382
G1 X117.334 Y115.166 E390.9686
G1 X118.213 Y115.166 E391.00295
G1 X118.213 Y114.834 E391.01592
G1 X117.333 Y114.834 E391.05031
G1 X116.783 Y114.284 E391.08071
G1 X116.709 Y114.21
G0 F15000 X116.338 Y115
M204 S5000
;TYPE:WALL-INNER
G1 F1018.8 X116.338 Y121.097 E391.29364
G1 X118.658 Y121.094 E391.37466
G1 X118.658 Y108.902 E391.80044
G1 X116.338 Y108.902 E391.88146
G1 X116.338 Y115 E392.09442
M204 S10000
G0 F15000 X115.918 Y115
M204 S5000
;TYPE:WALL-OUTER
G1 F1018.8 X115.918 Y121.517 E392.32202
G1 X119.078 Y121.514 E392.43238
G1 X119.078 Y108.482 E392.88749
G1 X115.918 Y108.482 E392.99785
G1 X115.918 Y115 E393.22548
M204 S10000
G0 F15000 X115.918 Y115.2
G0 X116.629 Y115.2
G0 X117.876 Y120.309
;TYPE:SKIN
G1 F904.7 X117.12 Y120.311 E393.25521
G0 F15000 X116.674 Y119.866
G1 F1018.8 X118.322 Y119.863 E393.31277
G1 X118.322 Y120.754 E393.34388
G1 X116.674 Y120.761 E393.40144
G1 X116.674 Y119.866 E393.43269
G0 F15000 X117.874 Y109.686
G1 F899 X117.122 Y109.686 E393.46246
G0 F15000 X116.674 Y110.134
G1 F1018.8 X116.674 Y109.238 E393.49375
G1 X118.322 Y109.238 E393.5513
G1 X118.322 Y110.134 E393.58259
G1 X116.674 Y110.134 E393.64015
G0 F15000 X116.949 Y110.134
;MESH:NONMESH
G0 F600 Z19.8
G0 F15000 X118.213 Y110.869
;TIME_ELAPSED:518.852260
;LAYER:98
;note -- min layer time used
;TYPE:FILL
;MESH:Stickmaaaaan.obj
G1 F992.9 X116.783 Y110.87 E393.69603
G1 X116.783 Y115.717 E393.88546
G1 X117.333 Y115.167 E393.91585
G1 X118.213 Y115.167 E393.95024
G1 X118.213 Y114.835 E393.96322
G1 X117.334 Y114.835 E393.99757
G1 X116.783 Y114.284 E394.02802
G1 X116.709 Y114.21
G0 F15000 X116.338 Y115
M204 S5000
;TYPE:WALL-INNER
G1 F992.9 X116.338 Y120.853 E394.23243
G1 X118.658 Y120.85 E394.31345
G1 X118.658 Y109.146 E394.72219
G1 X116.338 Y109.146 E394.80321
G1 X116.338 Y115 E395.00765
M204 S10000
G0 F15000 X115.918 Y115
M204 S5000
;TYPE:WALL-OUTER
G1 F992.9 X115.918 Y121.273 E395.22673
G1 X119.078 Y121.27 E395.33708
G1 X119.078 Y108.726 E395.77516
G1 X115.918 Y108.726 E395.88552
G1 X115.918 Y115 E396.10462
M204 S10000
G0 F15000 X115.918 Y115.2
G0 X116.629 Y115.2
G0 X117.812 Y120
;TYPE:SKIN
G1 F692.8 X117.186 Y120.002 E396.13596
G0 F15000 X116.674 Y119.49
G1 F992.9 X118.322 Y119.49 E396.19351
G1 X118.322 Y120.51 E396.22913
G1 X116.674 Y120.517 E396.28669
G1 X116.674 Y119.49 E396.32255
G0 F15000 X117.81 Y109.994
G1 F690.5 X117.186 Y109.994 E396.35389
G0 F15000 X116.674 Y110.506
G1 F992.9 X116.674 Y109.482 E396.38966
G1 X118.322 Y109.482 E396.44721
G1 X118.322 Y110.506 E396.48297
G1 X116.674 Y110.506 E396.54052
G0 F15000 X116.949 Y110.506
;MESH:NONMESH
G0 F600 Z20
G0 F15000 X118.213 Y111.243
;TIME_ELAPSED:524.118019
;LAYER:99
;note -- min layer time used
;TYPE:FILL
;MESH:Stickmaaaaan.obj
G1 F1014.4 X116.783 Y111.244 E396.59641
G1 X116.783 Y115.717 E396.77122
G1 X117.333 Y115.167 E396.80161
G1 X118.213 Y115.167 E396.836
G1 X118.213 Y114.835 E396.84898
G1 X117.334 Y114.835 E396.88333
G1 X116.783 Y114.284 E396.91378
G1 X116.709 Y114.21
G0 F15000 X116.338 Y115
M204 S5000
;TYPE:WALL-INNER
G1 F1014.4 X116.338 Y120.61 E397.1097
G1 X118.658 Y120.61 E397.19072
G1 X118.658 Y109.387 E397.58267
G1 X116.338 Y109.39 E397.66369
G1 X116.338 Y115 E397.85961
M204 S10000
G0 F15000 X115.918 Y115
M204 S5000
;TYPE:WALL-OUTER
G1 F1014.4 X115.918 Y121.03 E398.07019
G1 X119.078 Y121.03 E398.18055
G1 X119.078 Y108.967 E398.60183
G1 X115.918 Y108.97 E398.71219
G1 X115.918 Y115 E398.92277
M204 S10000
G0 F15000 X115.918 Y115.2
G0 X116.629 Y115.2
G0 X117.069 Y119.509
;TYPE:SKIN
G1 F1151.5 X117.927 Y119.509 E398.94917
G1 X117.927 Y119.879 E398.96055
G1 X117.069 Y119.879 E398.98695
G1 X117.069 Y119.509 E398.99833
G0 F15000 X116.674 Y119.118
G1 F1014.4 X118.322 Y119.115 E399.05589
G1 X118.322 Y120.274 E399.09636
G1 X116.674 Y120.274 E399.15392
G1 X116.674 Y119.118 E399.19429
G0 F15000 X117.069 Y110.487
G1 F1151.5 X117.069 Y110.117 E399.20567
G1 X117.927 Y110.117 E399.23207
G1 X117.927 Y110.487 E399.24345
G1 X117.069 Y110.487 E399.26985
G0 F15000 X116.674 Y110.882
G1 F1014.4 X116.674 Y109.726 E399.31022
G1 X118.322 Y109.723 E399.36777
G1 X118.322 Y110.882 E399.40825
G1 X116.674 Y110.882 E399.4658
G0 F15000 X116.949 Y110.882
;MESH:NONMESH
G0 F600 Z20.2
G0 F15000 X118.213 Y111.605
;TIME_ELAPSED:529.321028
;LAYER:100
;note -- min layer time used
;TYPE:FILL
;MESH:Stickmaaaaan.obj
G1 F984.9 X116.783 Y111.606 E399.52169
G1 X116.783 Y115.717 E399.68235
G1 X117.333 Y115.167 E399.71275
G1 X118.213 Y115.167 E399.74714
G1 X118.213 Y114.835 E399.76011
G1 X117.334 Y114.835 E399.79446
G1 X116.783 Y114.284 E399.82492
G1 X116.709 Y114.21
G0 F15000 X116.338 Y115
M204 S5000
;TYPE:WALL-INNER
G1 F984.9 X116.338 Y120.322 E400.01078
G1 X118.658 Y120.322 E400.0918
G1 X118.658 Y109.674 E400.46366
G1 X116.338 Y109.674 E400.54468
G1 X116.338 Y115 E400.73068
M204 S10000
G0 F15000 X115.918 Y115
M204 S5000
;TYPE:WALL-OUTER
G1 F984.9 X115.918 Y120.742 E400.93121
G1 X119.078 Y120.742 E401.04157
G1 X119.078 Y109.254 E401.44277
G1 X115.918 Y109.254 E401.55312
G1 X115.918 Y115 E401.75379
M204 S10000
G0 F15000 X115.918 Y115.2
G0 X116.629 Y115.2
G0 X117.087 Y119.167
;TYPE:SKIN
G1 F1018.9 X117.909 Y119.167 E401.78154
G1 X117.909 Y119.573 E401.79525
G1 X117.087 Y119.573 E401.823
G1 X117.087 Y119.167 E401.8367
G0 F15000 X116.674 Y118.754
G1 F984.9 X118.322 Y118.754 E401.89426
G1 X118.322 Y119.986 E401.93728
G1 X116.674 Y119.986 E401.99483
G1 X116.674 Y118.754 E402.03786
G0 F15000 X117.087 Y110.829
G1 F1018.9 X117.087 Y110.423 E402.05157
G1 X117.909 Y110.423 E402.07932
G1 X117.909 Y110.829 E402.09302
G1 X117.087 Y110.829 E402.12077
G0 F15000 X116.674 Y111.242
G1 F984.9 X116.674 Y110.01 E402.1638
G1 X118.322 Y110.01 E402.22135
G1 X118.322 Y111.242 E402.26438
G1 X116.674 Y111.242 E402.32193
G0 F15000 X116.949 Y111.242
;MESH:NONMESH
G0 F600 Z20.4
G0 F15000 X118.213 Y111.605
;TIME_ELAPSED:534.544638
;LAYER:101
;note -- min layer time used
;TYPE:FILL
;MESH:Stickmaaaaan.obj
G1 F889.7 X116.783 Y111.606 E402.37782
G1 X116.783 Y115.717 E402.53848
G1 X117.333 Y115.167 E402.56887
G1 X118.213 Y115.167 E402.60326
G1 X118.213 Y114.835 E402.61624
G1 X117.334 Y114.835 E402.65059
G1 X116.783 Y114.284 E402.68104
G1 X116.709 Y114.21
G0 F15000 X116.338 Y115
M204 S5000
;TYPE:WALL-INNER
G1 F889.7 X116.338 Y119.949 E402.85388
G1 X118.658 Y119.946 E402.9349
G1 X118.658 Y110.05 E403.2805
G1 X116.338 Y110.05 E403.36152
G1 X116.338 Y115 E403.53439
M204 S10000
G0 F15000 X115.918 Y115
M204 S5000
;TYPE:WALL-OUTER
G1 F889.7 X115.918 Y120.369 E403.72189
G1 X119.078 Y120.366 E403.83225
G1 X119.078 Y109.63 E404.20719
G1 X115.918 Y109.63 E404.31754
G1 X115.918 Y115 E404.50508
M204 S10000
G0 F15000 X115.918 Y115.2
G0 X116.629 Y115.2
G0 X117.896 Y119.18
;TYPE:SKIN
G1 F861 X117.102 Y119.182 E404.53373
G0 F15000 X116.674 Y118.754
G1 F889.7 X118.322 Y118.754 E404.59129
G1 X118.322 Y119.606 E404.62104
G1 X116.674 Y119.613 E404.67859
G1 X116.674 Y118.754 E404.70859
G0 F15000 X117.894 Y110.814
G1 F857.1 X117.102 Y110.814 E404.73731
G0 F15000 X116.674 Y111.242
G1 F889.7 X116.674 Y110.386 E404.7672
G1 X118.322 Y110.386 E404.82475
G1 X118.322 Y111.242 E404.85465
G1 X116.674 Y111.242 E404.9122
G0 F15000 X116.949 Y111.242
;MESH:NONMESH
G0 F600 Z20.6
G0 F15000 X118.213 Y110.867
;TIME_ELAPSED:539.773458
;LAYER:102
;note -- min layer time used
;TYPE:FILL
;MESH:Stickmaaaaan.obj
G1 F713.6 X116.783 Y110.867 E404.96809
G1 X116.783 Y115.717 E405.15763
G1 X117.333 Y115.167 E405.18803
G1 X118.213 Y115.167 E405.22242
G1 X118.213 Y114.835 E405.23539
G1 X117.334 Y114.835 E405.26974
G1 X116.783 Y114.284 E405.3002
G1 X116.709 Y114.21
G0 F15000 X116.338 Y115
M204 S5000
;TYPE:WALL-INNER
G1 F713.6 X116.338 Y119.574 E405.45993
G1 X118.658 Y119.574 E405.54096
G1 X118.658 Y110.422 E405.86057
G1 X116.338 Y110.422 E405.94159
G1 X116.338 Y115 E406.10147
M204 S10000
G0 F15000 X115.918 Y115
M204 S5000
;TYPE:WALL-OUTER
G1 F713.6 X115.918 Y119.994 E406.27588
G1 X119.078 Y119.994 E406.38624
G1 X119.078 Y110.002 E406.73519
G1 X115.918 Y110.002 E406.84555
G1 X115.918 Y115 E407.02009
M204 S10000
G0 F15000 X115.918 Y115.2
G0 X116.949 Y115.2
;MESH:NONMESH
G0 F600 Z20.8
G0 F15000 X118.213 Y111.243
;TIME_ELAPSED:544.925308
;LAYER:103
;note -- min layer time used
;TYPE:FILL
;MESH:Stickmaaaaan.obj
G1 F674.4 X116.783 Y111.243 E407.07598
G1 X116.783 Y115.717 E407.25082
G1 X117.333 Y115.167 E407.28122
G1 X118.213 Y115.167 E407.31561
G1 X118.213 Y114.835 E407.32859
G1 X117.334 Y114.835 E407.36294
G1 X116.783 Y114.284 E407.39339
G1 X116.709 Y114.21
G0 F15000 X116.338 Y115
M204 S5000
;TYPE:WALL-INNER
G1 F674.4 X116.338 Y119.201 E407.5401
G1 X118.658 Y119.198 E407.62113
G1 X118.658 Y110.798 E407.91448
G1 X116.338 Y110.798 E407.9955
G1 X116.338 Y115 E408.14225
M204 S10000
G0 F15000 X115.918 Y115
M204 S5000
;TYPE:WALL-OUTER
G1 F674.4 X115.918 Y119.621 E408.30363
G1 X119.078 Y119.618 E408.41399
G1 X119.078 Y110.378 E408.73668
G1 X115.918 Y110.378 E408.84703
G1 X115.918 Y115 E409.00845
M204 S10000
G0 F15000 X115.918 Y115.2
G0 X116.949 Y115.2
;MESH:NONMESH
G0 F600 Z21
G0 F15000 X118.213 Y111.603
;TIME_ELAPSED:550.062856
;LAYER:104
;note -- min layer time used
;TYPE:FILL
;MESH:Stickmaaaaan.obj
G1 F635.1 X116.783 Y111.603 E409.06433
G1 X116.784 Y115.716 E409.22507
G1 X117.334 Y115.166 E409.25547
G1 X118.213 Y115.166 E409.28982
G1 X118.213 Y114.834 E409.3028
G1 X117.333 Y114.834 E409.33719
G1 X116.783 Y114.284 E409.36758
G1 X116.709 Y114.21
G0 F15000 X116.338 Y115
M204 S5000
;TYPE:WALL-INNER
G1 F635.1 X116.338 Y118.838 E409.50162
G1 X118.658 Y118.838 E409.58264
G1 X118.658 Y111.158 E409.85085
G1 X116.338 Y111.158 E409.93187
G1 X116.338 Y115 E410.06605
M204 S10000
G0 F15000 X115.918 Y115
M204 S5000
;TYPE:WALL-OUTER
G1 F635.1 X115.918 Y119.258 E410.21475
G1 X119.078 Y119.258 E410.32511
G1 X119.078 Y110.738 E410.62265
G1 X115.918 Y110.738 E410.73301
G1 X115.918 Y115 E410.88185
M204 S10000
G0 F15000 X115.918 Y115.2
G0 X116.949 Y115.2
;MESH:NONMESH
G0 F600 Z21.2
G0 F15000 X117.896 Y111.451
G0 X117.896 Y111.291
;TIME_ELAPSED:555.203854
;LAYER:105
;note -- min layer time used
;TYPE:FILL
;MESH:Stickmaaaaan.obj
G1 F648.2 X117.101 Y111.291 E410.91292
G1 X117.03 Y111.54 E410.92304
G1 X116.914 Y111.706 E410.93095
G1 X116.783 Y111.769 E410.93664
G1 X116.783 Y115.717 E411.09093
G1 X117.333 Y115.167 E411.12132
G1 X118.213 Y115.167 E411.15571
G1 X118.213 Y114.835 E411.16869
G1 X117.334 Y114.835 E411.20304
G1 X116.783 Y114.284 E411.23349
G1 X116.709 Y114.21
G0 F15000 X116.338 Y115
M204 S5000
;TYPE:WALL-INNER
G1 F648.2 X116.338 Y118.488 E411.35531
G1 X116.593 Y118.61 E411.36518
G1 X116.73 Y119.004 E411.37975
G1 X116.73 Y119.15 E411.38484
G1 X118.266 Y119.15 E411.43849
G1 X118.266 Y119.004 E411.44358
G1 X118.403 Y118.61 E411.45815
G1 X118.658 Y118.488 E411.46802
G1 X118.658 Y111.508 E411.71179
G1 X118.404 Y111.386 E411.72163
G1 X118.266 Y110.992 E411.73621
G1 X118.266 Y110.846 E411.74131
G1 X116.73 Y110.846 E411.79495
G1 X116.73 Y110.996 E411.80019
G1 X116.593 Y111.39 E411.81476
G1 X116.338 Y111.512 E411.82463
G1 X116.338 Y115 E411.94644
M204 S10000
G0 F15000 X115.918 Y115
M204 S5000
;TYPE:WALL-OUTER
G1 F648.2 X115.918 Y118.794 E412.07894
G1 X116.1 Y118.794 E412.08529
G1 X116.265 Y118.872 E412.09167
G1 X116.31 Y119.004 E412.09654
G1 X116.31 Y119.57 E412.1163
G1 X118.686 Y119.57 E412.19928
G1 X118.686 Y119.004 E412.21905
G1 X118.731 Y118.872 E412.22392
G1 X118.896 Y118.794 E412.23029
G1 X119.078 Y118.794 E412.23665
G1 X119.078 Y111.202 E412.50178
G1 X118.896 Y111.202 E412.50814
G1 X118.732 Y111.124 E412.51448
G1 X118.686 Y110.992 E412.51936
G1 X118.686 Y110.426 E412.53913
G1 X116.31 Y110.426 E412.62211
G1 X116.31 Y110.996 E412.64201
G1 X116.265 Y111.128 E412.64689
G1 X116.1 Y111.206 E412.65326
G1 X115.918 Y111.206 E412.65962
G1 X115.918 Y115 E412.79211
M204 S10000
G0 F15000 X115.918 Y115.2
G0 X116.949 Y115.2
;MESH:NONMESH
G0 F600 Z21.4
G0 F15000 X117.821 Y111.138
G0 X117.821 Y110.979
;TIME_ELAPSED:560.348031
;LAYER:106
;note -- min layer time used
;TYPE:FILL
;MESH:Stickmaaaaan.obj
G1 F680.9 X117.175 Y110.979 E412.81736
G1 X117.173 Y111.756 E412.84773
G1 X117.102 Y112.055 E412.85974
G1 X116.924 Y112.362 E412.8736
G1 X116.783 Y112.429 E412.8797
G1 X116.783 Y115.717 E413.0082
G1 X117.333 Y115.167 E413.0386
G1 X118.213 Y115.167 E413.07299
G1 X118.213 Y114.835 E413.08597
G1 X117.334 Y114.835 E413.12032
G1 X116.783 Y114.284 E413.15077
G1 X116.709 Y114.21
G0 F15000 X116.338 Y115
M204 S5000
;TYPE:WALL-INNER
G1 F680.9 X116.338 Y117.828 E413.24953
G1 X116.593 Y117.95 E413.2594
G1 X116.685 Y118.11 E413.26585
G1 X116.73 Y118.344 E413.27417
G1 X116.73 Y119.462 E413.31322
G1 X118.266 Y119.462 E413.36686
G1 X118.266 Y118.344 E413.4059
G1 X118.311 Y118.11 E413.41422
G1 X118.403 Y117.95 E413.42067
G1 X118.658 Y117.828 E413.43054
G1 X118.658 Y112.168 E413.62821
G1 X118.404 Y112.046 E413.63805
G1 X118.311 Y111.887 E413.64448
G1 X118.268 Y111.708 E413.65091
G1 X118.266 Y110.534 E413.69191
G1 X116.73 Y110.534 E413.74555
G1 X116.728 Y111.71 E413.78662
G1 X116.686 Y111.889 E413.79304
G1 X116.593 Y112.05 E413.79954
G1 X116.338 Y112.172 E413.80941
G1 X116.338 Y115 E413.90817
M204 S10000
G0 F15000 X115.918 Y115
M204 S5000
;TYPE:WALL-OUTER
G1 F680.9 X115.918 Y118.134 E414.01762
G1 X116.1 Y118.134 E414.02398
G1 X116.265 Y118.212 E414.03035
G1 X116.31 Y118.344 E414.03522
G1 X116.31 Y119.882 E414.08893
G1 X118.686 Y119.882 E414.17191
G1 X118.686 Y118.344 E414.22562
G1 X118.731 Y118.212 E414.23049
G1 X118.896 Y118.134 E414.23686
G1 X119.078 Y118.134 E414.24322
G1 X119.078 Y111.862 E414.46226
G1 X118.896 Y111.862 E414.46861
G1 X118.732 Y111.784 E414.47496
G1 X118.686 Y111.671 E414.47922
G1 X118.686 Y110.114 E414.53359
G1 X116.31 Y110.114 E414.61657
G1 X116.31 Y111.674 E414.67105
G1 X116.265 Y111.788 E414.67533
G1 X116.1 Y111.866 E414.6817
G1 X115.918 Y111.866 E414.68806
G1 X115.918 Y115 E414.79751
M204 S10000
G0 F15000 X115.918 Y115.2
G0 X116.949 Y115.2
;MESH:NONMESH
G0 F600 Z21.6
G0 F15000 X117.822 Y111.605
;TIME_ELAPSED:565.488076
;LAYER:107
;note -- min layer time used
;TYPE:FILL
;MESH:Stickmaaaaan.obj
G1 F772.2 X117.174 Y111.606 E414.82283
G1 X117.173 Y112.416 E414.85449
G1 X117.102 Y112.715 E414.8665
G1 X116.924 Y113.022 E414.88037
G1 X116.783 Y113.089 E414.88647
G1 X116.783 Y115.717 E414.98917
G1 X117.333 Y115.167 E415.01957
G1 X118.213 Y115.167 E415.05396
G1 X118.213 Y114.835 E415.06694
G1 X117.334 Y114.835 E415.10129
G1 X116.783 Y114.284 E415.13174
G1 X116.709 Y114.21
G0 F15000 X116.338 Y115
M204 S5000
;TYPE:WALL-INNER
G1 F772.2 X116.338 Y117.168 E415.20745
G1 X116.593 Y117.29 E415.21733
G1 X116.685 Y117.45 E415.22377
G1 X116.73 Y117.684 E415.23209
G1 X116.73 Y119.777 E415.30519
G1 X118.266 Y119.774 E415.35883
G1 X118.266 Y117.684 E415.43182
G1 X118.311 Y117.45 E415.44014
G1 X118.403 Y117.29 E415.44659
G1 X118.658 Y117.168 E415.45646
G1 X118.658 Y112.828 E415.60802
G1 X118.404 Y112.706 E415.61787
G1 X118.311 Y112.547 E415.6243
G1 X118.268 Y112.368 E415.63073
G1 X118.266 Y110.222 E415.70567
G1 X116.73 Y110.222 E415.75931
G1 X116.728 Y112.37 E415.83433
G1 X116.686 Y112.549 E415.84075
G1 X116.593 Y112.71 E415.84724
G1 X116.338 Y112.832 E415.85712
G1 X116.338 Y115 E415.93283
M204 S10000
G0 F15000 X115.918 Y115
M204 S5000
;TYPE:WALL-OUTER
G1 F772.2 X115.918 Y117.474 E416.01923
G1 X116.1 Y117.474 E416.02558
G1 X116.265 Y117.552 E416.03196
G1 X116.31 Y117.684 E416.03683
G1 X116.31 Y120.197 E416.12459
G1 X118.686 Y120.194 E416.20757
G1 X118.686 Y117.684 E416.29523
G1 X118.731 Y117.552 E416.3001
G1 X118.896 Y117.474 E416.30647
G1 X119.078 Y117.474 E416.31283
G1 X119.078 Y112.522 E416.48576
G1 X118.896 Y112.522 E416.49212
G1 X118.732 Y112.444 E416.49846
G1 X118.686 Y112.331 E416.50272
G1 X118.686 Y109.802 E416.59104
G1 X116.31 Y109.802 E416.67402
G1 X116.31 Y112.334 E416.76245
G1 X116.265 Y112.448 E416.76673
G1 X116.1 Y112.526 E416.7731
G1 X115.918 Y112.526 E416.77946
G1 X115.918 Y115 E416.86586
M204 S10000
G0 F15000 X115.918 Y115.2
G0 X116.629 Y115.2
G0 X116.888 Y116.526
G0 X117.131 Y118.823
;TYPE:SKIN
G1 F588.6 X117.865 Y118.82 E416.89949
G1 X117.865 Y119.373 E416.92482
G1 X117.131 Y119.373 E416.95845
G1 X117.131 Y118.823 E416.98365
G0 F15000 X117.129 Y111.179
G1 F586.5 X117.132 Y110.624 E417.00917
G1 X117.864 Y110.624 E417.04283
G1 X117.864 Y111.176 E417.06821
G1 X117.129 Y111.179 E417.10201
G0 F15000 X117.341 Y111.179
;MESH:NONMESH
G0 F600 Z21.8
G0 F15000 X117.822 Y111.605
;TIME_ELAPSED:570.795947
;LAYER:108
;note -- min layer time used
;TYPE:FILL
;MESH:Stickmaaaaan.obj
G1 F838.6 X117.174 Y111.606 E417.12733
G1 X117.173 Y113.302 E417.19361
G1 X117.1 Y113.6 E417.2056
G1 X116.924 Y113.906 E417.2194
G1 X116.783 Y113.973 E417.2255
G1 X116.784 Y115.716 E417.29362
G1 X117.334 Y115.166 E417.32402
G1 X118.213 Y115.166 E417.35837
G1 X118.213 Y114.834 E417.37134
G1 X117.333 Y114.834 E417.40573
G1 X116.783 Y114.284 E417.43613
G1 X116.709 Y114.21
G0 F15000 X116.338 Y115
M204 S5000
;TYPE:WALL-INNER
G1 F838.6 X116.338 Y116.284 E417.48097
G1 X116.593 Y116.406 E417.49084
G1 X116.685 Y116.566 E417.49729
G1 X116.73 Y116.8 E417.50561
G1 X116.73 Y120.09 E417.62051
G1 X118.266 Y120.09 E417.67415
G1 X118.266 Y116.8 E417.78905
G1 X118.311 Y116.566 E417.79737
G1 X118.403 Y116.406 E417.80382
G1 X118.658 Y116.284 E417.81369
G1 X118.658 Y113.716 E417.90337
G1 X118.403 Y113.594 E417.91324
G1 X118.311 Y113.434 E417.91969
G1 X118.268 Y113.255 E417.92612
G1 X118.266 Y109.907 E418.04304
G1 X116.73 Y109.91 E418.09668
G1 X116.728 Y113.255 E418.2135
G1 X116.685 Y113.434 E418.21993
G1 X116.593 Y113.594 E418.22637
G1 X116.338 Y113.716 E418.23625
G1 X116.338 Y115 E418.28109
M204 S10000
G0 F15000 X115.918 Y115
M204 S5000
;TYPE:WALL-OUTER
G1 F838.6 X115.918 Y116.59 E418.33662
G1 X116.1 Y116.59 E418.34297
G1 X116.265 Y116.668 E418.34935
G1 X116.31 Y116.8 E418.35422
G1 X116.31 Y120.51 E418.48378
G1 X118.686 Y120.51 E418.56676
G1 X118.686 Y116.8 E418.69632
G1 X118.731 Y116.668 E418.70119
G1 X118.896 Y116.59 E418.70757
G1 X119.078 Y116.59 E418.71392
G1 X119.078 Y113.41 E418.82498
G1 X118.896 Y113.41 E418.83133
G1 X118.731 Y113.332 E418.83771
G1 X118.686 Y113.219 E418.84196
G1 X118.686 Y109.487 E418.97229
G1 X116.31 Y109.49 E419.05527
G1 X116.31 Y113.219 E419.18549
G1 X116.265 Y113.332 E419.18974
G1 X116.1 Y113.41 E419.19612
G1 X115.918 Y113.41 E419.20247
G1 X115.918 Y115 E419.258
M204 S10000
G0 F15000 X115.918 Y115.2
G0 X116.629 Y115.2
G0 X116.917 Y115.877
G0 X117.553 Y119.255
;TYPE:SKIN
G1 F793.2 X117.526 Y119.303 E419.26003
G1 X117.471 Y119.303 E419.26206
G1 X117.443 Y119.255 E419.26412
G1 X117.47 Y119.207 E419.26615
G1 X117.525 Y119.207 E419.26818
G1 X117.553 Y119.255 E419.27023
G0 F15000 X117.066 Y118.758
G1 F838.6 X117.93 Y118.755 E419.3004
G1 X117.93 Y119.754 E419.33529
G1 X117.066 Y119.754 E419.36547
G1 X117.066 Y118.758 E419.40025
G0 F15000 X117.552 Y110.741
G1 F786.1 X117.524 Y110.789 E419.40232
G1 X117.468 Y110.789 E419.40441
G1 X117.44 Y110.741 E419.40648
G1 X117.468 Y110.693 E419.40855
G1 X117.524 Y110.693 E419.41063
G1 X117.552 Y110.741 E419.4127
G0 F15000 X117.063 Y111.245
G1 F838.6 X117.066 Y110.242 E419.44773
G1 X117.93 Y110.242 E419.4779
G1 X117.93 Y111.242 E419.51283
G1 X117.063 Y111.245 E419.54311
G0 F15000 X117.341 Y111.245
;MESH:NONMESH
G0 F600 Z22
G0 F15000 X117.821 Y111.292
;TIME_ELAPSED:576.033050
;LAYER:109
;note -- min layer time used
;TYPE:FILL
;MESH:Stickmaaaaan.obj
G1 F819.7 X117.175 Y111.293 E419.56835
G1 X117.175 Y115.325 E419.72592
G1 X117.333 Y115.167 E419.73466
G1 X117.822 Y115.167 E419.75377
G1 X117.821 Y114.835 E419.76674
G1 X117.334 Y114.835 E419.78577
G1 X117.175 Y114.676 E419.79456
G1 X117.101 Y114.602
G0 F15000 X116.73 Y115
M204 S5000
;TYPE:WALL-INNER
G1 F819.7 X116.73 Y120.402 E419.98322
G1 X118.266 Y120.402 E420.03686
G1 X118.266 Y109.595 E420.41427
G1 X116.73 Y109.598 E420.46792
G1 X116.73 Y115 E420.65657
M204 S10000
G0 F15000 X116.31 Y115
M204 S5000
;TYPE:WALL-OUTER
G1 F819.7 X116.31 Y120.822 E420.85989
G1 X118.686 Y120.822 E420.94287
G1 X118.686 Y109.175 E421.34962
G1 X116.31 Y109.178 E421.4326
G1 X116.31 Y115 E421.63592
M204 S10000
G0 F15000 X116.31 Y115.2
G0 X117.021 Y115.2
G0 X117.553 Y119.567
;TYPE:SKIN
G1 F775.4 X117.526 Y119.615 E421.63795
G1 X117.471 Y119.615 E421.63998
G1 X117.443 Y119.567 E421.64204
G1 X117.47 Y119.519 E421.64407
G1 X117.525 Y119.519 E421.6461
G1 X117.553 Y119.567 E421.64815
G0 F15000 X117.066 Y119.07
G1 F819.7 X117.93 Y119.067 E421.67832
G1 X117.93 Y120.066 E421.71321
G1 X117.066 Y120.066 E421.74339
G1 X117.066 Y119.07 E421.77817
G0 F15000 X117.553 Y110.43
G1 F775.4 X117.526 Y110.478 E421.7802
G1 X117.471 Y110.478 E421.78223
G1 X117.443 Y110.43 E421.78429
G1 X117.47 Y110.382 E421.78632
G1 X117.525 Y110.382 E421.78835
G1 X117.553 Y110.43 E421.7904
G0 F15000 X117.066 Y110.93
G1 F819.7 X117.066 Y109.93 E421.82532
G1 X117.93 Y109.93 E421.8555
G1 X117.93 Y110.93 E421.89042
G1 X117.066 Y110.93 E421.92059
G0 F15000 X117.341 Y110.93
;MESH:NONMESH
G0 F600 Z22.2
G0 F15000 X117.821 Y110.98
;TIME_ELAPSED:581.252815
;LAYER:110
;note -- min layer time used
;TYPE:FILL
;MESH:Stickmaaaaan.obj
G1 F854.6 X117.175 Y110.981 E421.94584
G1 X117.175 Y115.324 E422.11557
G1 X117.334 Y115.166 E422.12433
G1 X117.821 Y115.166 E422.14336
G1 X117.821 Y114.835 E422.1563
G1 X117.333 Y114.834 E422.17537
G1 X117.175 Y114.676 E422.1841
G1 X117.101 Y114.602
G0 F15000 X116.73 Y115
M204 S5000
;TYPE:WALL-INNER
G1 F854.6 X116.73 Y120.714 E422.38365
G1 X118.266 Y120.714 E422.43729
G1 X118.266 Y109.282 E422.83653
G1 X116.73 Y109.282 E422.89018
G1 X116.73 Y115 E423.08987
M204 S10000
G0 F15000 X116.31 Y115
M204 S5000
;TYPE:WALL-OUTER
G1 F854.6 X116.31 Y121.134 E423.30408
G1 X118.686 Y121.134 E423.38706
G1 X118.686 Y108.862 E423.81564
G1 X116.31 Y108.862 E423.89862
G1 X116.31 Y115 E424.11297
M204 S10000
G0 F15000 X116.31 Y115.2
G0 X117.021 Y115.2
G0 X117.553 Y119.879
;TYPE:SKIN
G1 F808.4 X117.526 Y119.927 E424.11501
G1 X117.471 Y119.927 E424.11704
G1 X117.443 Y119.879 E424.11909
G1 X117.47 Y119.831 E424.12112
G1 X117.525 Y119.831 E424.12315
G1 X117.553 Y119.879 E424.1252
G0 F15000 X117.066 Y119.382
G1 F854.6 X117.93 Y119.379 E424.15538
G1 X117.93 Y120.378 E424.19027
G1 X117.066 Y120.378 E424.22044
G1 X117.066 Y119.382 E424.25522
G0 F15000 X117.553 Y110.118
G1 F808.4 X117.526 Y110.166 E424.25726
G1 X117.471 Y110.166 E424.25929
G1 X117.443 Y110.118 E424.26134
G1 X117.47 Y110.07 E424.26337
G1 X117.525 Y110.07 E424.2654
G1 X117.553 Y110.118 E424.26745
G0 F15000 X117.066 Y110.618
G1 F854.6 X117.066 Y109.618 E424.30238
G1 X117.93 Y109.618 E424.33255
G1 X117.93 Y110.618 E424.36747
G1 X117.066 Y110.618 E424.39765
G0 F15000 X117.341 Y110.618
;MESH:NONMESH
G0 F600 Z22.4
G0 F15000 X117.821 Y110.667
;TIME_ELAPSED:586.474741
;LAYER:111
;note -- min layer time used
;TYPE:FILL
;MESH:Stickmaaaaan.obj
G1 F889.5 X117.175 Y110.668 E424.42289
G1 X117.175 Y115.325 E424.60489
G1 X117.333 Y115.167 E424.61363
G1 X117.821 Y115.166 E424.6327
G1 X117.821 Y114.835 E424.64563
G1 X117.334 Y114.835 E424.66466
G1 X117.175 Y114.676 E424.67345
G1 X117.101 Y114.602
G0 F15000 X116.73 Y115
M204 S5000
;TYPE:WALL-INNER
G1 F889.5 X116.73 Y121.026 E424.8839
G1 X118.266 Y121.026 E424.93754
G1 X118.266 Y108.97 E425.35857
G1 X116.73 Y108.97 E425.41222
G1 X116.73 Y115 E425.6228
M204 S10000
G0 F15000 X116.31 Y115
M204 S5000
;TYPE:WALL-OUTER
G1 F889.5 X116.31 Y121.446 E425.84792
G1 X118.686 Y121.446 E425.93089
G1 X118.686 Y108.55 E426.38126
G1 X116.31 Y108.55 E426.46424
G1 X116.31 Y115 E426.6895
M204 S10000
G0 F15000 X116.31 Y115.2
G0 X117.021 Y115.2
G0 X117.553 Y120.191
;TYPE:SKIN
G1 F841.4 X117.526 Y120.239 E426.69153
G1 X117.471 Y120.239 E426.69356
G1 X117.443 Y120.191 E426.69561
G1 X117.47 Y120.143 E426.69764
G1 X117.525 Y120.143 E426.69967
G1 X117.553 Y120.191 E426.70173
G0 F15000 X117.066 Y119.694
G1 F889.5 X117.93 Y119.691 E426.7319
G1 X117.93 Y120.69 E426.76679
G1 X117.066 Y120.69 E426.79696
G1 X117.066 Y119.694 E426.83174
G0 F15000 X117.553 Y109.803
G1 F841.4 X117.526 Y109.851 E426.83378
G1 X117.471 Y109.851 E426.83581
G1 X117.443 Y109.803 E426.83786
G1 X117.47 Y109.755 E426.83989
G1 X117.525 Y109.755 E426.84192
G1 X117.553 Y109.803 E426.84398
G0 F15000 X117.066 Y110.305
G1 F889.5 X117.066 Y109.306 E426.87886
G1 X117.93 Y109.306 E426.90904
G1 X117.93 Y110.302 E426.94382
G1 X117.066 Y110.305 E426.97399
G0 F15000 X117.341 Y110.305
;MESH:NONMESH
G0 F600 Z22.6
G0 F15000 X117.821 Y110.354
;TIME_ELAPSED:591.698856
;LAYER:112
;note -- min layer time used
;TYPE:FILL
;MESH:Stickmaaaaan.obj
G1 F924.4 X117.175 Y110.355 E426.99924
G1 X117.175 Y115.324 E427.19343
G1 X117.334 Y115.166 E427.20219
G1 X117.821 Y115.166 E427.22122
G1 X117.821 Y114.835 E427.23416
G1 X117.333 Y114.834 E427.25323
G1 X117.175 Y114.676 E427.26196
G1 X117.101 Y114.602
G0 F15000 X116.73 Y115
M204 S5000
;TYPE:WALL-INNER
G1 F924.4 X116.73 Y121.338 E427.48331
G1 X118.266 Y121.338 E427.53695
G1 X118.266 Y108.658 E427.97977
G1 X116.73 Y108.658 E428.03342
G1 X116.73 Y115 E428.2549
M204 S10000
G0 F15000 X116.31 Y115
M204 S5000
;TYPE:WALL-OUTER
G1 F924.4 X116.31 Y121.758 E428.49091
G1 X118.686 Y121.758 E428.57389
G1 X118.686 Y108.238 E429.04605
G1 X116.31 Y108.238 E429.12903
G1 X116.31 Y115 E429.36518
M204 S10000
G0 F15000 X116.31 Y115.2
G0 X117.021 Y115.2
G0 X117.553 Y120.503
;TYPE:SKIN
G1 F874.4 X117.526 Y120.551 E429.36721
G1 X117.471 Y120.551 E429.36924
G1 X117.443 Y120.503 E429.37129
G1 X117.47 Y120.455 E429.37332
G1 X117.525 Y120.455 E429.37535
G1 X117.553 Y120.503 E429.37741
G0 F15000 X117.066 Y120.006
G1 F924.4 X117.93 Y120.003 E429.40758
G1 X117.93 Y121.002 E429.44247
G1 X117.066 Y121.002 E429.47264
G1 X117.066 Y120.006 E429.50743
G0 F15000 X117.553 Y109.491
G1 F874.4 X117.526 Y109.539 E429.50946
G1 X117.471 Y109.539 E429.51149
G1 X117.443 Y109.491 E429.51354
G1 X117.47 Y109.443 E429.51557
G1 X117.525 Y109.443 E429.5176
G1 X117.553 Y109.491 E429.51966
G0 F15000 X117.066 Y109.993
G1 F924.4 X117.066 Y108.994 E429.55454
G1 X117.93 Y108.994 E429.58472
G1 X117.93 Y109.99 E429.6195
G1 X117.066 Y109.993 E429.64968
G0 F15000 X117.341 Y109.993
;MESH:NONMESH
G0 F600 Z22.8
G0 F15000 X117.821 Y110.042
;TIME_ELAPSED:596.925152
;LAYER:113
;note -- min layer time used
;TYPE:FILL
;MESH:Stickmaaaaan.obj
G1 F959.4 X117.175 Y110.043 E429.67492
G1 X117.175 Y115.325 E429.88135
G1 X117.333 Y115.167 E429.89008
G1 X117.821 Y115.166 E429.90915
G1 X117.821 Y114.835 E429.92208
G1 X117.334 Y114.835 E429.94112
G1 X117.175 Y114.676 E429.9499
G1 X117.101 Y114.602
G0 F15000 X116.73 Y115
M204 S5000
;TYPE:WALL-INNER
G1 F959.4 X116.73 Y121.653 E430.18225
G1 X118.266 Y121.65 E430.23589
G1 X118.266 Y108.346 E430.70051
G1 X116.73 Y108.346 E430.75415
G1 X116.73 Y115 E430.98653
M204 S10000
G0 F15000 X116.31 Y115
M204 S5000
;TYPE:WALL-OUTER
G1 F959.4 X116.31 Y122.073 E431.23354
G1 X118.686 Y122.07 E431.31652
G1 X118.686 Y107.926 E431.81047
G1 X116.31 Y107.926 E431.89345
G1 X116.31 Y115 E432.14049
M204 S10000
G0 F15000 X116.31 Y115.2
G0 X117.021 Y115.2
G0 X117.553 Y120.815
;TYPE:SKIN
G1 F907.6 X117.526 Y120.863 E432.14253
G1 X117.471 Y120.863 E432.14456
G1 X117.443 Y120.815 E432.14661
G1 X117.47 Y120.767 E432.14864
G1 X117.525 Y120.767 E432.15067
G1 X117.553 Y120.815 E432.15272
G0 F15000 X117.066 Y120.318
G1 F959.4 X117.93 Y120.315 E432.1829
G1 X117.93 Y121.314 E432.21779
G1 X117.066 Y121.314 E432.24796
G1 X117.066 Y120.318 E432.28274
G0 F15000 X117.553 Y109.179
G1 F907.6 X117.526 Y109.227 E432.28478
G1 X117.471 Y109.227 E432.28681
G1 X117.443 Y109.179 E432.28886
G1 X117.47 Y109.131 E432.29089
G1 X117.525 Y109.131 E432.29292
G1 X117.553 Y109.179 E432.29497
G0 F15000 X117.066 Y109.681
G1 F959.4 X117.066 Y108.682 E432.32986
G1 X117.93 Y108.682 E432.36004
G1 X117.93 Y109.678 E432.39482
G1 X117.066 Y109.681 E432.42499
G0 F15000 X117.341 Y109.681
;MESH:NONMESH
G0 F600 Z23
G0 F15000 X117.821 Y109.729
;TIME_ELAPSED:602.153650
;LAYER:114
;note -- min layer time used
;TYPE:FILL
;MESH:Stickmaaaaan.obj
G1 F994.4 X117.175 Y109.73 E432.45024
G1 X117.175 Y115.324 E432.66886
G1 X117.334 Y115.166 E432.67762
G1 X117.821 Y115.166 E432.69665
G1 X117.821 Y114.835 E432.70958
G1 X117.333 Y114.834 E432.72866
G1 X117.175 Y114.676 E432.73739
G1 X117.101 Y114.602
G0 F15000 X116.73 Y115
M204 S5000
;TYPE:WALL-INNER
G1 F994.4 X116.73 Y121.965 E432.98063
G1 X118.266 Y121.962 E433.03427
G1 X118.266 Y108.034 E433.52068
G1 X116.73 Y108.034 E433.57432
G1 X116.73 Y115 E433.8176
M204 S10000
G0 F15000 X116.31 Y115
M204 S5000
;TYPE:WALL-OUTER
G1 F994.4 X116.31 Y122.385 E434.0755
G1 X118.686 Y122.382 E434.15848
G1 X118.686 Y107.614 E434.67423
G1 X116.31 Y107.614 E434.7572
G1 X116.31 Y115 E435.01515
M204 S10000
G0 F15000 X116.31 Y115.2
G0 X117.021 Y115.2
G0 X117.553 Y121.128
;TYPE:SKIN
G1 F940.7 X117.526 Y121.176 E435.01718
G1 X117.471 Y121.176 E435.01921
G1 X117.443 Y121.128 E435.02126
G1 X117.47 Y121.08 E435.02329
G1 X117.525 Y121.08 E435.02532
G1 X117.553 Y121.128 E435.02738
G0 F15000 X117.066 Y120.63
G1 F994.4 X117.93 Y120.63 E435.05755
G1 X117.93 Y121.626 E435.09233
G1 X117.066 Y121.626 E435.12251
G1 X117.066 Y120.63 E435.15729
G0 F15000 X117.553 Y108.867
G1 F940.7 X117.526 Y108.915 E435.15932
G1 X117.471 Y108.915 E435.16135
G1 X117.443 Y108.867 E435.16341
G1 X117.47 Y108.819 E435.16544
G1 X117.525 Y108.819 E435.16747
G1 X117.553 Y108.867 E435.16952
G0 F15000 X117.066 Y109.369
G1 F994.4 X117.066 Y108.37 E435.20441
G1 X117.93 Y108.37 E435.23458
G1 X117.93 Y109.366 E435.26937
G1 X117.066 Y109.369 E435.29954
G0 F15000 X117.341 Y109.369
;MESH:NONMESH
G0 F600 Z23.2
G0 F15000 X117.821 Y109.417
;TIME_ELAPSED:607.384347
;LAYER:115
;note -- min layer time used
;TYPE:FILL
;MESH:Stickmaaaaan.obj
G1 F1029.9 X117.175 Y109.418 E435.32479
G1 X117.175 Y115.325 E435.55564
G1 X117.333 Y115.167 E435.56437
G1 X117.822 Y115.167 E435.58348
G1 X117.821 Y114.835 E435.59645
G1 X117.334 Y114.835 E435.61549
G1 X117.175 Y114.676 E435.62427
G1 X117.101 Y114.602
G0 F15000 X116.73 Y115
M204 S5000
;TYPE:WALL-INNER
G1 F1029.9 X116.73 Y122.278 E435.87844
G1 X118.266 Y122.278 E435.93209
G1 X118.266 Y107.719 E436.44053
G1 X116.73 Y107.722 E436.49417
G1 X116.73 Y115 E436.74834
M204 S10000
G0 F15000 X116.31 Y115
M204 S5000
;TYPE:WALL-OUTER
G1 F1029.9 X116.31 Y122.698 E437.01718
G1 X118.686 Y122.698 E437.10016
G1 X118.686 Y107.299 E437.63794
G1 X116.31 Y107.302 E437.72092
G1 X116.31 Y115 E437.98976
M204 S10000
G0 F15000 X116.31 Y115.2
G0 X117.021 Y115.2
G0 X117.553 Y121.443
;TYPE:SKIN
G1 F974.2 X117.526 Y121.491 E437.99179
G1 X117.471 Y121.491 E437.99382
G1 X117.443 Y121.443 E437.99587
G1 X117.47 Y121.395 E437.99791
G1 X117.525 Y121.395 E437.99994
G1 X117.553 Y121.443 E438.00199
G0 F15000 X117.066 Y120.946
G1 F1029.9 X117.93 Y120.943 E438.03216
G1 X117.93 Y121.942 E438.06705
G1 X117.066 Y121.942 E438.09722
G1 X117.066 Y120.946 E438.13201
G0 F15000 X117.553 Y108.553
G1 F974.2 X117.526 Y108.601 E438.13404
G1 X117.471 Y108.601 E438.13607
G1 X117.443 Y108.553 E438.13812
G1 X117.47 Y108.505 E438.14016
G1 X117.525 Y108.505 E438.14219
G1 X117.553 Y108.553 E438.14424
G0 F15000 X117.066 Y109.057
G1 F1029.9 X117.066 Y108.054 E438.17927
G1 X117.93 Y108.054 E438.20944
G1 X117.93 Y109.054 E438.24436
G1 X117.066 Y109.057 E438.27454
G0 F15000 X117.341 Y109.057
;MESH:NONMESH
G0 F600 Z23.4
G0 F15000 X117.821 Y113.991
;TIME_ELAPSED:612.647906
;LAYER:116
;note -- min layer time used
;TYPE:FILL
;MESH:Stickmaaaaan.obj
G1 F1160.2 X117.175 Y113.991 E438.29978
G1 X117.175 Y115.325 E438.35192
G1 X117.333 Y115.167 E438.36065
G1 X117.821 Y115.166 E438.37972
G1 X117.821 Y114.835 E438.39266
G1 X117.334 Y114.835 E438.41169
G1 X117.175 Y114.676 E438.42048
G1 X117.101 Y114.602
G0 F15000 X116.73 Y115
M204 S5000
;TYPE:WALL-INNER
G1 F1160.2 X116.73 Y122.59 E438.68554
G1 X118.266 Y122.59 E438.73918
G1 X118.266 Y107.407 E439.26942
G1 X116.73 Y107.41 E439.32306
G1 X116.73 Y115 E439.58813
M204 S10000
G0 F15000 X116.31 Y115
M204 S5000
;TYPE:WALL-OUTER
G1 F1160.2 X116.31 Y123.01 E439.86787
G1 X118.686 Y123.01 E439.95084
G1 X118.686 Y106.987 E440.51042
G1 X116.31 Y106.99 E440.59339
G1 X116.31 Y115 E440.87313
M204 S10000
G0 F15000 X116.31 Y115.2
G0 X117.021 Y115.2
G0 X117.498 Y117.618
;TYPE:SKIN
G1 F1097.5 X117.498 Y116.802 E440.90325
G0 F15000 X117.066 Y116.37
G1 F1160.2 X117.93 Y116.37 E440.93343
G1 X117.93 Y118.05 E440.9921
G1 X117.066 Y118.05 E441.02227
G1 X117.066 Y116.37 E441.08094
G0 F15000 X117.498 Y112.378
G1 F1097.5 X117.498 Y113.198 E441.11122
G0 F15000 X117.066 Y113.63
G1 F1160.2 X117.066 Y111.946 E441.17003
G1 X117.93 Y111.946 E441.2002
G1 X117.93 Y113.63 E441.25901
G1 X117.066 Y113.63 E441.28918
G0 F15000 X117.553 Y108.242
G1 F1097.5 X117.526 Y108.29 E441.29122
G1 X117.471 Y108.29 E441.29325
G1 X117.443 Y108.242 E441.2953
G1 X117.47 Y108.194 E441.29733
G1 X117.525 Y108.194 E441.29936
G1 X117.553 Y108.242 E441.30141
G0 F15000 X117.066 Y108.742
G1 F1160.2 X117.066 Y107.742 E441.33634
G1 X117.93 Y107.742 E441.36651
G1 X117.93 Y108.742 E441.40143
G1 X117.066 Y108.742 E441.43161
G0 F15000 X117.553 Y121.755
G1 F1097.5 X117.526 Y121.803 E441.43364
G1 X117.471 Y121.803 E441.43567
G1 X117.443 Y121.755 E441.43772
G1 X117.47 Y121.707 E441.43976
G1 X117.525 Y121.707 E441.44179
G1 X117.553 Y121.755 E441.44384
G0 F15000 X117.066 Y121.258
G1 F1160.2 X117.93 Y121.255 E441.47401
G1 X117.93 Y122.254 E441.5089
G1 X117.066 Y122.254 E441.53907
G1 X117.066 Y121.258 E441.57386
G0 F15000 X117.341 Y121.258
;MESH:NONMESH
G0 F600 Z23.6
G0 F15000 X117.821 Y113.999
;TIME_ELAPSED:617.995174
;LAYER:117
;note -- min layer time used
;TYPE:FILL
;MESH:Stickmaaaaan.obj
G1 F1217.3 X117.175 Y113.999 E441.5991
G1 X117.175 Y115.324 E441.65089
G1 X117.334 Y115.166 E441.65965
G1 X117.821 Y115.166 E441.67868
G1 X117.821 Y114.835 E441.69161
G1 X117.333 Y114.834 E441.71069
G1 X117.175 Y114.676 E441.71942
G1 X117.101 Y114.602
G0 F15000 X116.73 Y115
M204 S5000
;TYPE:WALL-INNER
G1 F1217.3 X116.73 Y122.902 E441.99538
G1 X118.266 Y122.902 E442.04902
G1 X118.266 Y107.095 E442.60105
G1 X116.73 Y107.098 E442.65469
G1 X116.73 Y115 E442.93066
M204 S10000
G0 F15000 X116.31 Y115
M204 S5000
;TYPE:WALL-OUTER
G1 F1217.3 X116.31 Y123.322 E443.22129
G1 X118.686 Y123.322 E443.30427
G1 X118.686 Y106.675 E443.88563
G1 X116.31 Y106.678 E443.96861
G1 X116.31 Y115 E444.25924
M204 S10000
G0 F15000 X116.31 Y115.2
G0 X117.021 Y115.2
G0 X117.498 Y117.918
;TYPE:SKIN
G1 F1151.5 X117.498 Y116.794 E444.30074
G0 F15000 X117.066 Y116.362
G1 F1217.3 X117.93 Y116.362 E444.33091
G1 X117.93 Y118.35 E444.40034
G1 X117.066 Y118.35 E444.43051
G1 X117.066 Y116.362 E444.49994
G0 F15000 X117.498 Y112.082
G1 F1151.5 X117.498 Y113.206 E444.54143
G0 F15000 X117.066 Y113.638
G1 F1217.3 X117.066 Y111.65 E444.61086
G1 X117.93 Y111.65 E444.64103
G1 X117.93 Y113.638 E444.71046
G1 X117.066 Y113.638 E444.74063
G0 F15000 X117.553 Y107.927
G1 F1151.5 X117.526 Y107.975 E444.74267
G1 X117.471 Y107.975 E444.7447
G1 X117.443 Y107.927 E444.74675
G1 X117.47 Y107.879 E444.74878
G1 X117.525 Y107.879 E444.75081
G1 X117.553 Y107.927 E444.75287
G0 F15000 X117.066 Y108.429
G1 F1217.3 X117.066 Y107.43 E444.78775
G1 X117.93 Y107.43 E444.81793
G1 X117.93 Y108.426 E444.85271
G1 X117.066 Y108.429 E444.88288
G0 F15000 X117.553 Y122.067
G1 F1151.5 X117.526 Y122.115 E444.88492
G1 X117.471 Y122.115 E444.88695
G1 X117.443 Y122.067 E444.889
G1 X117.47 Y122.019 E444.89103
G1 X117.525 Y122.019 E444.89306
G1 X117.553 Y122.067 E444.89512
G0 F15000 X117.066 Y121.57
G1 F1217.3 X117.93 Y121.567 E444.92529
G1 X117.93 Y122.566 E444.96018
G1 X117.066 Y122.566 E444.99035
G1 X117.066 Y121.57 E445.02513
G0 F15000 X117.341 Y121.57
;MESH:NONMESH
G0 F600 Z23.8
G0 F15000 X117.821 Y114.007
;TIME_ELAPSED:623.341497
;LAYER:118
;note -- min layer time used
;TYPE:FILL
;MESH:Stickmaaaaan.obj
G1 F1272.8 X117.175 Y114.007 E445.05038
G1 X117.175 Y115.324 E445.10185
G1 X117.334 Y115.166 E445.11061
G1 X117.821 Y115.166 E445.12964
G1 X117.821 Y114.835 E445.14258
G1 X117.333 Y114.834 E445.16165
G1 X117.175 Y114.676 E445.17038
G1 X117.101 Y114.602
G0 F15000 X116.73 Y115
M204 S5000
;TYPE:WALL-INNER
G1 F1272.8 X116.73 Y123.214 E445.45724
G1 X118.266 Y123.214 E445.51088
G1 X118.266 Y106.782 E446.08474
G1 X116.73 Y106.782 E446.13838
G1 X116.73 Y115 E446.42538
M204 S10000
G0 F15000 X116.31 Y115
M204 S5000
;TYPE:WALL-OUTER
G1 F1272.8 X116.31 Y123.634 E446.72691
G1 X118.686 Y123.634 E446.80988
G1 X118.686 Y106.362 E447.41308
G1 X116.31 Y106.362 E447.49605
G1 X116.31 Y115 E447.79772
M204 S10000
G0 F15000 X116.31 Y115.2
G0 X117.021 Y115.2
G0 X117.498 Y118.214
;TYPE:SKIN
G1 F1204 X117.498 Y116.786 E447.85044
G0 F15000 X117.066 Y116.354
G1 F1272.8 X117.93 Y116.354 E447.88061
G1 X117.93 Y118.646 E447.96066
G1 X117.066 Y118.646 E447.99083
G1 X117.066 Y116.354 E448.07087
G0 F15000 X117.498 Y111.784
G1 F1204 X117.498 Y113.214 E448.12367
G0 F15000 X117.066 Y113.646
G1 F1272.8 X117.066 Y111.351 E448.20382
G1 X117.93 Y111.354 E448.23399
G1 X117.93 Y113.646 E448.31403
G1 X117.066 Y113.646 E448.34421
G0 F15000 X117.553 Y107.615
G1 F1204 X117.526 Y107.663 E448.34624
G1 X117.471 Y107.663 E448.34827
G1 X117.443 Y107.615 E448.35032
G1 X117.47 Y107.567 E448.35236
G1 X117.525 Y107.567 E448.35439
G1 X117.553 Y107.615 E448.35644
G0 F15000 X117.066 Y108.117
G1 F1272.8 X117.066 Y107.118 E448.39133
G1 X117.93 Y107.118 E448.4215
G1 X117.93 Y108.114 E448.45628
G1 X117.066 Y108.117 E448.48646
G0 F15000 X117.553 Y122.379
G1 F1204 X117.526 Y122.427 E448.48849
G1 X117.471 Y122.427 E448.49052
G1 X117.443 Y122.379 E448.49257
G1 X117.47 Y122.331 E448.49461
G1 X117.525 Y122.331 E448.49664
G1 X117.553 Y122.379 E448.49869
G0 F15000 X117.066 Y121.882
G1 F1272.8 X117.93 Y121.879 E448.52886
G1 X117.93 Y122.878 E448.56375
G1 X117.066 Y122.878 E448.59392
G1 X117.066 Y121.882 E448.62871
G0 F15000 X117.341 Y121.882
;MESH:NONMESH
G0 F600 Z24
G0 F15000 X117.175 Y114.676
;TIME_ELAPSED:628.691842
;LAYER:119
;note -- min layer time used
;TYPE:FILL
;MESH:Stickmaaaaan.obj
G1 F1347.4 X117.334 Y114.835 E448.63749
G1 X117.821 Y114.835 E448.65653
G1 X117.821 Y115.166 E448.66946
G1 X117.333 Y115.167 E448.68853
G1 X117.175 Y115.325 E448.69727
G1 X117.175 Y114.015 E448.74846
G1 X117.821 Y114.015 E448.77371
G1 X117.926 Y114.015
G0 F15000 X117.021 Y115
G0 X116.73 Y115
M204 S5000
;TYPE:WALL-INNER
G1 F1347.4 X116.73 Y123.526 E449.07146
G1 X118.266 Y123.526 E449.1251
G1 X118.266 Y106.47 E449.72075
G1 X116.73 Y106.47 E449.7744
G1 X116.73 Y115 E450.07229
M204 S10000
G0 F15000 X116.31 Y115
M204 S5000
;TYPE:WALL-OUTER
G1 F1347.4 X116.31 Y123.946 E450.38471
G1 X118.686 Y123.946 E450.46769
G1 X118.686 Y106.05 E451.09267
G1 X116.31 Y106.05 E451.17565
G1 X116.31 Y115 E451.48821
M204 S10000
G0 F15000 X116.31 Y115.2
G0 X117.021 Y115.2
G0 X117.066 Y116.346
;TYPE:SKIN
G1 F1347.4 X117.93 Y116.346 E451.51839
G1 X117.93 Y118.942 E451.60905
G1 X117.066 Y118.942 E451.63922
G1 X117.066 Y116.346 E451.72988
G0 F15000 X117.276 Y116.748
G1 F1347.4 X117.468 Y116.556 E451.73937
G0 F15000 X117.72 Y116.898
G1 F1347.4 X117.276 Y117.342 E451.76129
G0 F15000 X117.72 Y117.492
G1 F1347.4 X117.276 Y117.936 E451.78322
G0 F15000 X117.72 Y118.086
G1 F1347.4 X117.276 Y118.53 E451.80515
G1 F2700 E451.30515
G0 F15000 X117.066 Y117.359
G0 X117.066 Y113.654
G1 F2700 E451.80515
G1 F1347.4 X117.066 Y111.054 E451.89595
G1 X117.93 Y111.054 E451.92612
G1 X117.93 Y113.654 E452.01692
G1 X117.066 Y113.654 E452.0471
G0 F15000 X117.61 Y113.444
G1 F1347.4 X117.72 Y113.334 E452.05253
G0 F15000 X117.276 Y113.184
G1 F1347.4 X117.72 Y112.74 E452.07446
G0 F15000 X117.276 Y112.59
G1 F1347.4 X117.72 Y112.146 E452.09639
G0 F15000 X117.276 Y111.996
G1 F1347.4 X117.72 Y111.552 E452.11832
G0 F15000 X117.414 Y111.264
G1 F1347.4 X117.276 Y111.402 E452.12513
G0 F15000 X117.553 Y107.303
G1 F1274.6 X117.526 Y107.351 E452.12717
G1 X117.471 Y107.351 E452.1292
G1 X117.443 Y107.303 E452.13125
G1 X117.47 Y107.255 E452.13328
G1 X117.525 Y107.255 E452.13531
G1 X117.553 Y107.303 E452.13736
G0 F15000 X117.066 Y107.805
G1 F1347.4 X117.066 Y106.806 E452.17225
G1 X117.93 Y106.806 E452.20243
G1 X117.93 Y107.802 E452.23721
G1 X117.066 Y107.805 E452.26738
G1 F2700 E451.76738
G0 F15000 X116.549 Y112.633
G0 X115.436 Y112.661
G0 X115.436 Y117.339
G0 X116.549 Y117.367
G0 X117.553 Y122.691
G1 F2700 E452.26738
G1 F1274.6 X117.526 Y122.739 E452.26942
G1 X117.471 Y122.739 E452.27145
G1 X117.443 Y122.691 E452.2735
G1 X117.47 Y122.643 E452.27553
G1 X117.525 Y122.643 E452.27756
G1 X117.553 Y122.691 E452.27961
G0 F15000 X117.066 Y122.194
G1 F1347.4 X117.93 Y122.191 E452.30979
G1 X117.93 Y123.19 E452.34467
G1 X117.066 Y123.19 E452.37485
G1 X117.066 Y122.194 E452.40963
G0 F15000 X117.341 Y122.194
G1 F2700 E451.90963
;MESH:NONMESH
G0 F600 Z24.2
G0 F15000 X117.021 Y117.359
G0 X115.436 Y117.359
G0 X115.436 Y112.642
G0 X117.027 Y112.642
G0 X117.021 Y112.03
G0 X116.73 Y112.03
;TIME_ELAPSED:634.396338
;LAYER:120
;note -- min layer time used
M204 S5000
;TYPE:WALL-INNER
;MESH:Stickmaaaaan.obj
G1 F2700 E452.40963
G1 F1331.2 X118.266 Y112.03 E452.46327
G1 X118.266 Y106.158 E452.66834
G1 X116.73 Y106.158 E452.72198
G1 X116.73 Y112.03 E452.92705
M204 S10000
G0 F15000 X116.31 Y112.45
M204 S5000
;TYPE:WALL-OUTER
G1 F1331.2 X118.686 Y112.45 E453.01003
G1 X118.686 Y105.738 E453.24443
G1 X116.31 Y105.738 E453.32741
G1 X116.31 Y112.45 E453.56182
M204 S10000
G0 F15000 X116.51 Y112.45
G0 X116.991 Y111.771
G0 X117.553 Y111.226
;TYPE:SKIN
G1 F1259.2 X117.526 Y111.274 E453.56385
G1 X117.471 Y111.274 E453.56588
G1 X117.443 Y111.226 E453.56793
G1 X117.47 Y111.178 E453.56996
G1 X117.525 Y111.178 E453.572
G1 X117.553 Y111.226 E453.57405
G0 F15000 X117.066 Y111.694
G1 F1331.2 X117.066 Y110.758 E453.60674
G1 X117.93 Y110.758 E453.63691
G1 X117.93 Y111.694 E453.6696
G1 X117.066 Y111.694 E453.69977
G0 F15000 X117.553 Y106.991
G1 F1259.2 X117.526 Y107.039 E453.7018
G1 X117.471 Y107.039 E453.70383
G1 X117.443 Y106.991 E453.70589
G1 X117.47 Y106.943 E453.70792
G1 X117.525 Y106.943 E453.70995
G1 X117.553 Y106.991 E453.712
G0 F15000 X117.066 Y107.493
G1 F1331.2 X117.066 Y106.494 E453.74689
G1 X117.93 Y106.494 E453.77706
G1 X117.93 Y107.49 E453.81185
G1 X117.066 Y107.493 E453.84202
G0 F15000 X117.341 Y107.493
G1 F2700 E453.34202
G0 F15000 X117.823 Y112.222
G0 X117.823 Y113.356
G0 X117.821 Y113.991
;TYPE:FILL
G1 F2700 E453.84202
G1 F1331.2 X117.175 Y113.991 E453.86727
G1 X117.175 Y115.325 E453.9194
G1 X117.333 Y115.167 E453.92813
G1 X117.821 Y115.166 E453.9472
G1 X117.821 Y114.835 E453.96014
G1 X117.334 Y114.835 E453.97917
G1 X117.175 Y114.676 E453.98796
G1 X117.101 Y114.602
G0 F15000 X116.73 Y115
M204 S5000
;TYPE:WALL-INNER
G1 F1331.2 X116.73 Y116.454 E454.03874
G1 X118.266 Y116.454 E454.09238
G1 X118.266 Y113.546 E454.19394
G1 X116.73 Y113.546 E454.24758
G1 X116.73 Y115 E454.29836
M204 S10000
G0 F15000 X116.31 Y115
M204 S5000
;TYPE:WALL-OUTER
G1 F1331.2 X116.31 Y116.874 E454.3638
G1 X118.686 Y116.874 E454.44678
G1 X118.686 Y113.126 E454.57767
G1 X116.31 Y113.126 E454.66065
G1 X116.31 Y115 E454.72609
M204 S10000
G0 F15000 X116.31 Y115.2
G0 X117.341 Y115.2
G1 F2700 E454.22609
G0 F15000 X117.021 Y116.644
G0 X117.021 Y117.779
G0 X116.73 Y117.966
M204 S5000
;TYPE:WALL-INNER
G1 F2700 E454.72609
G1 F1331.2 X116.73 Y123.838 E454.93116
G1 X118.266 Y123.838 E454.98481
G1 X118.266 Y117.966 E455.18987
G1 X116.73 Y117.966 E455.24352
M204 S10000
G0 F15000 X116.31 Y117.546
M204 S5000
;TYPE:WALL-OUTER
G1 F1331.2 X116.31 Y124.258 E455.47792
G1 X118.686 Y124.258 E455.5609
G1 X118.686 Y117.546 E455.7953
G1 X116.31 Y117.546 E455.87828
M204 S10000
G0 F15000 X116.31 Y117.746
G0 X116.991 Y118.229
G0 X117.553 Y118.772
;TYPE:SKIN
G1 F1259.2 X117.526 Y118.82 E455.88031
G1 X117.471 Y118.82 E455.88234
G1 X117.443 Y118.772 E455.88439
G1 X117.47 Y118.724 E455.88643
G1 X117.525 Y118.724 E455.88846
G1 X117.553 Y118.772 E455.89051
G0 F15000 X117.066 Y118.302
G1 F1331.2 X117.93 Y118.302 E455.92068
G1 X117.93 Y119.242 E455.95351
G1 X117.066 Y119.242 E455.98368
G1 X117.066 Y118.302 E456.01651
G0 F15000 X117.553 Y123.003
G1 F1259.2 X117.526 Y123.051 E456.01855
G1 X117.471 Y123.051 E456.02058
G1 X117.443 Y123.003 E456.02263
G1 X117.47 Y122.955 E456.02466
G1 X117.525 Y122.955 E456.02669
G1 X117.553 Y123.003 E456.02874
G0 F15000 X117.066 Y122.506
G1 F1331.2 X117.93 Y122.503 E456.05892
G1 X117.93 Y123.502 E456.0938
G1 X117.066 Y123.502 E456.12398
G1 X117.066 Y122.506 E456.15876
G0 F15000 X117.341 Y122.506
G1 F2700 E455.65876
;MESH:NONMESH
G0 F600 Z24.4
G0 F15000 X117.021 Y117.779
G0 X115.436 Y117.779
G0 X115.436 Y112.222
G0 X117.025 Y112.222
G0 X116.73 Y111.734
;TIME_ELAPSED:640.087985
;LAYER:121
;note -- min layer time used
M204 S5000
;TYPE:WALL-INNER
;MESH:Stickmaaaaan.obj
G1 F2700 E456.15876
G1 F1333 X118.266 Y111.734 E456.2124
G1 X118.266 Y105.846 E456.41803
G1 X116.73 Y105.846 E456.47167
G1 X116.73 Y111.734 E456.6773
M204 S10000
G0 F15000 X116.31 Y112.154
M204 S5000
;TYPE:WALL-OUTER
G1 F1333 X118.686 Y112.154 E456.76028
G1 X118.686 Y105.426 E456.99524
G1 X116.31 Y105.426 E457.07822
G1 X116.31 Y112.154 E457.31318
M204 S10000
G0 F15000 X116.51 Y112.154
G0 X116.991 Y111.474
G0 X117.553 Y110.928
;TYPE:SKIN
G1 F1261 X117.526 Y110.976 E457.31521
G1 X117.471 Y110.976 E457.31725
G1 X117.443 Y110.928 E457.3193
G1 X117.47 Y110.88 E457.32133
G1 X117.525 Y110.88 E457.32336
G1 X117.553 Y110.928 E457.32541
G0 F15000 X117.066 Y111.398
G1 F1333 X117.066 Y110.458 E457.35824
G1 X117.93 Y110.458 E457.38841
G1 X117.93 Y111.398 E457.42124
G1 X117.066 Y111.398 E457.45141
G0 F15000 X117.553 Y106.679
G1 F1261 X117.526 Y106.727 E457.45345
G1 X117.471 Y106.727 E457.45548
G1 X117.443 Y106.679 E457.45753
G1 X117.47 Y106.631 E457.45956
G1 X117.525 Y106.631 E457.46159
G1 X117.553 Y106.679 E457.46365
G0 F15000 X117.066 Y107.181
G1 F1333 X117.066 Y106.182 E457.49853
G1 X117.93 Y106.182 E457.52871
G1 X117.93 Y107.178 E457.56349
G1 X117.066 Y107.181 E457.59366
G0 F15000 X117.341 Y107.181
G1 F2700 E457.09366
G0 F15000 X117.824 Y111.925
G0 X117.824 Y113.364
G0 X117.821 Y113.999
;TYPE:FILL
G1 F2700 E457.59366
G1 F1333 X117.175 Y113.999 E457.61891
G1 X117.175 Y115.324 E457.67069
G1 X117.334 Y115.166 E457.67945
G1 X117.821 Y115.166 E457.69848
G1 X117.821 Y114.835 E457.71142
G1 X117.333 Y114.834 E457.73049
G1 X117.175 Y114.676 E457.73922
G1 X117.101 Y114.602
G0 F15000 X116.73 Y115
M204 S5000
;TYPE:WALL-INNER
G1 F1333 X116.73 Y116.446 E457.78972
G1 X118.266 Y116.446 E457.84336
G1 X118.266 Y113.554 E457.94436
G1 X116.73 Y113.554 E457.998
G1 X116.73 Y115 E458.0485
M204 S10000
G0 F15000 X116.31 Y115
M204 S5000
;TYPE:WALL-OUTER
G1 F1333 X116.31 Y116.866 E458.11367
G1 X118.686 Y116.866 E458.19665
G1 X118.686 Y113.134 E458.32698
G1 X116.31 Y113.134 E458.40996
G1 X116.31 Y115 E458.47512
M204 S10000
G0 F15000 X116.31 Y115.2
G0 X117.341 Y115.2
G1 F2700 E457.97512
G0 F15000 X117.021 Y116.636
G0 X117.021 Y118.076
G0 X116.73 Y118.266
M204 S5000
;TYPE:WALL-INNER
G1 F2700 E458.47512
G1 F1333 X116.73 Y124.15 E458.68061
G1 X118.266 Y124.15 E458.73425
G1 X118.266 Y118.266 E458.93974
G1 X116.73 Y118.266 E458.99338
M204 S10000
G0 F15000 X116.31 Y117.846
M204 S5000
;TYPE:WALL-OUTER
G1 F1333 X116.31 Y124.57 E459.22821
G1 X118.686 Y124.57 E459.31118
G1 X118.686 Y117.846 E459.54601
G1 X116.31 Y117.846 E459.62899
M204 S10000
G0 F15000 X116.31 Y118.046
G0 X116.991 Y118.526
G0 X117.553 Y119.07
;TYPE:SKIN
G1 F1261 X117.526 Y119.118 E459.63102
G1 X117.471 Y119.118 E459.63305
G1 X117.443 Y119.07 E459.6351
G1 X117.47 Y119.022 E459.63713
G1 X117.525 Y119.022 E459.63916
G1 X117.553 Y119.07 E459.64122
G0 F15000 X117.066 Y118.602
G1 F1333 X117.93 Y118.602 E459.67139
G1 X117.93 Y119.538 E459.70408
G1 X117.066 Y119.538 E459.73425
G1 X117.066 Y118.602 E459.76694
G0 F15000 X117.553 Y123.315
G1 F1261 X117.526 Y123.363 E459.76897
G1 X117.471 Y123.363 E459.771
G1 X117.443 Y123.315 E459.77305
G1 X117.47 Y123.267 E459.77509
G1 X117.525 Y123.267 E459.77712
G1 X117.553 Y123.315 E459.77917
G0 F15000 X117.066 Y122.818
G1 F1333 X117.93 Y122.815 E459.80934
G1 X117.93 Y123.814 E459.84423
G1 X117.066 Y123.814 E459.87441
G1 X117.066 Y122.818 E459.90919
G0 F15000 X117.341 Y122.818
G1 F2700 E459.40919
;MESH:NONMESH
G0 F600 Z24.6
G0 F15000 X117.021 Y118.076
G0 X115.436 Y118.076
G0 X115.436 Y111.925
G0 X117.026 Y111.925
G0 X116.73 Y111.434
;TIME_ELAPSED:645.782408
;LAYER:122
;note -- min layer time used
M204 S5000
;TYPE:WALL-INNER
;MESH:Stickmaaaaan.obj
G1 F2700 E459.90919
G1 F1334.9 X118.266 Y111.437 E459.96283
G1 X118.266 Y105.534 E460.16898
G1 X116.73 Y105.534 E460.22262
G1 X116.73 Y111.434 E460.42867
M204 S10000
G0 F15000 X116.31 Y111.854
M204 S5000
;TYPE:WALL-OUTER
G1 F1334.9 X118.686 Y111.857 E460.51165
G1 X118.686 Y105.114 E460.74713
G1 X116.31 Y105.114 E460.83011
G1 X116.31 Y111.854 E461.06549
M204 S10000
G0 F15000 X116.51 Y111.854
G0 X116.991 Y111.177
G0 X117.553 Y110.63
;TYPE:SKIN
G1 F1262.8 X117.526 Y110.678 E461.06753
G1 X117.471 Y110.678 E461.06956
G1 X117.443 Y110.63 E461.07161
G1 X117.47 Y110.582 E461.07364
G1 X117.525 Y110.582 E461.07567
G1 X117.553 Y110.63 E461.07772
G0 F15000 X117.066 Y111.098
G1 F1334.9 X117.066 Y110.162 E461.11041
G1 X117.93 Y110.162 E461.14059
G1 X117.93 Y111.098 E461.17327
G1 X117.066 Y111.098 E461.20345
G0 F15000 X117.553 Y106.367
G1 F1262.8 X117.526 Y106.415 E461.20548
G1 X117.471 Y106.415 E461.20751
G1 X117.443 Y106.367 E461.20956
G1 X117.47 Y106.319 E461.2116
G1 X117.525 Y106.319 E461.21363
G1 X117.553 Y106.367 E461.21568
G0 F15000 X117.066 Y106.869
G1 F1334.9 X117.066 Y105.87 E461.25057
G1 X117.93 Y105.87 E461.28074
G1 X117.93 Y106.866 E461.31552
G1 X117.066 Y106.869 E461.3457
G0 F15000 X117.341 Y106.869
G1 F2700 E460.8457
G0 F15000 X117.824 Y111.628
G0 X117.824 Y113.372
G0 X117.821 Y114.007
;TYPE:FILL
G1 F2700 E461.3457
G1 F1334.9 X117.175 Y114.007 E461.37094
G1 X117.175 Y115.324 E461.42241
G1 X117.334 Y115.166 E461.43117
G1 X117.821 Y115.166 E461.45021
G1 X117.821 Y114.835 E461.46314
G1 X117.333 Y114.834 E461.48221
G1 X117.175 Y114.676 E461.49094
G1 X117.101 Y114.602
G0 F15000 X116.73 Y115
M204 S5000
;TYPE:WALL-INNER
G1 F1334.9 X116.73 Y116.438 E461.54116
G1 X118.266 Y116.438 E461.59481
G1 X118.266 Y113.562 E461.69525
G1 X116.73 Y113.562 E461.74889
G1 X116.73 Y115 E461.79911
M204 S10000
G0 F15000 X116.31 Y115
M204 S5000
;TYPE:WALL-OUTER
G1 F1334.9 X116.31 Y116.858 E461.86399
G1 X118.686 Y116.858 E461.94697
G1 X118.686 Y113.142 E462.07675
G1 X116.31 Y113.142 E462.15972
G1 X116.31 Y115 E462.22461
M204 S10000
G0 F15000 X116.31 Y115.2
G0 X117.341 Y115.2
G1 F2700 E461.72461
G0 F15000 X117.021 Y116.628
G0 X117.021 Y118.373
G0 X116.73 Y118.562
M204 S5000
;TYPE:WALL-INNER
G1 F2700 E462.22461
G1 F1334.9 X116.73 Y124.465 E462.43076
G1 X118.266 Y124.462 E462.4844
G1 X118.266 Y118.562 E462.69045
G1 X116.73 Y118.562 E462.74409
M204 S10000
G0 F15000 X116.31 Y118.142
M204 S5000
;TYPE:WALL-OUTER
G1 F1334.9 X116.31 Y124.885 E462.97958
G1 X118.686 Y124.882 E463.06256
G1 X118.686 Y118.142 E463.29794
G1 X116.31 Y118.142 E463.38092
M204 S10000
G0 F15000 X116.31 Y118.342
G0 X116.991 Y118.823
G0 X117.553 Y119.366
;TYPE:SKIN
G1 F1262.8 X117.526 Y119.414 E463.38295
G1 X117.471 Y119.414 E463.38498
G1 X117.443 Y119.366 E463.38703
G1 X117.47 Y119.318 E463.38906
G1 X117.525 Y119.318 E463.39109
G1 X117.553 Y119.366 E463.39315
G0 F15000 X117.066 Y118.898
G1 F1334.9 X117.93 Y118.898 E463.42332
G1 X117.93 Y119.834 E463.45601
G1 X117.066 Y119.834 E463.48618
G1 X117.066 Y118.898 E463.51887
G0 F15000 X117.553 Y123.628
G1 F1262.8 X117.526 Y123.676 E463.5209
G1 X117.471 Y123.676 E463.52293
G1 X117.443 Y123.628 E463.52498
G1 X117.47 Y123.58 E463.52702
G1 X117.525 Y123.58 E463.52905
G1 X117.553 Y123.628 E463.5311
G0 F15000 X117.066 Y123.13
G1 F1334.9 X117.93 Y123.13 E463.56127
G1 X117.93 Y124.126 E463.59606
G1 X117.066 Y124.126 E463.62623
G1 X117.066 Y123.13 E463.66101
G0 F15000 X117.341 Y123.13
G1 F2700 E463.16101
;MESH:NONMESH
G0 F600 Z24.8
G0 F15000 X117.021 Y118.373
G0 X115.436 Y118.373
G0 X115.436 Y111.628
G0 X117.026 Y111.628
G0 X116.73 Y111.138
;TIME_ELAPSED:651.478766
;LAYER:123
;note -- min layer time used
M204 S5000
;TYPE:WALL-INNER
;MESH:Stickmaaaaan.obj
G1 F2700 E463.66101
G1 F1337.1 X118.266 Y111.138 E463.71466
G1 X118.266 Y105.222 E463.92126
G1 X116.73 Y105.222 E463.9749
G1 X116.73 Y111.138 E464.18151
M204 S10000
G0 F15000 X116.31 Y111.558
M204 S5000
;TYPE:WALL-OUTER
G1 F1337.1 X118.686 Y111.558 E464.26449
G1 X118.686 Y104.802 E464.50043
G1 X116.31 Y104.802 E464.5834
G1 X116.31 Y111.558 E464.81935
M204 S10000
G0 F15000 X116.51 Y111.558
G0 X116.991 Y110.879
G0 X117.553 Y110.333
;TYPE:SKIN
G1 F1264.8 X117.526 Y110.381 E464.82138
G1 X117.471 Y110.381 E464.82341
G1 X117.443 Y110.333 E464.82546
G1 X117.47 Y110.285 E464.82749
G1 X117.525 Y110.285 E464.82952
G1 X117.553 Y110.333 E464.83158
G0 F15000 X117.066 Y110.802
G1 F1337.1 X117.066 Y109.863 E464.86437
G1 X117.93 Y109.866 E464.89454
G1 X117.93 Y110.802 E464.92723
G1 X117.066 Y110.802 E464.9574
G0 F15000 X117.553 Y106.055
G1 F1264.8 X117.526 Y106.103 E464.95944
G1 X117.471 Y106.103 E464.96147
G1 X117.443 Y106.055 E464.96352
G1 X117.47 Y106.007 E464.96555
G1 X117.525 Y106.007 E464.96758
G1 X117.553 Y106.055 E464.96963
G0 F15000 X117.066 Y106.557
G1 F1337.1 X117.066 Y105.558 E465.00452
G1 X117.93 Y105.558 E465.0347
G1 X117.93 Y106.554 E465.06948
G1 X117.066 Y106.557 E465.09965
G0 F15000 X117.341 Y106.557
G1 F2700 E464.59965
G0 F15000 X117.824 Y111.33
G0 X117.824 Y113.38
G0 X117.821 Y114.015
;TYPE:FILL
G1 F2700 E465.09965
G1 F1337.1 X117.175 Y114.015 E465.1249
G1 X117.175 Y115.325 E465.1761
G1 X117.333 Y115.167 E465.18483
G1 X117.821 Y115.166 E465.2039
G1 X117.821 Y114.835 E465.21683
G1 X117.334 Y114.835 E465.23587
G1 X117.175 Y114.676 E465.24465
G1 X117.101 Y114.602
G0 F15000 X116.73 Y115
M204 S5000
;TYPE:WALL-INNER
G1 F1337.1 X116.73 Y116.43 E465.2946
G1 X118.266 Y116.43 E465.34824
G1 X118.266 Y113.57 E465.44812
G1 X116.73 Y113.57 E465.50176
G1 X116.73 Y115 E465.5517
M204 S10000
G0 F15000 X116.31 Y115
M204 S5000
;TYPE:WALL-OUTER
G1 F1337.1 X116.31 Y116.85 E465.61631
G1 X118.686 Y116.85 E465.69928
G1 X118.686 Y113.15 E465.8285
G1 X116.31 Y113.15 E465.91148
G1 X116.31 Y115 E465.97609
M204 S10000
G0 F15000 X116.31 Y115.2
G0 X117.341 Y115.2
G1 F2700 E465.47609
G0 F15000 X117.021 Y116.62
G0 X117.021 Y118.671
G0 X116.73 Y118.858
M204 S5000
;TYPE:WALL-INNER
G1 F2700 E465.97609
G1 F1337.1 X116.73 Y124.777 E466.1828
G1 X118.266 Y124.774 E466.23644
G1 X118.266 Y118.858 E466.44304
G1 X116.73 Y118.858 E466.49668
M204 S10000
G0 F15000 X116.31 Y118.438
M204 S5000
;TYPE:WALL-OUTER
G1 F1337.1 X116.31 Y125.197 E466.73273
G1 X118.686 Y125.194 E466.81571
G1 X118.686 Y118.438 E467.05165
G1 X116.31 Y118.438 E467.13463
M204 S10000
G0 F15000 X116.31 Y118.638
G0 X116.991 Y119.121
G0 X117.553 Y119.664
;TYPE:SKIN
G1 F1264.8 X117.526 Y119.712 E467.13666
G1 X117.471 Y119.712 E467.13869
G1 X117.443 Y119.664 E467.14074
G1 X117.47 Y119.616 E467.14277
G1 X117.525 Y119.616 E467.1448
G1 X117.553 Y119.664 E467.14686
G0 F15000 X117.066 Y119.194
G1 F1337.1 X117.93 Y119.194 E467.17703
G1 X117.93 Y120.134 E467.20986
G1 X117.066 Y120.134 E467.24003
G1 X117.066 Y119.194 E467.27286
G0 F15000 X117.553 Y123.941
G1 F1264.8 X117.526 Y123.989 E467.27489
G1 X117.471 Y123.989 E467.27692
G1 X117.443 Y123.941 E467.27897
G1 X117.47 Y123.893 E467.28101
G1 X117.525 Y123.893 E467.28304
G1 X117.553 Y123.941 E467.28509
G0 F15000 X117.066 Y123.446
G1 F1337.1 X117.93 Y123.443 E467.31526
G1 X117.93 Y124.438 E467.35001
G1 X117.066 Y124.438 E467.38019
G1 X117.066 Y123.446 E467.41483
G0 F15000 X117.341 Y123.446
G1 F2700 E466.91483
;MESH:NONMESH
G0 F600 Z25
G0 F15000 X117.021 Y118.671
G0 X115.436 Y118.671
G0 X115.436 Y111.33
G0 X117.026 Y111.33
G0 X116.73 Y110.842
;TIME_ELAPSED:657.176994
;LAYER:124
;note -- min layer time used
M204 S5000
;TYPE:WALL-INNER
;MESH:Stickmaaaaan.obj
G1 F2700 E467.41483
G1 F1339.3 X118.266 Y110.842 E467.46847
G1 X118.266 Y104.907 E467.67574
G1 X116.73 Y104.91 E467.72938
G1 X116.73 Y110.842 E467.93655
M204 S10000
G0 F15000 X116.31 Y111.262
M204 S5000
;TYPE:WALL-OUTER
G1 F1339.3 X118.686 Y111.262 E468.01952
G1 X118.686 Y104.487 E468.25613
G1 X116.31 Y104.49 E468.33911
G1 X116.31 Y111.262 E468.5756
M204 S10000
G0 F15000 X116.51 Y111.262
G0 X116.991 Y110.582
G0 X117.553 Y110.036
;TYPE:SKIN
G1 F1266.9 X117.526 Y110.084 E468.57764
G1 X117.471 Y110.084 E468.57967
G1 X117.443 Y110.036 E468.58172
G1 X117.47 Y109.988 E468.58375
G1 X117.525 Y109.988 E468.58578
G1 X117.553 Y110.036 E468.58784
G0 F15000 X117.066 Y110.506
G1 F1339.3 X117.066 Y109.566 E468.62066
G1 X117.93 Y109.566 E468.65084
G1 X117.93 Y110.506 E468.68366
G1 X117.066 Y110.506 E468.71384
G0 F15000 X117.553 Y105.742
G1 F1266.9 X117.526 Y105.79 E468.71587
G1 X117.471 Y105.79 E468.7179
G1 X117.443 Y105.742 E468.71995
G1 X117.47 Y105.694 E468.72199
G1 X117.525 Y105.694 E468.72402
G1 X117.553 Y105.742 E468.72607
G0 F15000 X117.066 Y106.242
G1 F1339.3 X117.066 Y105.242 E468.76099
G1 X117.93 Y105.242 E468.79117
G1 X117.93 Y106.242 E468.82609
G1 X117.066 Y106.242 E468.85626
G0 F15000 X117.341 Y106.242
G1 F2700 E468.35626
G0 F15000 X117.824 Y111.033
G0 X117.824 Y113.388
G0 X117.821 Y114.023
;TYPE:FILL
G1 F2700 E468.85626
G1 F1339.3 X117.175 Y114.023 E468.88151
G1 X117.175 Y115.324 E468.93235
G1 X117.334 Y115.166 E468.94111
G1 X117.821 Y115.166 E468.96014
G1 X117.821 Y114.835 E468.97308
G1 X117.333 Y114.834 E468.99215
G1 X117.175 Y114.676 E469.00088
G1 X117.101 Y114.602
G0 F15000 X116.73 Y115
M204 S5000
;TYPE:WALL-INNER
G1 F1339.3 X116.73 Y116.422 E469.05054
G1 X118.266 Y116.422 E469.10419
G1 X118.266 Y113.578 E469.20351
G1 X116.73 Y113.578 E469.25715
G1 X116.73 Y115 E469.30681
M204 S10000
G0 F15000 X116.31 Y115
M204 S5000
;TYPE:WALL-OUTER
G1 F1339.3 X116.31 Y116.842 E469.37114
G1 X118.686 Y116.842 E469.45412
G1 X118.686 Y113.158 E469.58277
G1 X116.31 Y113.158 E469.66575
G1 X116.31 Y115 E469.73008
M204 S10000
G0 F15000 X116.31 Y115.2
G0 X117.341 Y115.2
G1 F2700 E469.23008
G0 F15000 X117.021 Y116.612
G0 X117.021 Y118.968
G0 X116.73 Y119.158
M204 S5000
;TYPE:WALL-INNER
G1 F2700 E469.73008
G1 F1339.3 X116.73 Y125.09 E469.93724
G1 X118.266 Y125.09 E469.99089
G1 X118.266 Y119.158 E470.19805
G1 X116.73 Y119.158 E470.25169
M204 S10000
G0 F15000 X116.31 Y118.738
M204 S5000
;TYPE:WALL-OUTER
G1 F1339.3 X116.31 Y125.51 E470.48819
G1 X118.686 Y125.51 E470.57117
G1 X118.686 Y118.738 E470.80767
G1 X116.31 Y118.738 E470.89065
M204 S10000
G0 F15000 X116.31 Y118.938
G0 X116.991 Y119.418
G0 X117.553 Y119.962
;TYPE:SKIN
G1 F1266.9 X117.526 Y120.01 E470.89268
G1 X117.471 Y120.01 E470.89471
G1 X117.443 Y119.962 E470.89676
G1 X117.47 Y119.914 E470.89879
G1 X117.525 Y119.914 E470.90082
G1 X117.553 Y119.962 E470.90288
G0 F15000 X117.066 Y119.494
G1 F1339.3 X117.93 Y119.494 E470.93305
G1 X117.93 Y120.43 E470.96574
G1 X117.066 Y120.43 E470.99591
G1 X117.066 Y119.494 E471.0286
G0 F15000 X117.553 Y124.255
G1 F1266.9 X117.526 Y124.303 E471.03063
G1 X117.471 Y124.303 E471.03266
G1 X117.443 Y124.255 E471.03471
G1 X117.47 Y124.207 E471.03675
G1 X117.525 Y124.207 E471.03878
G1 X117.553 Y124.255 E471.04083
G0 F15000 X117.066 Y123.758
G1 F1339.3 X117.93 Y123.755 E471.071
G1 X117.93 Y124.754 E471.10589
G1 X117.066 Y124.754 E471.13607
G1 X117.066 Y123.758 E471.17085
G0 F15000 X117.341 Y123.758
G1 F2700 E470.67085
;MESH:NONMESH
G0 F600 Z25.2
G0 F15000 X117.175 Y118.968
G0 X117.175 Y117.863
G0 X115.448 Y117.705
G0 X115.448 Y112.295
G0 X117.181 Y112.138
G0 X117.181 Y111.033
G0 X117.175 Y106.461
;TIME_ELAPSED:662.905974
;LAYER:125
;note -- min layer time used
;TYPE:FILL
;MESH:Stickmaaaaan.obj
G1 F2700 E471.17085
G1 F1496.3 X117.344 Y106.292 E471.18019
G1 X117.821 Y106.292 E471.19883
G1 X117.655 Y106.293 E471.20532
G1 X117.821 Y106.459 E471.21449
G1 X117.821 Y108.911 E471.31032
G1 X117.175 Y108.91 E471.33556
G1 X117.175 Y106.461 E471.43127
G0 F15000 X116.991 Y110.284
G0 X116.73 Y110.542
M204 S5000
;TYPE:WALL-INNER
G1 F1496.3 X118.266 Y110.542 E471.48492
G1 X118.266 Y104.595 E471.6926
G1 X116.73 Y104.598 E471.74625
G1 X116.73 Y110.542 E471.95383
M204 S10000
G0 F15000 X116.31 Y110.962
M204 S5000
;TYPE:WALL-OUTER
G1 F1496.3 X118.686 Y110.962 E472.03681
G1 X118.686 Y104.175 E472.27383
G1 X116.31 Y104.178 E472.35681
G1 X116.31 Y110.962 E472.59373
M204 S10000
G0 F15000 X116.51 Y110.962
G0 X116.991 Y110.284
G0 X117.553 Y109.738
;TYPE:SKIN
G1 F1415.4 X117.526 Y109.786 E472.59576
G1 X117.471 Y109.786 E472.59779
G1 X117.443 Y109.738 E472.59984
G1 X117.47 Y109.69 E472.60187
G1 X117.525 Y109.69 E472.6039
G1 X117.553 Y109.738 E472.60596
G0 F15000 X117.066 Y110.206
G1 F1496.3 X117.066 Y109.27 E472.63864
G1 X117.93 Y109.27 E472.66882
G1 X117.93 Y110.206 E472.70151
G1 X117.066 Y110.206 E472.73168
G0 F15000 X117.553 Y105.43
G1 F1415.4 X117.526 Y105.478 E472.73371
G1 X117.471 Y105.478 E472.73574
G1 X117.443 Y105.43 E472.73779
G1 X117.47 Y105.382 E472.73983
G1 X117.525 Y105.382 E472.74186
G1 X117.553 Y105.43 E472.74391
G0 F15000 X117.066 Y105.93
G1 F1496.3 X117.066 Y104.93 E472.77883
G1 X117.93 Y104.93 E472.80901
G1 X117.93 Y105.93 E472.84393
G1 X117.066 Y105.93 E472.8741
G0 F15000 X117.341 Y105.93
G1 F2700 E472.3741
G0 F15000 X117.824 Y110.735
G0 X117.824 Y111.84
G0 X117.824 Y113.396
G0 X117.821 Y114.031
;TYPE:FILL
G1 F2700 E472.8741
G1 F1496.3 X117.175 Y114.031 E472.89935
G1 X117.175 Y115.324 E472.94988
G1 X117.334 Y115.166 E472.95864
G1 X117.821 Y115.166 E472.97767
G1 X117.821 Y114.835 E472.99061
G1 X117.333 Y114.834 E473.00968
G1 X117.175 Y114.676 E473.01841
G1 X117.101 Y114.602
G0 F15000 X116.73 Y115
M204 S5000
;TYPE:WALL-INNER
G1 F1496.3 X116.73 Y116.414 E473.06779
G1 X118.266 Y116.414 E473.12144
G1 X118.266 Y113.586 E473.2202
G1 X116.73 Y113.586 E473.27384
G1 X116.73 Y115 E473.32322
M204 S10000
G0 F15000 X116.31 Y115
M204 S5000
;TYPE:WALL-OUTER
G1 F1496.3 X116.31 Y116.834 E473.38727
G1 X118.686 Y116.834 E473.47025
G1 X118.686 Y113.166 E473.59835
G1 X116.31 Y113.166 E473.68132
G1 X116.31 Y115 E473.74537
M204 S10000
G0 F15000 X116.31 Y115.2
G0 X117.341 Y115.2
G1 F2700 E473.24537
G0 F15000 X117.821 Y116.604
G0 X117.821 Y117.709
G0 X117.821 Y119.266
G0 X117.821 Y121.09
;TYPE:FILL
G1 F2700 E473.74537
G1 F1496.3 X117.175 Y121.09 E473.77062
G1 X117.175 Y123.539 E473.86633
G1 X117.344 Y123.708 E473.87567
G1 X117.821 Y123.707 E473.89431
G1 X117.821 Y123.541 E473.9008
G1 X117.655 Y123.708 E473.91
G1 X117.581 Y123.782
G0 F15000 X116.991 Y119.716
G0 X116.73 Y119.454
M204 S5000
;TYPE:WALL-INNER
G1 F1496.3 X116.73 Y125.402 E474.11772
G1 X118.266 Y125.402 E474.17136
G1 X118.266 Y119.454 E474.37909
G1 X116.73 Y119.454 E474.43273
M204 S10000
G0 F15000 X116.31 Y119.034
M204 S5000
;TYPE:WALL-OUTER
G1 F1496.3 X116.31 Y125.822 E474.66979
G1 X118.686 Y125.822 E474.75276
G1 X118.686 Y119.034 E474.98982
G1 X116.31 Y119.034 E475.0728
M204 S10000
G0 F15000 X116.31 Y119.234
G0 X116.991 Y119.716
G0 X117.553 Y120.258
;TYPE:SKIN
G1 F1415.4 X117.526 Y120.306 E475.07483
G1 X117.471 Y120.306 E475.07686
G1 X117.443 Y120.258 E475.07891
G1 X117.47 Y120.21 E475.08095
G1 X117.525 Y120.21 E475.08298
G1 X117.553 Y120.258 E475.08503
G0 F15000 X117.066 Y119.79
G1 F1496.3 X117.93 Y119.79 E475.1152
G1 X117.93 Y120.726 E475.14789
G1 X117.066 Y120.726 E475.17807
G1 X117.066 Y119.79 E475.21075
G0 F15000 X117.553 Y124.567
G1 F1415.4 X117.526 Y124.615 E475.21279
G1 X117.471 Y124.615 E475.21482
G1 X117.443 Y124.567 E475.21687
G1 X117.47 Y124.519 E475.2189
G1 X117.525 Y124.519 E475.22093
G1 X117.553 Y124.567 E475.22298
G0 F15000 X117.066 Y124.07
G1 F1496.3 X117.93 Y124.067 E475.25316
G1 X117.93 Y125.066 E475.28805
G1 X117.066 Y125.066 E475.31822
G1 X117.066 Y124.07 E475.353
G0 F15000 X117.341 Y124.07
G1 F2700 E474.853
;MESH:NONMESH
G0 F600 Z25.4
G0 F15000 X117.342 Y119.266
G0 X117.342 Y118.161
G0 X115.448 Y117.697
G0 X115.448 Y112.303
G0 X117.348 Y111.84
G0 X117.348 Y110.735
G0 X117.342 Y105.98
;TIME_ELAPSED:668.720650
;LAYER:126
;note -- min layer time used
;TYPE:FILL
;MESH:Stickmaaaaan.obj
G1 F2700 E475.353
G1 F1517.8 X117.821 Y105.979 E475.37172
G1 X117.658 Y105.978 E475.37809
G1 X117.175 Y106.461 E475.40479
G1 X117.175 Y108.612 E475.48885
G1 X117.821 Y108.613 E475.5141
G1 X117.821 Y106.459 E475.59828
G1 X117.342 Y105.98 E475.62475
G0 F15000 X116.991 Y109.987
G0 X116.73 Y110.246
M204 S5000
;TYPE:WALL-INNER
G1 F1517.8 X118.266 Y110.246 E475.67839
G1 X118.266 Y104.282 E475.88667
G1 X116.73 Y104.282 E475.94032
G1 X116.73 Y110.246 E476.1486
M204 S10000
G0 F15000 X116.31 Y110.666
M204 S5000
;TYPE:WALL-OUTER
G1 F1517.8 X118.686 Y110.666 E476.23157
G1 X118.686 Y103.862 E476.46919
G1 X116.31 Y103.862 E476.55217
G1 X116.31 Y110.666 E476.78979
M204 S10000
G0 F15000 X116.51 Y110.666
G0 X116.991 Y109.987
G0 X117.553 Y109.441
;TYPE:SKIN
G1 F1435.7 X117.526 Y109.489 E476.79182
G1 X117.471 Y109.489 E476.79385
G1 X117.443 Y109.441 E476.7959
G1 X117.47 Y109.393 E476.79793
G1 X117.525 Y109.393 E476.79996
G1 X117.553 Y109.441 E476.80202
G0 F15000 X117.066 Y109.91
G1 F1517.8 X117.066 Y108.971 E476.83481
G1 X117.93 Y108.974 E476.86498
G1 X117.93 Y109.91 E476.89767
G1 X117.066 Y109.91 E476.92784
G0 F15000 X117.553 Y105.115
G1 F1435.7 X117.526 Y105.163 E476.92988
G1 X117.471 Y105.163 E476.93191
G1 X117.443 Y105.115 E476.93396
G1 X117.47 Y105.067 E476.93599
G1 X117.525 Y105.067 E476.93802
G1 X117.553 Y105.115 E476.94008
G0 F15000 X117.066 Y105.617
G1 F1517.8 X117.066 Y104.618 E476.97496
G1 X117.93 Y104.618 E477.00514
G1 X117.93 Y105.614 E477.03992
G1 X117.066 Y105.617 E477.07009
G0 F15000 X117.341 Y105.617
G1 F2700 E476.57009
G0 F15000 X117.824 Y110.438
G0 X117.824 Y111.543
G0 X117.824 Y112.299
G0 X117.824 Y113.404
G0 X117.821 Y114.039
;TYPE:FILL
G1 F2700 E477.07009
G1 F1517.8 X117.175 Y114.039 E477.09534
G1 X117.175 Y115.325 E477.1456
G1 X117.333 Y115.167 E477.15433
G1 X117.821 Y115.166 E477.1734
G1 X117.821 Y114.835 E477.18634
G1 X117.334 Y114.835 E477.20537
G1 X117.175 Y114.676 E477.21416
G1 X117.101 Y114.602
G0 F15000 X116.73 Y115
M204 S5000
;TYPE:WALL-INNER
G1 F1517.8 X116.73 Y116.406 E477.26326
G1 X118.266 Y116.406 E477.3169
G1 X118.266 Y113.594 E477.41511
G1 X116.73 Y113.594 E477.46875
G1 X116.73 Y115 E477.51785
M204 S10000
G0 F15000 X116.31 Y115
M204 S5000
;TYPE:WALL-OUTER
G1 F1517.8 X116.31 Y116.826 E477.58162
G1 X118.686 Y116.826 E477.6646
G1 X118.686 Y113.174 E477.79214
G1 X116.31 Y113.174 E477.87511
G1 X116.31 Y115 E477.93888
M204 S10000
G0 F15000 X116.31 Y115.2
G0 X117.341 Y115.2
G1 F2700 E477.43888
G0 F15000 X117.821 Y116.596
G0 X117.821 Y117.701
G0 X117.821 Y118.458
G0 X117.821 Y119.563
G0 X117.821 Y121.388
;TYPE:FILL
G1 F2700 E477.93888
G1 F1517.8 X117.175 Y121.388 E477.96413
G1 X117.175 Y124.021 E478.06703
G1 X117.342 Y124.021 E478.07355
G1 X117.821 Y123.541 E478.10006
G1 X117.821 Y124.02 E478.11878
G1 X117.655 Y124.019 E478.12526
G1 X117.175 Y123.539 E478.15179
G1 X117.101 Y123.465
G0 F15000 X116.991 Y120.013
G0 X116.73 Y119.75
M204 S5000
;TYPE:WALL-INNER
G1 F1517.8 X116.73 Y125.714 E478.36007
G1 X118.266 Y125.714 E478.41372
G1 X118.266 Y119.75 E478.622
G1 X116.73 Y119.75 E478.67564
M204 S10000
G0 F15000 X116.31 Y119.33
M204 S5000
;TYPE:WALL-OUTER
G1 F1517.8 X116.31 Y126.134 E478.91326
G1 X118.686 Y126.134 E478.99623
G1 X118.686 Y119.33 E479.23385
G1 X116.31 Y119.33 E479.31683
M204 S10000
G0 F15000 X116.31 Y119.53
G0 X116.991 Y120.013
G0 X117.553 Y120.556
;TYPE:SKIN
G1 F1435.7 X117.526 Y120.604 E479.31886
G1 X117.471 Y120.604 E479.32089
G1 X117.443 Y120.556 E479.32294
G1 X117.47 Y120.508 E479.32498
G1 X117.525 Y120.508 E479.32701
G1 X117.553 Y120.556 E479.32906
G0 F15000 X117.066 Y120.086
G1 F1517.8 X117.93 Y120.086 E479.35923
G1 X117.93 Y121.026 E479.39206
G1 X117.066 Y121.026 E479.42223
G1 X117.066 Y120.086 E479.45506
G0 F15000 X117.553 Y124.879
G1 F1435.7 X117.526 Y124.927 E479.45709
G1 X117.471 Y124.927 E479.45912
G1 X117.443 Y124.879 E479.46118
G1 X117.47 Y124.831 E479.46321
G1 X117.525 Y124.831 E479.46524
G1 X117.553 Y124.879 E479.46729
G0 F15000 X117.066 Y124.382
G1 F1517.8 X117.93 Y124.379 E479.49747
G1 X117.93 Y125.378 E479.53235
G1 X117.066 Y125.378 E479.56253
G1 X117.066 Y124.382 E479.59731
G0 F15000 X117.341 Y124.382
G1 F2700 E479.09731
;MESH:NONMESH
G0 F600 Z25.6
G0 F15000 X117.175 Y119.563
G0 X117.175 Y118.458
G0 X115.448 Y117.689
G0 X115.448 Y112.311
G0 X117.181 Y111.543
G0 X117.181 Y110.438
G0 X117.175 Y105.813
;TIME_ELAPSED:674.534402
;LAYER:127
;note -- min layer time used
;TYPE:FILL
;MESH:Stickmaaaaan.obj
G1 F2700 E479.59731
G1 F1466.2 X117.333 Y105.971 E479.60604
G1 X117.821 Y105.972 E479.62511
G1 X117.821 Y106.303 E479.63805
G1 X117.334 Y106.303 E479.65708
G1 X117.175 Y106.461 E479.66584
G1 X117.175 Y105.668 E479.69683
G1 X117.821 Y105.667 E479.72208
G1 X117.926 Y105.667
G0 F15000 X116.991 Y109.689
G0 X116.73 Y109.946
M204 S5000
;TYPE:WALL-INNER
G1 F1466.2 X118.266 Y109.949 E479.77572
G1 X118.266 Y103.97 E479.98453
G1 X116.73 Y103.97 E480.03817
G1 X116.73 Y109.946 E480.24687
M204 S10000
G0 F15000 X116.31 Y110.366
M204 S5000
;TYPE:WALL-OUTER
G1 F1466.2 X118.686 Y110.369 E480.32985
G1 X118.686 Y103.55 E480.56799
G1 X116.31 Y103.55 E480.65097
G1 X116.31 Y110.366 E480.889
M204 S10000
G0 F15000 X116.51 Y110.366
G0 X116.991 Y109.689
G0 X117.553 Y109.14
;TYPE:SKIN
G1 F1386.9 X117.526 Y109.188 E480.89103
G1 X117.471 Y109.188 E480.89307
G1 X117.443 Y109.14 E480.89512
G1 X117.47 Y109.092 E480.89715
G1 X117.525 Y109.092 E480.89918
G1 X117.553 Y109.14 E480.90123
G0 F15000 X117.066 Y109.61
G1 F1466.2 X117.066 Y108.67 E480.93406
G1 X117.93 Y108.67 E480.96423
G1 X117.93 Y109.61 E480.99706
G1 X117.066 Y109.61 E481.02723
G0 F15000 X117.553 Y104.803
G1 F1386.9 X117.526 Y104.851 E481.02927
G1 X117.471 Y104.851 E481.0313
G1 X117.443 Y104.803 E481.03335
G1 X117.47 Y104.755 E481.03538
G1 X117.525 Y104.755 E481.03741
G1 X117.553 Y104.803 E481.03947
G0 F15000 X117.066 Y105.305
G1 F1466.2 X117.066 Y104.306 E481.07435
G1 X117.93 Y104.306 E481.10453
G1 X117.93 Y105.302 E481.13931
G1 X117.066 Y105.305 E481.16948
G0 F15000 X117.341 Y105.305
G1 F2700 E480.66948
G0 F15000 X117.824 Y110.14
G0 X117.824 Y111.245
G0 X117.824 Y112.307
G0 X117.824 Y113.412
G0 X117.821 Y114.047
;TYPE:FILL
G1 F2700 E481.16948
G1 F1466.2 X117.175 Y114.047 E481.19473
G1 X117.175 Y115.324 E481.24464
G1 X117.334 Y115.166 E481.2534
G1 X117.821 Y115.166 E481.27243
G1 X117.821 Y114.835 E481.28536
G1 X117.333 Y114.834 E481.30444
G1 X117.175 Y114.676 E481.31317
G1 X117.101 Y114.602
G0 F15000 X116.73 Y115
M204 S5000
;TYPE:WALL-INNER
G1 F1466.2 X116.73 Y116.398 E481.36199
G1 X118.266 Y116.398 E481.41563
G1 X118.266 Y113.602 E481.51328
G1 X116.73 Y113.602 E481.56692
G1 X116.73 Y115 E481.61574
M204 S10000
G0 F15000 X116.31 Y115
M204 S5000
;TYPE:WALL-OUTER
G1 F1466.2 X116.31 Y116.818 E481.67923
G1 X118.686 Y116.818 E481.76221
G1 X118.686 Y113.182 E481.88919
G1 X116.31 Y113.182 E481.97217
G1 X116.31 Y115 E482.03566
M204 S10000
G0 F15000 X116.31 Y115.2
G0 X117.341 Y115.2
G1 F2700 E481.53566
G0 F15000 X117.821 Y116.588
G0 X117.821 Y117.693
G0 X117.821 Y118.756
G0 X117.821 Y119.861
G0 X117.821 Y121.691
;TYPE:FILL
G1 F2700 E482.03566
G1 F1466.2 X117.175 Y121.691 E482.0609
G1 X117.175 Y124.187 E482.15845
G1 X117.333 Y124.029 E482.16718
G1 X117.821 Y124.029 E482.18625
G1 X117.821 Y123.697 E482.19923
G1 X117.333 Y123.697 E482.2183
G1 X117.175 Y123.539 E482.22703
G1 X117.101 Y123.465
G0 F15000 X116.991 Y120.311
G0 X116.73 Y120.05
M204 S5000
;TYPE:WALL-INNER
G1 F1466.2 X116.73 Y126.026 E482.43573
G1 X118.266 Y126.026 E482.48937
G1 X118.266 Y120.05 E482.69808
G1 X116.73 Y120.05 E482.75172
M204 S10000
G0 F15000 X116.31 Y119.63
M204 S5000
;TYPE:WALL-OUTER
G1 F1466.2 X116.31 Y126.446 E482.98975
G1 X118.686 Y126.446 E483.07273
G1 X118.686 Y119.63 E483.31077
G1 X116.31 Y119.63 E483.39374
M204 S10000
G0 F15000 X116.31 Y119.83
G0 X116.991 Y120.311
G0 X117.553 Y120.858
;TYPE:SKIN
G1 F1386.9 X117.526 Y120.906 E483.39578
G1 X117.471 Y120.906 E483.39781
G1 X117.443 Y120.858 E483.39986
G1 X117.47 Y120.81 E483.40189
G1 X117.525 Y120.81 E483.40392
G1 X117.553 Y120.858 E483.40598
G0 F15000 X117.066 Y120.386
G1 F1466.2 X117.93 Y120.386 E483.43615
G1 X117.93 Y121.33 E483.46912
G1 X117.066 Y121.33 E483.49929
G1 X117.066 Y120.386 E483.53226
G0 F15000 X117.553 Y125.191
G1 F1386.9 X117.526 Y125.239 E483.53429
G1 X117.471 Y125.239 E483.53632
G1 X117.443 Y125.191 E483.53837
G1 X117.47 Y125.143 E483.54041
G1 X117.525 Y125.143 E483.54244
G1 X117.553 Y125.191 E483.54449
G0 F15000 X117.066 Y124.694
G1 F1466.2 X117.93 Y124.691 E483.57466
G1 X117.93 Y125.69 E483.60955
G1 X117.066 Y125.69 E483.63972
G1 X117.066 Y124.694 E483.67451
G0 F15000 X117.341 Y124.694
G1 F2700 E483.17451
;MESH:NONMESH
G0 F600 Z25.8
G0 F15000 X117.175 Y119.861
G0 X117.175 Y118.756
G0 X115.448 Y117.681
G0 X115.448 Y112.319
G0 X117.181 Y111.245
G0 X117.181 Y110.14
G0 X117.175 Y105.813
;TIME_ELAPSED:680.337865
;LAYER:128
;note -- min layer time used
;TYPE:FILL
;MESH:Stickmaaaaan.obj
G1 F2700 E483.67451
G1 F1468.6 X117.333 Y105.971 E483.68324
G1 X117.821 Y105.971 E483.70231
G1 X117.822 Y106.303 E483.71529
G1 X117.333 Y106.303 E483.7344
G1 X117.175 Y106.461 E483.74313
G1 X117.175 Y105.355 E483.78635
G1 X117.821 Y105.354 E483.8116
G1 X117.926 Y105.354
G0 F15000 X116.991 Y109.392
G0 X116.73 Y109.65
M204 S5000
;TYPE:WALL-INNER
G1 F1468.6 X118.266 Y109.65 E483.86524
G1 X118.266 Y103.658 E484.0745
G1 X116.73 Y103.658 E484.12814
G1 X116.73 Y109.65 E484.3374
M204 S10000
G0 F15000 X116.31 Y110.07
M204 S5000
;TYPE:WALL-OUTER
G1 F1468.6 X118.686 Y110.07 E484.42038
G1 X118.686 Y103.238 E484.65897
G1 X116.31 Y103.238 E484.74195
G1 X116.31 Y110.07 E484.98055
M204 S10000
G0 F15000 X116.51 Y110.07
G0 X116.991 Y109.392
G0 X117.553 Y108.835
;TYPE:SKIN
G1 F1389.2 X117.526 Y108.883 E484.98258
G1 X117.471 Y108.883 E484.98461
G1 X117.443 Y108.835 E484.98666
G1 X117.47 Y108.787 E484.98869
G1 X117.525 Y108.787 E484.99072
G1 X117.553 Y108.835 E484.99278
G0 F15000 X117.066 Y109.314
G1 F1468.6 X117.066 Y108.355 E485.02627
G1 X117.93 Y108.358 E485.05644
G1 X117.93 Y109.314 E485.08983
G1 X117.066 Y109.314 E485.12
G0 F15000 X117.553 Y104.491
G1 F1389.2 X117.526 Y104.539 E485.12203
G1 X117.471 Y104.539 E485.12406
G1 X117.443 Y104.491 E485.12612
G1 X117.47 Y104.443 E485.12815
G1 X117.525 Y104.443 E485.13018
G1 X117.553 Y104.491 E485.13223
G0 F15000 X117.066 Y104.993
G1 F1468.6 X117.066 Y103.994 E485.16712
G1 X117.93 Y103.994 E485.19729
G1 X117.93 Y104.99 E485.23208
G1 X117.066 Y104.993 E485.26225
G0 F15000 X117.341 Y104.993
G1 F2700 E484.76225
G0 F15000 X117.825 Y109.843
G0 X117.825 Y110.948
G0 X117.825 Y112.315
G0 X117.825 Y113.42
G0 X117.821 Y114.055
;TYPE:FILL
G1 F2700 E485.26225
G1 F1468.6 X117.175 Y114.055 E485.2875
G1 X117.175 Y115.324 E485.33709
G1 X117.333 Y115.166 E485.34582
G1 X117.822 Y115.166 E485.36493
G1 X117.821 Y114.834 E485.37791
G1 X117.333 Y114.834 E485.39698
G1 X117.175 Y114.676 E485.40571
G1 X117.101 Y114.602
G0 F15000 X116.73 Y115
M204 S5000
;TYPE:WALL-INNER
G1 F1468.6 X116.73 Y116.39 E485.45425
G1 X118.266 Y116.39 E485.5079
G1 X118.266 Y113.61 E485.60498
G1 X116.73 Y113.61 E485.65862
G1 X116.73 Y115 E485.70717
M204 S10000
G0 F15000 X116.31 Y115
M204 S5000
;TYPE:WALL-OUTER
G1 F1468.6 X116.31 Y116.81 E485.77038
G1 X118.686 Y116.81 E485.85336
G1 X118.686 Y113.19 E485.97978
G1 X116.31 Y113.19 E486.06276
G1 X116.31 Y115 E486.12597
M204 S10000
G0 F15000 X116.31 Y115.2
G0 X117.341 Y115.2
G1 F2700 E485.62597
G0 F15000 X117.821 Y116.58
G0 X117.821 Y117.685
G0 X117.821 Y119.053
G0 X117.821 Y120.158
G0 X117.821 Y122.004
;TYPE:FILL
G1 F2700 E486.12597
G1 F1468.6 X117.175 Y122.004 E486.15121
G1 X117.175 Y124.188 E486.23656
G1 X117.334 Y124.029 E486.24535
G1 X117.821 Y124.029 E486.26438
G1 X117.821 Y123.697 E486.27736
G1 X117.333 Y123.697 E486.29643
G1 X117.175 Y123.539 E486.30516
G1 X117.101 Y123.465
G0 F15000 X116.991 Y120.608
G0 X116.73 Y120.346
M204 S5000
;TYPE:WALL-INNER
G1 F1468.6 X116.73 Y126.338 E486.51442
G1 X118.266 Y126.338 E486.56806
G1 X118.266 Y120.346 E486.77732
G1 X116.73 Y120.346 E486.83097
M204 S10000
G0 F15000 X116.31 Y119.926
M204 S5000
;TYPE:WALL-OUTER
G1 F1468.6 X116.31 Y126.758 E487.06956
G1 X118.686 Y126.758 E487.15254
G1 X118.686 Y119.926 E487.39113
G1 X116.31 Y119.926 E487.47411
M204 S10000
G0 F15000 X116.31 Y120.126
G0 X116.991 Y120.608
G0 X117.553 Y121.162
;TYPE:SKIN
G1 F1389.2 X117.526 Y121.21 E487.47614
G1 X117.471 Y121.21 E487.47817
G1 X117.443 Y121.162 E487.48023
G1 X117.47 Y121.114 E487.48226
G1 X117.525 Y121.114 E487.48429
G1 X117.553 Y121.162 E487.48634
G0 F15000 X117.066 Y120.682
G1 F1468.6 X117.93 Y120.682 E487.51651
G1 X117.93 Y121.642 E487.55004
G1 X117.066 Y121.642 E487.58021
G1 X117.066 Y120.682 E487.61374
G0 F15000 X117.553 Y125.503
G1 F1389.2 X117.526 Y125.551 E487.61577
G1 X117.471 Y125.551 E487.6178
G1 X117.443 Y125.503 E487.61986
G1 X117.47 Y125.455 E487.62189
G1 X117.525 Y125.455 E487.62392
G1 X117.553 Y125.503 E487.62597
G0 F15000 X117.066 Y125.006
G1 F1468.6 X117.93 Y125.003 E487.65615
G1 X117.93 Y126.002 E487.69103
G1 X117.066 Y126.002 E487.72121
G1 X117.066 Y125.006 E487.75599
G0 F15000 X117.341 Y125.006
G1 F2700 E487.25599
;MESH:NONMESH
G0 F600 Z26
G0 F15000 X117.821 Y120.158
G0 X117.821 Y119.053
G0 X119.552 Y117.673
G0 X119.552 Y112.327
G0 X117.828 Y110.948
G0 X117.828 Y109.843
G0 X117.821 Y105.042
;TIME_ELAPSED:686.148667
;LAYER:129
;note -- min layer time used
;TYPE:FILL
;MESH:Stickmaaaaan.obj
G1 F2700 E487.75599
G1 F1470.9 X117.175 Y105.043 E487.78124
G1 X117.175 Y106.461 E487.83665
G1 X117.334 Y106.303 E487.84541
G1 X117.821 Y106.303 E487.86445
G1 X117.821 Y105.972 E487.87738
G1 X117.333 Y105.971 E487.89645
G1 X117.175 Y105.813 E487.90518
G1 X117.101 Y105.739
G0 F15000 X116.991 Y109.095
G0 X116.73 Y109.354
M204 S5000
;TYPE:WALL-INNER
G1 F1470.9 X118.266 Y109.354 E487.95883
G1 X118.266 Y103.346 E488.16865
G1 X116.73 Y103.346 E488.22229
G1 X116.73 Y109.354 E488.43211
M204 S10000
G0 F15000 X116.31 Y109.774
M204 S5000
;TYPE:WALL-OUTER
G1 F1470.9 X118.686 Y109.774 E488.51508
G1 X118.686 Y102.926 E488.75424
G1 X116.31 Y102.926 E488.83721
G1 X116.31 Y109.774 E489.07637
M204 S10000
G0 F15000 X116.51 Y109.774
G0 X116.991 Y109.095
G0 X117.553 Y108.531
;TYPE:SKIN
G1 F1391.4 X117.526 Y108.579 E489.0784
G1 X117.471 Y108.579 E489.08043
G1 X117.443 Y108.531 E489.08248
G1 X117.47 Y108.483 E489.08452
G1 X117.525 Y108.483 E489.08655
G1 X117.553 Y108.531 E489.0886
G0 F15000 X117.066 Y109.018
G1 F1470.9 X117.066 Y108.043 E489.12265
G1 X117.93 Y108.046 E489.15282
G1 X117.93 Y109.018 E489.18677
G1 X117.066 Y109.018 E489.21694
G0 F15000 X117.553 Y104.179
G1 F1391.4 X117.526 Y104.227 E489.21897
G1 X117.471 Y104.227 E489.221
G1 X117.443 Y104.179 E489.22306
G1 X117.47 Y104.131 E489.22509
G1 X117.525 Y104.131 E489.22712
G1 X117.553 Y104.179 E489.22917
G0 F15000 X117.066 Y104.681
G1 F1470.9 X117.066 Y103.682 E489.26406
G1 X117.93 Y103.682 E489.29423
G1 X117.93 Y104.678 E489.32902
G1 X117.066 Y104.681 E489.35919
G0 F15000 X117.341 Y104.681
G1 F2700 E488.85919
G0 F15000 X117.825 Y109.546
G0 X117.825 Y110.651
G0 X117.825 Y112.323
G0 X117.825 Y113.428
G0 X117.821 Y114.063
;TYPE:FILL
G1 F2700 E489.35919
G1 F1470.9 X117.175 Y114.063 E489.38444
G1 X117.175 Y115.324 E489.43372
G1 X117.334 Y115.166 E489.44248
G1 X117.821 Y115.166 E489.46151
G1 X117.821 Y114.835 E489.47445
G1 X117.333 Y114.834 E489.49352
G1 X117.175 Y114.676 E489.50225
G1 X117.101 Y114.602
G0 F15000 X116.73 Y115
M204 S5000
;TYPE:WALL-INNER
G1 F1470.9 X116.73 Y116.382 E489.55051
G1 X118.266 Y116.382 E489.60415
G1 X118.266 Y113.618 E489.70068
G1 X116.73 Y113.618 E489.75432
G1 X116.73 Y115 E489.80259
M204 S10000
G0 F15000 X116.31 Y115
M204 S5000
;TYPE:WALL-OUTER
G1 F1470.9 X116.31 Y116.802 E489.86552
G1 X118.686 Y116.802 E489.9485
G1 X118.686 Y113.198 E490.07436
G1 X116.31 Y113.198 E490.15734
G1 X116.31 Y115 E490.22027
M204 S10000
G0 F15000 X116.31 Y115.2
G0 X117.341 Y115.2
G1 F2700 E489.72027
G0 F15000 X117.821 Y116.572
G0 X117.821 Y117.677
G0 X117.821 Y119.35
G0 X117.821 Y120.455
G0 X117.821 Y122.316
;TYPE:FILL
G1 F2700 E490.22027
G1 F1470.9 X117.175 Y122.316 E490.24551
G1 X117.175 Y124.187 E490.31863
G1 X117.333 Y124.029 E490.32737
G1 X117.822 Y124.029 E490.34648
G1 X117.821 Y123.697 E490.35945
G1 X117.333 Y123.697 E490.37852
G1 X117.175 Y123.539 E490.38726
G1 X117.101 Y123.465
G0 F15000 X116.991 Y120.905
G0 X116.73 Y120.642
M204 S5000
;TYPE:WALL-INNER
G1 F1470.9 X116.73 Y126.65 E490.59707
G1 X118.266 Y126.65 E490.65072
G1 X118.266 Y120.642 E490.86053
G1 X116.73 Y120.642 E490.91418
M204 S10000
G0 F15000 X116.31 Y120.222
M204 S5000
;TYPE:WALL-OUTER
G1 F1470.9 X116.31 Y127.07 E491.15333
G1 X118.686 Y127.07 E491.23631
G1 X118.686 Y120.222 E491.47546
G1 X116.31 Y120.222 E491.55844
M204 S10000
G0 F15000 X116.31 Y120.422
G0 X116.991 Y120.905
G0 X117.553 Y121.466
;TYPE:SKIN
G1 F1391.4 X117.526 Y121.514 E491.56047
G1 X117.471 Y121.514 E491.5625
G1 X117.443 Y121.466 E491.56455
G1 X117.47 Y121.418 E491.56659
G1 X117.525 Y121.418 E491.56862
G1 X117.553 Y121.466 E491.57067
G0 F15000 X117.066 Y120.978
G1 F1470.9 X117.93 Y120.978 E491.60084
G1 X117.93 Y121.954 E491.63493
G1 X117.066 Y121.954 E491.6651
G1 X117.066 Y120.978 E491.69919
G0 F15000 X117.553 Y125.815
G1 F1391.4 X117.526 Y125.863 E491.70122
G1 X117.471 Y125.863 E491.70325
G1 X117.443 Y125.815 E491.7053
G1 X117.47 Y125.767 E491.70734
G1 X117.525 Y125.767 E491.70937
G1 X117.553 Y125.815 E491.71142
G0 F15000 X117.066 Y125.318
G1 F1470.9 X117.93 Y125.315 E491.74159
G1 X117.93 Y126.314 E491.77648
G1 X117.066 Y126.314 E491.80665
G1 X117.066 Y125.318 E491.84144
G0 F15000 X117.341 Y125.318
G1 F2700 E491.34144
;MESH:NONMESH
G0 F600 Z26.2
G0 F15000 X117.821 Y120.455
G0 X117.821 Y119.35
G0 X119.552 Y117.665
G0 X119.552 Y112.335
G0 X117.828 Y110.651
G0 X117.828 Y109.546
G0 X117.821 Y104.729
;TIME_ELAPSED:691.956911
;LAYER:130
;note -- min layer time used
;TYPE:FILL
;MESH:Stickmaaaaan.obj
G1 F2700 E491.84144
G1 F1472.9 X117.175 Y104.73 E491.86668
G1 X117.175 Y106.461 E491.93433
G1 X117.334 Y106.303 E491.94309
G1 X117.821 Y106.303 E491.96212
G1 X117.821 Y105.972 E491.97506
G1 X117.333 Y105.971 E491.99413
G1 X117.175 Y105.813 E492.00286
G1 X117.101 Y105.739
G0 F15000 X116.991 Y108.797
G0 X116.73 Y109.054
M204 S5000
;TYPE:WALL-INNER
G1 F1472.9 X118.266 Y109.057 E492.0565
G1 X118.266 Y103.034 E492.26685
G1 X116.73 Y103.034 E492.32049
G1 X116.73 Y109.054 E492.53073
M204 S10000
G0 F15000 X116.31 Y109.474
M204 S5000
;TYPE:WALL-OUTER
G1 F1472.9 X118.686 Y109.477 E492.6137
G1 X118.686 Y102.614 E492.85338
G1 X116.31 Y102.614 E492.93636
G1 X116.31 Y109.474 E493.17593
M204 S10000
G0 F15000 X116.51 Y109.474
G0 X116.991 Y108.797
G0 X117.553 Y108.224
;TYPE:SKIN
G1 F1393.3 X117.526 Y108.272 E493.17796
G1 X117.471 Y108.272 E493.18
G1 X117.443 Y108.224 E493.18205
G1 X117.47 Y108.176 E493.18408
G1 X117.525 Y108.176 E493.18611
G1 X117.553 Y108.224 E493.18816
G0 F15000 X117.066 Y108.718
G1 F1472.9 X117.066 Y107.73 E493.22267
G1 X117.93 Y107.73 E493.25284
G1 X117.93 Y108.718 E493.28734
G1 X117.066 Y108.718 E493.31752
G0 F15000 X117.553 Y103.867
G1 F1393.3 X117.526 Y103.915 E493.31955
G1 X117.471 Y103.915 E493.32158
G1 X117.443 Y103.867 E493.32363
G1 X117.47 Y103.819 E493.32567
G1 X117.525 Y103.819 E493.3277
G1 X117.553 Y103.867 E493.32975
G0 F15000 X117.066 Y104.369
G1 F1472.9 X117.066 Y103.37 E493.36464
G1 X117.93 Y103.37 E493.39481
G1 X117.93 Y104.366 E493.42959
G1 X117.066 Y104.369 E493.45977
G0 F15000 X117.341 Y104.369
G1 F2700 E492.95977
G0 F15000 X117.825 Y109.248
G0 X117.825 Y110.353
G0 X117.825 Y112.331
G0 X117.825 Y113.436
G0 X117.821 Y114.071
;TYPE:FILL
G1 F2700 E493.45977
G1 F1472.9 X117.175 Y114.071 E493.48501
G1 X117.175 Y115.324 E493.53398
G1 X117.334 Y115.166 E493.54274
G1 X117.821 Y115.166 E493.56177
G1 X117.821 Y114.835 E493.57471
G1 X117.333 Y114.834 E493.59378
G1 X117.175 Y114.676 E493.60251
G1 X117.101 Y114.602
G0 F15000 X116.73 Y115
M204 S5000
;TYPE:WALL-INNER
G1 F1472.9 X116.73 Y116.374 E493.6505
G1 X118.266 Y116.374 E493.70414
G1 X118.266 Y113.626 E493.80011
G1 X116.73 Y113.626 E493.85375
G1 X116.73 Y115 E493.90173
M204 S10000
G0 F15000 X116.31 Y115
M204 S5000
;TYPE:WALL-OUTER
G1 F1472.9 X116.31 Y116.794 E493.96439
G1 X118.686 Y116.794 E494.04736
G1 X118.686 Y113.206 E494.17267
G1 X116.31 Y113.206 E494.25565
G1 X116.31 Y115 E494.3183
M204 S10000
G0 F15000 X116.31 Y115.2
G0 X117.341 Y115.2
G1 F2700 E493.8183
G0 F15000 X117.821 Y116.564
G0 X117.821 Y117.669
G0 X117.821 Y119.648
G0 X117.821 Y120.753
G0 X117.821 Y122.629
;TYPE:FILL
G1 F2700 E494.3183
G1 F1472.9 X117.175 Y122.629 E494.34354
G1 X117.175 Y124.188 E494.40447
G1 X117.334 Y124.029 E494.41326
G1 X117.821 Y124.029 E494.43229
G1 X117.821 Y123.697 E494.44527
G1 X117.333 Y123.697 E494.46434
G1 X117.175 Y123.539 E494.47307
G1 X117.101 Y123.465
G0 F15000 X116.991 Y121.203
G0 X116.73 Y120.942
M204 S5000
;TYPE:WALL-INNER
G1 F1472.9 X116.73 Y126.965 E494.68341
G1 X118.266 Y126.962 E494.73705
G1 X118.266 Y120.942 E494.94729
G1 X116.73 Y120.942 E495.00093
M204 S10000
G0 F15000 X116.31 Y120.522
M204 S5000
;TYPE:WALL-OUTER
G1 F1472.9 X116.31 Y127.385 E495.24061
G1 X118.686 Y127.382 E495.32359
G1 X118.686 Y120.522 E495.56316
G1 X116.31 Y120.522 E495.64614
M204 S10000
G0 F15000 X116.31 Y120.722
G0 X116.991 Y121.203
G0 X117.553 Y121.772
;TYPE:SKIN
G1 F1393.3 X117.526 Y121.82 E495.64817
G1 X117.471 Y121.82 E495.6502
G1 X117.443 Y121.772 E495.65225
G1 X117.47 Y121.724 E495.65429
G1 X117.525 Y121.724 E495.65632
G1 X117.553 Y121.772 E495.65837
G0 F15000 X117.066 Y121.278
G1 F1472.9 X117.93 Y121.278 E495.68854
G1 X117.93 Y122.266 E495.72305
G1 X117.066 Y122.266 E495.75322
G1 X117.066 Y121.278 E495.78772
G0 F15000 X117.553 Y126.128
G1 F1393.3 X117.526 Y126.176 E495.78976
G1 X117.471 Y126.176 E495.79179
G1 X117.443 Y126.128 E495.79384
G1 X117.47 Y126.08 E495.79587
G1 X117.525 Y126.08 E495.7979
G1 X117.553 Y126.128 E495.79995
G0 F15000 X117.066 Y125.63
G1 F1472.9 X117.93 Y125.63 E495.83013
G1 X117.93 Y126.626 E495.86491
G1 X117.066 Y126.626 E495.89508
G1 X117.066 Y125.63 E495.92987
G0 F15000 X117.341 Y125.63
G1 F2700 E495.42987
;MESH:NONMESH
G0 F600 Z26.4
G0 F15000 X117.821 Y120.753
G0 X117.821 Y119.648
G0 X119.552 Y117.657
G0 X119.552 Y112.343
G0 X117.828 Y110.353
G0 X117.828 Y109.248
G0 X117.821 Y104.416
;TIME_ELAPSED:697.764007
;LAYER:131
;note -- min layer time used
;TYPE:FILL
;MESH:Stickmaaaaan.obj
G1 F2700 E495.92987
G1 F1474.7 X117.175 Y104.418 E495.95511
G1 X117.175 Y106.461 E496.03496
G1 X117.334 Y106.303 E496.04372
G1 X117.821 Y106.303 E496.06275
G1 X117.821 Y105.972 E496.07568
G1 X117.333 Y105.971 E496.09476
G1 X117.175 Y105.813 E496.10349
G1 X117.101 Y105.739
G0 F15000 X116.991 Y108.494
G0 X116.73 Y108.754
M204 S5000
;TYPE:WALL-INNER
G1 F1474.7 X118.266 Y108.754 E496.15713
G1 X118.266 Y102.719 E496.36789
G1 X116.73 Y102.722 E496.42153
G1 X116.73 Y108.754 E496.63219
M204 S10000
G0 F15000 X116.31 Y109.174
M204 S5000
;TYPE:WALL-OUTER
G1 F1474.7 X118.686 Y109.174 E496.71517
G1 X118.686 Y102.299 E496.95526
G1 X116.31 Y102.302 E497.03824
G1 X116.31 Y109.174 E497.27823
M204 S10000
G0 F15000 X116.51 Y109.174
G0 X116.991 Y108.494
G0 X117.553 Y107.918
;TYPE:SKIN
G1 F1394.9 X117.526 Y107.966 E497.28027
G1 X117.471 Y107.966 E497.2823
G1 X117.443 Y107.918 E497.28435
G1 X117.47 Y107.87 E497.28638
G1 X117.525 Y107.87 E497.28841
G1 X117.553 Y107.918 E497.29046
G0 F15000 X117.066 Y108.418
G1 F1474.7 X117.066 Y107.418 E497.32539
G1 X117.93 Y107.418 E497.35556
G1 X117.93 Y108.418 E497.39048
G1 X117.066 Y108.418 E497.42066
G0 F15000 X117.553 Y103.553
G1 F1394.9 X117.526 Y103.601 E497.42269
G1 X117.471 Y103.601 E497.42472
G1 X117.443 Y103.553 E497.42677
G1 X117.47 Y103.505 E497.42881
G1 X117.525 Y103.505 E497.43084
G1 X117.553 Y103.553 E497.43289
G0 F15000 X117.066 Y104.057
G1 F1474.7 X117.066 Y103.054 E497.46792
G1 X117.93 Y103.054 E497.49809
G1 X117.93 Y104.054 E497.53301
G1 X117.066 Y104.057 E497.56319
G0 F15000 X117.341 Y104.057
G1 F2700 E497.06319
G0 F15000 X117.825 Y108.945
G0 X117.825 Y110.05
G0 X117.825 Y112.339
G0 X117.825 Y113.444
G0 X117.821 Y114.079
;TYPE:FILL
G1 F2700 E497.56319
G1 F1474.7 X117.175 Y114.079 E497.58843
G1 X117.175 Y115.324 E497.63709
G1 X117.333 Y115.166 E497.64582
G1 X117.822 Y115.166 E497.66493
G1 X117.821 Y114.834 E497.67791
G1 X117.333 Y114.834 E497.69698
G1 X117.175 Y114.676 E497.70571
G1 X117.101 Y114.602
G0 F15000 X116.73 Y115
M204 S5000
;TYPE:WALL-INNER
G1 F1474.7 X116.73 Y116.366 E497.75341
G1 X118.266 Y116.366 E497.80706
G1 X118.266 Y113.634 E497.90247
G1 X116.73 Y113.634 E497.95611
G1 X116.73 Y115 E498.00381
M204 S10000
G0 F15000 X116.31 Y115
M204 S5000
;TYPE:WALL-OUTER
G1 F1474.7 X116.31 Y116.786 E498.06619
G1 X118.686 Y116.786 E498.14916
G1 X118.686 Y113.214 E498.27391
G1 X116.31 Y113.214 E498.35689
G1 X116.31 Y115 E498.41926
M204 S10000
G0 F15000 X116.31 Y115.2
G0 X117.341 Y115.2
G1 F2700 E497.91926
G0 F15000 X117.821 Y116.556
G0 X117.821 Y117.661
G0 X117.821 Y119.951
G0 X117.821 Y121.056
G0 X117.821 Y122.941
;TYPE:FILL
G1 F2700 E498.41926
G1 F1474.7 X117.175 Y122.941 E498.4445
G1 X117.175 Y124.187 E498.4932
G1 X117.333 Y124.029 E498.50193
G1 X117.821 Y124.029 E498.521
G1 X117.821 Y123.697 E498.53398
G1 X117.333 Y123.697 E498.55305
G1 X117.175 Y123.539 E498.56178
G1 X117.101 Y123.465
G0 F15000 X116.991 Y121.506
G0 X116.73 Y121.246
M204 S5000
;TYPE:WALL-INNER
G1 F1474.7 X116.73 Y127.278 E498.77244
G1 X118.266 Y127.278 E498.82608
G1 X118.266 Y121.246 E499.03674
G1 X116.73 Y121.246 E499.09038
M204 S10000
G0 F15000 X116.31 Y120.826
M204 S5000
;TYPE:WALL-OUTER
G1 F1474.7 X116.31 Y127.698 E499.33037
G1 X118.686 Y127.698 E499.41335
G1 X118.686 Y120.826 E499.65334
G1 X116.31 Y120.826 E499.73632
M204 S10000
G0 F15000 X116.31 Y121.026
G0 X116.991 Y121.506
G0 X117.553 Y122.08
;TYPE:SKIN
G1 F1394.9 X117.526 Y122.128 E499.73835
G1 X117.471 Y122.128 E499.74038
G1 X117.443 Y122.08 E499.74243
G1 X117.47 Y122.032 E499.74447
G1 X117.525 Y122.032 E499.7465
G1 X117.553 Y122.08 E499.74855
G0 F15000 X117.066 Y121.582
G1 F1474.7 X117.93 Y121.582 E499.77872
G1 X117.93 Y122.578 E499.8135
G1 X117.066 Y122.578 E499.84368
G1 X117.066 Y121.582 E499.87846
G0 F15000 X117.553 Y126.443
G1 F1394.9 X117.526 Y126.491 E499.88049
G1 X117.471 Y126.491 E499.88253
G1 X117.443 Y126.443 E499.88458
G1 X117.47 Y126.395 E499.88661
G1 X117.525 Y126.395 E499.88864
G1 X117.553 Y126.443 E499.89069
G0 F15000 X117.066 Y125.946
G1 F1474.7 X117.93 Y125.943 E499.92087
G1 X117.93 Y126.942 E499.95575
G1 X117.066 Y126.942 E499.98593
G1 X117.066 Y125.946 E500.02071
G0 F15000 X117.341 Y125.946
G1 F2700 E499.52071
;MESH:NONMESH
G0 F600 Z26.6
G0 F15000 X117.821 Y121.056
G0 X117.821 Y119.951
G0 X119.552 Y117.649
G0 X119.552 Y112.351
G0 X117.829 Y110.05
G0 X117.829 Y108.945
G0 X117.821 Y104.104
;TIME_ELAPSED:703.569798
;LAYER:132
;note -- min layer time used
;TYPE:FILL
;MESH:Stickmaaaaan.obj
G1 F2700 E500.02071
G1 F1474.5 X117.175 Y104.105 E500.04596
G1 X117.175 Y106.461 E500.13803
G1 X117.334 Y106.303 E500.14679
G1 X117.821 Y106.303 E500.16582
G1 X117.821 Y105.972 E500.17876
G1 X117.332 Y105.971 E500.19787
G1 X117.175 Y105.814 E500.20655
G1 X117.101 Y105.74
G0 F15000 X116.991 Y108.181
G0 X116.73 Y108.438
M204 S5000
;TYPE:WALL-INNER
G1 F1474.5 X118.266 Y108.441 E500.26019
G1 X118.266 Y102.407 E500.47092
G1 X116.73 Y102.41 E500.52456
G1 X116.73 Y108.438 E500.73507
M204 S10000
G0 F15000 X116.31 Y108.858
M204 S5000
;TYPE:WALL-OUTER
G1 F1474.5 X118.686 Y108.861 E500.81805
G1 X118.686 Y101.987 E501.05811
G1 X116.31 Y101.99 E501.14109
G1 X116.31 Y108.858 E501.38094
M204 S10000
G0 F15000 X116.51 Y108.858
G0 X116.991 Y108.181
G0 X117.553 Y107.604
;TYPE:SKIN
G1 F1394.8 X117.526 Y107.652 E501.38298
G1 X117.471 Y107.652 E501.38501
G1 X117.443 Y107.604 E501.38706
G1 X117.47 Y107.556 E501.38909
G1 X117.525 Y107.556 E501.39112
G1 X117.553 Y107.604 E501.39317
G0 F15000 X117.066 Y108.102
G1 F1474.5 X117.066 Y107.106 E501.42796
G1 X117.93 Y107.106 E501.45813
G1 X117.93 Y108.102 E501.49291
G1 X117.066 Y108.102 E501.52309
G0 F15000 X117.553 Y103.242
G1 F1394.8 X117.526 Y103.29 E501.52512
G1 X117.471 Y103.29 E501.52715
G1 X117.443 Y103.242 E501.5292
G1 X117.47 Y103.194 E501.53124
G1 X117.525 Y103.194 E501.53327
G1 X117.553 Y103.242 E501.53532
G0 F15000 X117.066 Y103.742
G1 F1474.5 X117.066 Y102.742 E501.57024
G1 X117.93 Y102.742 E501.60041
G1 X117.93 Y103.742 E501.63534
G1 X117.066 Y103.742 E501.66551
G0 F15000 X117.341 Y103.742
G1 F2700 E501.16551
G0 F15000 X117.825 Y108.632
G0 X117.825 Y109.737
G0 X117.825 Y112.346
G0 X117.825 Y113.451
G0 X117.821 Y114.083
;TYPE:FILL
G1 F2700 E501.66551
G1 F1474.5 X117.175 Y114.083 E501.69076
G1 X117.175 Y115.325 E501.7393
G1 X117.333 Y115.167 E501.74803
G1 X117.821 Y115.166 E501.7671
G1 X117.821 Y114.835 E501.78004
G1 X117.334 Y114.835 E501.79907
G1 X117.175 Y114.676 E501.80786
G1 X117.101 Y114.602
G0 F15000 X116.73 Y115
M204 S5000
;TYPE:WALL-INNER
G1 F1474.5 X116.73 Y116.358 E501.85528
G1 X118.266 Y116.358 E501.90892
G1 X118.266 Y113.638 E502.00391
G1 X116.73 Y113.638 E502.05756
G1 X116.73 Y115 E502.10512
M204 S10000
G0 F15000 X116.31 Y115
M204 S5000
;TYPE:WALL-OUTER
G1 F1474.5 X116.31 Y116.778 E502.16721
G1 X118.686 Y116.778 E502.25019
G1 X118.686 Y113.218 E502.37452
G1 X116.31 Y113.218 E502.4575
G1 X116.31 Y115 E502.51973
M204 S10000
G0 F15000 X116.31 Y115.2
G0 X117.341 Y115.2
G1 F2700 E502.01973
G0 F15000 X117.821 Y116.549
G0 X117.821 Y117.654
G0 X117.821 Y120.264
G0 X117.821 Y121.369
G0 X117.821 Y123.253
;TYPE:FILL
G1 F2700 E502.51973
G1 F1474.5 X117.175 Y123.253 E502.54497
G1 X117.175 Y124.188 E502.58152
G1 X117.334 Y124.029 E502.5903
G1 X117.821 Y124.029 E502.60934
G1 X117.821 Y123.697 E502.62231
G1 X117.333 Y123.697 E502.64138
G1 X117.175 Y123.539 E502.65011
G1 X117.101 Y123.465
G0 F15000 X116.991 Y121.819
G0 X116.73 Y121.558
M204 S5000
;TYPE:WALL-INNER
G1 F1474.5 X116.73 Y127.59 E502.86077
G1 X118.266 Y127.59 E502.91441
G1 X118.266 Y121.558 E503.12507
G1 X116.73 Y121.558 E503.17871
M204 S10000
G0 F15000 X116.31 Y121.138
M204 S5000
;TYPE:WALL-OUTER
G1 F1474.5 X116.31 Y128.01 E503.4187
G1 X118.686 Y128.01 E503.50168
G1 X118.686 Y121.138 E503.74167
G1 X116.31 Y121.138 E503.82465
M204 S10000
G0 F15000 X116.31 Y121.338
G0 X116.991 Y121.819
G0 X117.553 Y122.392
;TYPE:SKIN
G1 F1394.8 X117.526 Y122.44 E503.82668
G1 X117.471 Y122.44 E503.82871
G1 X117.443 Y122.392 E503.83076
G1 X117.47 Y122.344 E503.8328
G1 X117.525 Y122.344 E503.83483
G1 X117.553 Y122.392 E503.83688
G0 F15000 X117.066 Y121.894
G1 F1474.5 X117.93 Y121.894 E503.86705
G1 X117.93 Y122.89 E503.90184
G1 X117.066 Y122.89 E503.93201
G1 X117.066 Y121.894 E503.96679
G0 F15000 X117.553 Y126.755
G1 F1394.8 X117.526 Y126.803 E503.96883
G1 X117.471 Y126.803 E503.97086
G1 X117.443 Y126.755 E503.97291
G1 X117.47 Y126.707 E503.97494
G1 X117.525 Y126.707 E503.97697
G1 X117.553 Y126.755 E503.97902
G0 F15000 X117.066 Y126.258
G1 F1474.5 X117.93 Y126.255 E504.0092
G1 X117.93 Y127.254 E504.04409
G1 X117.066 Y127.254 E504.07426
G1 X117.066 Y126.258 E504.10904
G0 F15000 X117.341 Y126.258
G1 F2700 E503.60904
;MESH:NONMESH
G0 F600 Z26.8
G0 F15000 X117.821 Y121.369
G0 X117.821 Y120.264
G0 X119.552 Y117.642
G0 X119.552 Y112.358
G0 X117.829 Y109.737
G0 X117.829 Y108.632
G0 X117.821 Y103.791
;TIME_ELAPSED:709.373106
;LAYER:133
;note -- min layer time used
;TYPE:FILL
;MESH:Stickmaaaaan.obj
G1 F2700 E504.10904
G1 F1533.6 X117.175 Y103.793 E504.13429
G1 X117.175 Y106.434 E504.2375
G1 X117.202 Y106.434 E504.23856
G1 X117.821 Y105.816 E504.27274
G1 X117.821 Y106.459 E504.29787
G1 X117.175 Y105.813 E504.33357
G1 X117.101 Y105.739
G0 F15000 X116.991 Y107.869
G0 X116.73 Y108.126
M204 S5000
;TYPE:WALL-INNER
G1 F1533.6 X118.266 Y108.129 E504.38721
G1 X118.266 Y102.094 E504.59798
G1 X116.73 Y102.094 E504.65162
G1 X116.73 Y108.126 E504.86227
M204 S10000
G0 F15000 X116.31 Y108.546
M204 S5000
;TYPE:WALL-OUTER
G1 F1533.6 X118.686 Y108.549 E504.94525
G1 X118.686 Y101.674 E505.18535
G1 X116.31 Y101.674 E505.26833
G1 X116.31 Y108.546 E505.50832
M204 S10000
G0 F15000 X116.51 Y108.546
G0 X116.991 Y107.869
G0 X117.553 Y107.292
;TYPE:SKIN
G1 F1450.7 X117.526 Y107.34 E505.51035
G1 X117.471 Y107.34 E505.51238
G1 X117.443 Y107.292 E505.51443
G1 X117.47 Y107.244 E505.51647
G1 X117.525 Y107.244 E505.5185
G1 X117.553 Y107.292 E505.52055
G0 F15000 X117.066 Y107.79
G1 F1533.6 X117.066 Y106.794 E505.55533
G1 X117.93 Y106.794 E505.5855
G1 X117.93 Y107.79 E505.62029
G1 X117.066 Y107.79 E505.65046
G0 F15000 X117.553 Y102.927
G1 F1450.7 X117.526 Y102.975 E505.6525
G1 X117.471 Y102.975 E505.65453
G1 X117.443 Y102.927 E505.65658
G1 X117.47 Y102.879 E505.65861
G1 X117.525 Y102.879 E505.66064
G1 X117.553 Y102.927 E505.66269
G0 F15000 X117.066 Y103.429
G1 F1533.6 X117.066 Y102.43 E505.69758
G1 X117.93 Y102.43 E505.72775
G1 X117.93 Y103.426 E505.76254
G1 X117.066 Y103.429 E505.79271
G0 F15000 X117.341 Y103.429
G1 F2700 E505.29271
G0 F15000 X117.825 Y108.32
G0 X117.825 Y109.425
G0 X117.825 Y112.354
G0 X117.825 Y113.459
G0 X117.821 Y114.091
;TYPE:FILL
G1 F2700 E505.79271
G1 F1533.6 X117.175 Y114.091 E505.81796
G1 X117.175 Y115.324 E505.86614
G1 X117.333 Y115.166 E505.87488
G1 X117.822 Y115.166 E505.89399
G1 X117.821 Y114.834 E505.90696
G1 X117.333 Y114.834 E505.92603
G1 X117.175 Y114.676 E505.93477
G1 X117.101 Y114.602
G0 F15000 X116.73 Y115
M204 S5000
;TYPE:WALL-INNER
G1 F1533.6 X116.73 Y116.35 E505.98191
G1 X118.266 Y116.35 E506.03555
G1 X118.266 Y113.646 E506.12999
G1 X116.73 Y113.646 E506.18363
G1 X116.73 Y115 E506.23091
M204 S10000
G0 F15000 X116.31 Y115
M204 S5000
;TYPE:WALL-OUTER
G1 F1533.6 X116.31 Y116.77 E506.29273
G1 X118.686 Y116.77 E506.37571
G1 X118.686 Y113.226 E506.49947
G1 X116.31 Y113.226 E506.58245
G1 X116.31 Y115 E506.6444
M204 S10000
G0 F15000 X116.31 Y115.2
G0 X117.341 Y115.2
G1 F2700 E506.1444
G0 F15000 X117.202 Y116.541
G0 X117.202 Y117.646
G0 X117.202 Y120.576
G0 X117.202 Y121.681
G0 X117.202 Y123.566
;TYPE:FILL
G1 F2700 E506.6444
G1 F1533.6 X117.821 Y123.566 E506.66859
G1 X117.797 Y123.565 E506.66953
G1 X117.175 Y124.187 E506.70391
G1 X117.175 Y126.209 E506.78293
G1 X117.821 Y126.207 E506.80818
G1 X117.821 Y124.185 E506.8872
G1 X117.202 Y123.566 E506.92141
G0 F15000 X116.991 Y122.131
G0 X116.73 Y121.87
M204 S5000
;TYPE:WALL-INNER
G1 F1533.6 X116.73 Y127.902 E507.13207
G1 X118.266 Y127.902 E507.18571
G1 X118.266 Y121.87 E507.39636
G1 X116.73 Y121.87 E507.45001
M204 S10000
G0 F15000 X116.31 Y121.45
M204 S5000
;TYPE:WALL-OUTER
G1 F1533.6 X116.31 Y128.322 E507.69
G1 X118.686 Y128.322 E507.77298
G1 X118.686 Y121.45 E508.01297
G1 X116.31 Y121.45 E508.09595
M204 S10000
G0 F15000 X116.31 Y121.65
G0 X116.991 Y122.131
G0 X117.553 Y122.704
;TYPE:SKIN
G1 F1450.7 X117.526 Y122.752 E508.09798
G1 X117.471 Y122.752 E508.10001
G1 X117.443 Y122.704 E508.10206
G1 X117.47 Y122.656 E508.10409
G1 X117.525 Y122.656 E508.10612
G1 X117.553 Y122.704 E508.10818
G0 F15000 X117.066 Y122.206
G1 F1533.6 X117.93 Y122.206 E508.13835
G1 X117.93 Y123.202 E508.17313
G1 X117.066 Y123.202 E508.20331
G1 X117.066 Y122.206 E508.23809
G0 F15000 X117.553 Y127.067
G1 F1450.7 X117.526 Y127.115 E508.24012
G1 X117.471 Y127.115 E508.24215
G1 X117.443 Y127.067 E508.24421
G1 X117.47 Y127.019 E508.24624
G1 X117.525 Y127.019 E508.24827
G1 X117.553 Y127.067 E508.25032
G0 F15000 X117.066 Y126.57
G1 F1533.6 X117.93 Y126.567 E508.28049
G1 X117.93 Y127.566 E508.31538
G1 X117.066 Y127.566 E508.34556
G1 X117.066 Y126.57 E508.38034
G0 F15000 X117.341 Y126.57
G1 F2700 E507.88034
;MESH:NONMESH
G0 F600 Z27
G0 F15000 X117.821 Y121.681
G0 X117.821 Y120.576
G0 X119.552 Y117.634
G0 X119.552 Y112.366
G0 X117.829 Y109.425
G0 X117.829 Y108.32
G0 X117.821 Y103.479
;TIME_ELAPSED:715.174445
;LAYER:134
;note -- min layer time used
;TYPE:FILL
;MESH:Stickmaaaaan.obj
G1 F2700 E508.38034
G1 F1514.1 X117.175 Y103.48 E508.40559
G1 X117.175 Y105.814 E508.4968
G1 X117.484 Y106.122 E508.51385
G1 X117.821 Y106.123 E508.52702
G1 X117.821 Y105.816 E508.53902
G1 X117.514 Y106.123 E508.55599
G1 X117.44 Y106.197
G0 F15000 X116.991 Y107.556
G0 X116.73 Y107.814
M204 S5000
;TYPE:WALL-INNER
G1 F1514.1 X118.266 Y107.814 E508.60963
G1 X118.266 Y101.782 E508.82028
G1 X116.73 Y101.782 E508.87393
G1 X116.73 Y107.814 E509.08458
M204 S10000
G0 F15000 X116.31 Y108.234
M204 S5000
;TYPE:WALL-OUTER
G1 F1514.1 X118.686 Y108.234 E509.16756
G1 X118.686 Y101.362 E509.40755
G1 X116.31 Y101.362 E509.49053
G1 X116.31 Y108.234 E509.73052
M204 S10000
G0 F15000 X116.51 Y108.234
G0 X116.991 Y107.556
G0 X117.553 Y106.98
;TYPE:SKIN
G1 F1432.3 X117.526 Y107.028 E509.73255
G1 X117.471 Y107.028 E509.73458
G1 X117.443 Y106.98 E509.73664
G1 X117.47 Y106.932 E509.73867
G1 X117.525 Y106.932 E509.7407
G1 X117.553 Y106.98 E509.74275
G0 F15000 X117.066 Y107.478
G1 F1514.1 X117.066 Y106.482 E509.77753
G1 X117.93 Y106.482 E509.80771
G1 X117.93 Y107.478 E509.84249
G1 X117.066 Y107.478 E509.87267
G0 F15000 X117.553 Y102.615
G1 F1432.3 X117.526 Y102.663 E509.8747
G1 X117.471 Y102.663 E509.87673
G1 X117.443 Y102.615 E509.87878
G1 X117.47 Y102.567 E509.88081
G1 X117.525 Y102.567 E509.88284
G1 X117.553 Y102.615 E509.8849
G0 F15000 X117.066 Y103.117
G1 F1514.1 X117.066 Y102.118 E509.91978
G1 X117.93 Y102.118 E509.94996
G1 X117.93 Y103.114 E509.98474
G1 X117.066 Y103.117 E510.01492
G0 F15000 X117.341 Y103.117
G1 F2700 E509.51492
G0 F15000 X117.826 Y108.007
G0 X117.826 Y109.112
G0 X117.826 Y112.362
G0 X117.826 Y113.467
G0 X117.821 Y114.099
;TYPE:FILL
G1 F2700 E510.01492
G1 F1514.1 X117.175 Y114.099 E510.04016
G1 X117.175 Y115.324 E510.08803
G1 X117.334 Y115.166 E510.0968
G1 X117.821 Y115.166 E510.11583
G1 X117.821 Y114.835 E510.12876
G1 X117.333 Y114.834 E510.14783
G1 X117.175 Y114.676 E510.15657
G1 X117.101 Y114.602
G0 F15000 X116.73 Y115
M204 S5000
;TYPE:WALL-INNER
G1 F1514.1 X116.73 Y116.342 E510.20343
G1 X118.266 Y116.342 E510.25708
G1 X118.266 Y113.654 E510.35095
G1 X116.73 Y113.654 E510.40459
G1 X116.73 Y115 E510.4516
M204 S10000
G0 F15000 X116.31 Y115
M204 S5000
;TYPE:WALL-OUTER
G1 F1514.1 X116.31 Y116.762 E510.51313
G1 X118.686 Y116.762 E510.59611
G1 X118.686 Y113.234 E510.71932
G1 X116.31 Y113.234 E510.8023
G1 X116.31 Y115 E510.86397
M204 S10000
G0 F15000 X116.31 Y115.2
G0 X117.341 Y115.2
G1 F2700 E510.36397
G0 F15000 X117.484 Y116.533
G0 X117.484 Y117.638
G0 X117.484 Y120.889
G0 X117.484 Y121.994
G0 X117.484 Y123.878
;TYPE:FILL
G1 F2700 E510.86397
G1 F1514.1 X117.821 Y123.878 E510.87714
G1 X117.514 Y123.878 E510.88914
G1 X117.821 Y124.185 E510.90611
G1 X117.821 Y126.52 E510.99736
G1 X117.175 Y126.521 E511.0226
G1 X117.175 Y124.188 E511.11378
G1 X117.484 Y123.878 E511.13089
G0 F15000 X116.991 Y122.444
G0 X116.73 Y122.182
M204 S5000
;TYPE:WALL-INNER
G1 F1514.1 X116.73 Y128.214 E511.34154
G1 X118.266 Y128.214 E511.39518
G1 X118.266 Y122.182 E511.60584
G1 X116.73 Y122.182 E511.65948
M204 S10000
G0 F15000 X116.31 Y121.762
M204 S5000
;TYPE:WALL-OUTER
G1 F1514.1 X116.31 Y128.634 E511.89947
G1 X118.686 Y128.634 E511.98245
G1 X118.686 Y121.762 E512.22244
G1 X116.31 Y121.762 E512.30542
M204 S10000
G0 F15000 X116.31 Y121.962
G0 X116.991 Y122.444
G0 X117.553 Y123.016
;TYPE:SKIN
G1 F1432.3 X117.526 Y123.064 E512.30745
G1 X117.471 Y123.064 E512.30948
G1 X117.443 Y123.016 E512.31154
G1 X117.47 Y122.968 E512.31357
G1 X117.525 Y122.968 E512.3156
G1 X117.553 Y123.016 E512.31765
G0 F15000 X117.066 Y122.518
G1 F1514.1 X117.93 Y122.518 E512.34782
G1 X117.93 Y123.514 E512.38261
G1 X117.066 Y123.514 E512.41278
G1 X117.066 Y122.518 E512.44757
G0 F15000 X117.553 Y127.379
G1 F1432.3 X117.526 Y127.427 E512.4496
G1 X117.471 Y127.427 E512.45163
G1 X117.443 Y127.379 E512.45368
G1 X117.47 Y127.331 E512.45571
G1 X117.525 Y127.331 E512.45774
G1 X117.553 Y127.379 E512.4598
G0 F15000 X117.066 Y126.882
G1 F1514.1 X117.93 Y126.879 E512.48997
G1 X117.93 Y127.878 E512.52486
G1 X117.066 Y127.878 E512.55503
G1 X117.066 Y126.882 E512.58982
G0 F15000 X117.341 Y126.882
G1 F2700 E512.08982
;MESH:NONMESH
G0 F600 Z27.2
G0 F15000 X117.021 Y121.994
G0 X117.021 Y120.889
G0 X115.448 Y117.626
G0 X115.448 Y112.374
G0 X117.03 Y109.112
G0 X117.03 Y108.007
G0 X117.021 Y107.502
G0 X116.73 Y107.502
;TIME_ELAPSED:720.949980
;LAYER:135
;note -- min layer time used
M204 S5000
;TYPE:WALL-INNER
;MESH:Stickmaaaaan.obj
G1 F2700 E512.58982
G1 F1358.2 X118.266 Y107.502 E512.64346
G1 X118.266 Y101.47 E512.85411
G1 X116.73 Y101.47 E512.90776
G1 X116.73 Y107.502 E513.11841
M204 S10000
G0 F15000 X116.31 Y107.922
M204 S5000
;TYPE:WALL-OUTER
G1 F1358.2 X118.686 Y107.922 E513.20139
G1 X118.686 Y101.05 E513.44138
G1 X116.31 Y101.05 E513.52436
G1 X116.31 Y107.922 E513.76435
M204 S10000
G0 F15000 X116.51 Y107.922
G0 X116.991 Y107.244
G0 X117.553 Y106.668
;TYPE:SKIN
G1 F1284.8 X117.526 Y106.716 E513.76638
G1 X117.471 Y106.716 E513.76841
G1 X117.443 Y106.668 E513.77047
G1 X117.47 Y106.62 E513.7725
G1 X117.525 Y106.62 E513.77453
G1 X117.553 Y106.668 E513.77658
G0 F15000 X117.066 Y107.166
G1 F1358.2 X117.066 Y106.17 E513.81136
G1 X117.93 Y106.17 E513.84154
G1 X117.93 Y107.166 E513.87632
G1 X117.066 Y107.166 E513.90649
G0 F15000 X117.553 Y102.303
G1 F1284.8 X117.526 Y102.351 E513.90853
G1 X117.471 Y102.351 E513.91056
G1 X117.443 Y102.303 E513.91261
G1 X117.47 Y102.255 E513.91464
G1 X117.525 Y102.255 E513.91667
G1 X117.553 Y102.303 E513.91873
G0 F15000 X117.066 Y102.805
G1 F1358.2 X117.066 Y101.806 E513.95361
G1 X117.93 Y101.806 E513.98379
G1 X117.93 Y102.802 E514.01857
G1 X117.066 Y102.805 E514.04874
G0 F15000 X117.341 Y102.805
G1 F2700 E513.54874
G0 F15000 X117.826 Y107.695
G0 X117.826 Y108.8
G0 X117.826 Y112.37
G0 X117.826 Y113.475
G0 X117.821 Y114.107
;TYPE:FILL
G1 F2700 E514.04874
G1 F1358.2 X117.175 Y114.107 E514.07399
G1 X117.175 Y115.325 E514.12159
G1 X117.333 Y115.167 E514.13032
G1 X117.821 Y115.166 E514.14939
G1 X117.821 Y114.835 E514.16233
G1 X117.334 Y114.835 E514.18136
G1 X117.175 Y114.676 E514.19015
G1 X117.101 Y114.602
G0 F15000 X116.73 Y115
M204 S5000
;TYPE:WALL-INNER
G1 F1358.2 X116.73 Y116.334 E514.23674
G1 X118.266 Y116.334 E514.29038
G1 X118.266 Y113.662 E514.38369
G1 X116.73 Y113.662 E514.43734
G1 X116.73 Y115 E514.48406
M204 S10000
G0 F15000 X116.31 Y115
M204 S5000
;TYPE:WALL-OUTER
G1 F1358.2 X116.31 Y116.754 E514.54532
G1 X118.686 Y116.754 E514.6283
G1 X118.686 Y113.242 E514.75095
G1 X116.31 Y113.242 E514.83392
G1 X116.31 Y115 E514.89532
M204 S10000
G0 F15000 X116.31 Y115.2
G0 X117.341 Y115.2
G1 F2700 E514.39532
G0 F15000 X117.021 Y116.525
G0 X117.021 Y117.63
G0 X117.021 Y121.201
G0 X117.021 Y122.306
G0 X116.73 Y122.494
M204 S5000
;TYPE:WALL-INNER
G1 F2700 E514.89532
G1 F1358.2 X116.73 Y128.526 E515.10597
G1 X118.266 Y128.526 E515.15962
G1 X118.266 Y122.494 E515.37027
G1 X116.73 Y122.494 E515.42392
M204 S10000
G0 F15000 X116.31 Y122.074
M204 S5000
;TYPE:WALL-OUTER
G1 F1358.2 X116.31 Y128.946 E515.66391
G1 X118.686 Y128.946 E515.74688
G1 X118.686 Y122.074 E515.98688
G1 X116.31 Y122.074 E516.06985
M204 S10000
G0 F15000 X116.31 Y122.274
G0 X116.991 Y122.756
G0 X117.553 Y123.33
;TYPE:SKIN
G1 F1284.8 X117.526 Y123.378 E516.07189
G1 X117.471 Y123.378 E516.07392
G1 X117.443 Y123.33 E516.07597
G1 X117.47 Y123.282 E516.078
G1 X117.525 Y123.282 E516.08003
G1 X117.553 Y123.33 E516.08208
G0 F15000 X117.066 Y122.83
G1 F1358.2 X117.93 Y122.83 E516.11226
G1 X117.93 Y123.83 E516.14718
G1 X117.066 Y123.83 E516.17735
G1 X117.066 Y122.83 E516.21228
G0 F15000 X117.553 Y127.691
G1 F1284.8 X117.526 Y127.739 E516.21431
G1 X117.471 Y127.739 E516.21634
G1 X117.443 Y127.691 E516.21839
G1 X117.47 Y127.643 E516.22043
G1 X117.525 Y127.643 E516.22246
G1 X117.553 Y127.691 E516.22451
G0 F15000 X117.066 Y127.194
G1 F1358.2 X117.93 Y127.191 E516.25468
G1 X117.93 Y128.19 E516.28957
G1 X117.066 Y128.19 E516.31974
G1 X117.066 Y127.194 E516.35453
G0 F15000 X117.341 Y127.194
G1 F2700 E515.85453
;MESH:NONMESH
G0 F600 Z27.4
G0 F15000 X117.021 Y122.306
G0 X117.021 Y121.201
G0 X115.448 Y117.618
G0 X115.448 Y112.382
G0 X117.03 Y108.8
G0 X117.03 Y107.695
G0 X117.021 Y107.19
G0 X116.73 Y107.19
;TIME_ELAPSED:726.665216
;LAYER:136
;note -- min layer time used
M204 S5000
;TYPE:WALL-INNER
;MESH:Stickmaaaaan.obj
G1 F2700 E516.35453
G1 F1359.7 X118.266 Y107.19 E516.40817
G1 X118.266 Y101.158 E516.61883
G1 X116.73 Y101.158 E516.67247
G1 X116.73 Y107.19 E516.88312
M204 S10000
G0 F15000 X116.31 Y107.61
M204 S5000
;TYPE:WALL-OUTER
G1 F1359.7 X118.686 Y107.61 E516.9661
G1 X118.686 Y100.738 E517.20609
G1 X116.31 Y100.738 E517.28907
G1 X116.31 Y107.61 E517.52906
M204 S10000
G0 F15000 X116.51 Y107.61
G0 X116.991 Y106.932
G0 X117.553 Y106.356
;TYPE:SKIN
G1 F1286.2 X117.526 Y106.404 E517.5311
G1 X117.471 Y106.404 E517.53313
G1 X117.443 Y106.356 E517.53518
G1 X117.47 Y106.308 E517.53721
G1 X117.525 Y106.308 E517.53924
G1 X117.553 Y106.356 E517.54129
G0 F15000 X117.066 Y106.854
G1 F1359.7 X117.066 Y105.858 E517.57608
G1 X117.93 Y105.858 E517.60625
G1 X117.93 Y106.854 E517.64103
G1 X117.066 Y106.854 E517.67121
G0 F15000 X117.553 Y101.991
G1 F1286.2 X117.526 Y102.039 E517.67324
G1 X117.471 Y102.039 E517.67527
G1 X117.443 Y101.991 E517.67732
G1 X117.47 Y101.943 E517.67936
G1 X117.525 Y101.943 E517.68139
G1 X117.553 Y101.991 E517.68344
G0 F15000 X117.066 Y102.493
G1 F1359.7 X117.066 Y101.494 E517.71833
G1 X117.93 Y101.494 E517.7485
G1 X117.93 Y102.49 E517.78328
G1 X117.066 Y102.493 E517.81346
G0 F15000 X117.341 Y102.493
G1 F2700 E517.31346
G0 F15000 X117.826 Y107.383
G0 X117.826 Y108.488
G0 X117.826 Y112.37
G0 X117.826 Y113.475
G0 X117.821 Y114.107
;TYPE:FILL
G1 F2700 E517.81346
G1 F1359.7 X117.175 Y114.107 E517.8387
G1 X117.175 Y115.325 E517.8863
G1 X117.333 Y115.167 E517.89504
G1 X117.821 Y115.166 E517.91411
G1 X117.821 Y114.835 E517.92704
G1 X117.334 Y114.835 E517.94607
G1 X117.175 Y114.676 E517.95486
G1 X117.101 Y114.602
G0 F15000 X116.73 Y115
M204 S5000
;TYPE:WALL-INNER
G1 F1359.7 X116.73 Y116.334 E518.00145
G1 X118.266 Y116.334 E518.05509
G1 X118.266 Y113.662 E518.14841
G1 X116.73 Y113.662 E518.20205
G1 X116.73 Y115 E518.24878
M204 S10000
G0 F15000 X116.31 Y115
M204 S5000
;TYPE:WALL-OUTER
G1 F1359.7 X116.31 Y116.754 E518.31003
G1 X118.686 Y116.754 E518.39301
G1 X118.686 Y113.242 E518.51566
G1 X116.31 Y113.242 E518.59864
G1 X116.31 Y115 E518.66003
M204 S10000
G0 F15000 X116.31 Y115.2
G0 X117.341 Y115.2
G1 F2700 E518.16003
G0 F15000 X117.021 Y116.525
G0 X117.021 Y117.63
G0 X117.021 Y121.513
G0 X117.021 Y122.618
G0 X116.73 Y122.806
M204 S5000
;TYPE:WALL-INNER
G1 F2700 E518.66003
G1 F1359.7 X116.73 Y128.838 E518.87069
G1 X118.266 Y128.838 E518.92433
G1 X118.266 Y122.806 E519.13499
G1 X116.73 Y122.806 E519.18863
M204 S10000
G0 F15000 X116.31 Y122.386
M204 S5000
;TYPE:WALL-OUTER
G1 F1359.7 X116.31 Y129.258 E519.42862
G1 X118.686 Y129.258 E519.5116
G1 X118.686 Y122.386 E519.75159
G1 X116.31 Y122.386 E519.83457
M204 S10000
G0 F15000 X116.31 Y122.586
G0 X116.991 Y123.068
G0 X117.553 Y123.642
;TYPE:SKIN
G1 F1286.2 X117.526 Y123.69 E519.8366
G1 X117.471 Y123.69 E519.83863
G1 X117.443 Y123.642 E519.84068
G1 X117.47 Y123.594 E519.84271
G1 X117.525 Y123.594 E519.84474
G1 X117.553 Y123.642 E519.8468
G0 F15000 X117.066 Y123.142
G1 F1359.7 X117.93 Y123.142 E519.87697
G1 X117.93 Y124.142 E519.91189
G1 X117.066 Y124.142 E519.94207
G1 X117.066 Y123.142 E519.97699
G0 F15000 X117.553 Y128.003
G1 F1286.2 X117.526 Y128.051 E519.97902
G1 X117.471 Y128.051 E519.98105
G1 X117.443 Y128.003 E519.98311
G1 X117.47 Y127.955 E519.98514
G1 X117.525 Y127.955 E519.98717
G1 X117.553 Y128.003 E519.98922
G0 F15000 X117.066 Y127.506
G1 F1359.7 X117.93 Y127.503 E520.01939
G1 X117.93 Y128.502 E520.05428
G1 X117.066 Y128.502 E520.08446
G1 X117.066 Y127.506 E520.11924
G0 F15000 X117.341 Y127.506
G1 F2700 E519.61924
;MESH:NONMESH
G0 F600 Z27.6
G0 F15000 X117.021 Y122.618
G0 X117.021 Y121.513
G0 X115.448 Y117.618
G0 X115.448 Y112.382
G0 X117.03 Y108.488
G0 X117.03 Y107.383
G0 X117.021 Y106.878
G0 X116.73 Y106.878
;TIME_ELAPSED:732.379968
;LAYER:137
;note -- min layer time used
M204 S5000
;TYPE:WALL-INNER
;MESH:Stickmaaaaan.obj
G1 F2700 E520.11924
G1 F1361.1 X118.266 Y106.878 E520.17288
G1 X118.266 Y100.846 E520.38354
G1 X116.73 Y100.846 E520.43718
G1 X116.73 Y106.878 E520.64784
M204 S10000
G0 F15000 X116.31 Y107.298
M204 S5000
;TYPE:WALL-OUTER
G1 F1361.1 X118.686 Y107.298 E520.73081
G1 X118.686 Y100.426 E520.97081
G1 X116.31 Y100.426 E521.05378
G1 X116.31 Y107.298 E521.29377
M204 S10000
G0 F15000 X116.51 Y107.298
G0 X116.991 Y106.619
G0 X117.553 Y106.043
;TYPE:SKIN
G1 F1287.5 X117.526 Y106.091 E521.29581
G1 X117.471 Y106.091 E521.29784
G1 X117.443 Y106.043 E521.29989
G1 X117.47 Y105.995 E521.30192
G1 X117.525 Y105.995 E521.30395
G1 X117.553 Y106.043 E521.30601
G0 F15000 X117.066 Y106.542
G1 F1361.1 X117.066 Y105.543 E521.34089
G1 X117.93 Y105.546 E521.37107
G1 X117.93 Y106.542 E521.40585
G1 X117.066 Y106.542 E521.43602
G0 F15000 X117.553 Y101.679
G1 F1287.5 X117.526 Y101.727 E521.43806
G1 X117.471 Y101.727 E521.44009
G1 X117.443 Y101.679 E521.44214
G1 X117.47 Y101.631 E521.44417
G1 X117.525 Y101.631 E521.4462
G1 X117.553 Y101.679 E521.44825
G0 F15000 X117.066 Y102.181
G1 F1361.1 X117.066 Y101.182 E521.48314
G1 X117.93 Y101.182 E521.51332
G1 X117.93 Y102.178 E521.5481
G1 X117.066 Y102.181 E521.57827
G0 F15000 X117.341 Y102.181
G1 F2700 E521.07827
G0 F15000 X117.826 Y107.07
G0 X117.826 Y108.175
G0 X117.826 Y112.37
G0 X117.826 Y113.475
G0 X117.821 Y114.107
;TYPE:FILL
G1 F2700 E521.57827
G1 F1361.1 X117.175 Y114.107 E521.60352
G1 X117.175 Y115.325 E521.65112
G1 X117.333 Y115.167 E521.65985
G1 X117.821 Y115.166 E521.67892
G1 X117.821 Y114.835 E521.69186
G1 X117.334 Y114.835 E521.71089
G1 X117.175 Y114.676 E521.71968
G1 X117.101 Y114.602
G0 F15000 X116.73 Y115
M204 S5000
;TYPE:WALL-INNER
G1 F1361.1 X116.73 Y116.334 E521.76627
G1 X118.266 Y116.334 E521.81991
G1 X118.266 Y113.662 E521.91322
G1 X116.73 Y113.662 E521.96687
G1 X116.73 Y115 E522.01359
M204 S10000
G0 F15000 X116.31 Y115
M204 S5000
;TYPE:WALL-OUTER
G1 F1361.1 X116.31 Y116.754 E522.07485
G1 X118.686 Y116.754 E522.15783
G1 X118.686 Y113.242 E522.28048
G1 X116.31 Y113.242 E522.36345
G1 X116.31 Y115 E522.42485
M204 S10000
G0 F15000 X116.31 Y115.2
G0 X117.341 Y115.2
G1 F2700 E521.92485
G0 F15000 X117.021 Y116.525
G0 X117.021 Y117.63
G0 X117.021 Y121.826
G0 X117.021 Y122.931
G0 X116.73 Y123.118
M204 S5000
;TYPE:WALL-INNER
G1 F2700 E522.42485
G1 F1361.1 X116.73 Y129.153 E522.63561
G1 X118.266 Y129.15 E522.68925
G1 X118.266 Y123.118 E522.89991
G1 X116.73 Y123.118 E522.95355
M204 S10000
G0 F15000 X116.31 Y122.698
M204 S5000
;TYPE:WALL-OUTER
G1 F1361.1 X116.31 Y129.573 E523.19365
G1 X118.686 Y129.57 E523.27662
G1 X118.686 Y122.698 E523.51662
G1 X116.31 Y122.698 E523.59959
M204 S10000
G0 F15000 X116.31 Y122.898
G0 X116.991 Y123.381
G0 X117.553 Y123.954
;TYPE:SKIN
G1 F1287.5 X117.526 Y124.002 E523.60163
G1 X117.471 Y124.002 E523.60366
G1 X117.443 Y123.954 E523.60571
G1 X117.47 Y123.906 E523.60774
G1 X117.525 Y123.906 E523.60977
G1 X117.553 Y123.954 E523.61182
G0 F15000 X117.066 Y123.454
G1 F1361.1 X117.93 Y123.454 E523.642
G1 X117.93 Y124.454 E523.67692
G1 X117.066 Y124.454 E523.70709
G1 X117.066 Y123.454 E523.74202
G0 F15000 X117.553 Y128.317
G1 F1287.5 X117.526 Y128.365 E523.74405
G1 X117.471 Y128.365 E523.74608
G1 X117.443 Y128.317 E523.74813
G1 X117.47 Y128.269 E523.75017
G1 X117.525 Y128.269 E523.7522
G1 X117.553 Y128.317 E523.75425
G0 F15000 X117.066 Y127.822
G1 F1361.1 X117.93 Y127.819 E523.78442
G1 X117.93 Y128.814 E523.81917
G1 X117.066 Y128.814 E523.84934
G1 X117.066 Y127.822 E523.88399
G0 F15000 X117.341 Y127.822
G1 F2700 E523.38399
;MESH:NONMESH
G0 F600 Z27.8
G0 F15000 X117.021 Y122.931
G0 X117.021 Y121.826
G0 X115.448 Y117.618
G0 X115.448 Y112.382
G0 X117.031 Y108.175
G0 X117.031 Y107.07
G0 X117.021 Y106.566
G0 X116.73 Y106.566
;TIME_ELAPSED:738.094128
;LAYER:138
;note -- min layer time used
M204 S5000
;TYPE:WALL-INNER
;MESH:Stickmaaaaan.obj
G1 F2700 E523.88399
G1 F1362.6 X118.266 Y106.566 E523.93763
G1 X118.266 Y100.534 E524.14829
G1 X116.73 Y100.534 E524.20193
G1 X116.73 Y106.566 E524.41258
M204 S10000
G0 F15000 X116.31 Y106.986
M204 S5000
;TYPE:WALL-OUTER
G1 F1362.6 X118.686 Y106.986 E524.49556
G1 X118.686 Y100.114 E524.73555
G1 X116.31 Y100.114 E524.81853
G1 X116.31 Y106.986 E525.05852
M204 S10000
G0 F15000 X116.51 Y106.986
G0 X116.991 Y106.307
G0 X117.553 Y105.731
;TYPE:SKIN
G1 F1289 X117.526 Y105.779 E525.06056
G1 X117.471 Y105.779 E525.06259
G1 X117.443 Y105.731 E525.06464
G1 X117.47 Y105.683 E525.06667
G1 X117.525 Y105.683 E525.0687
G1 X117.553 Y105.731 E525.07075
G0 F15000 X117.066 Y106.23
G1 F1362.6 X117.066 Y105.231 E525.10564
G1 X117.93 Y105.234 E525.13581
G1 X117.93 Y106.23 E525.1706
G1 X117.066 Y106.23 E525.20077
G0 F15000 X117.553 Y101.367
G1 F1289 X117.526 Y101.415 E525.2028
G1 X117.471 Y101.415 E525.20484
G1 X117.443 Y101.367 E525.20689
G1 X117.47 Y101.319 E525.20892
G1 X117.525 Y101.319 E525.21095
G1 X117.553 Y101.367 E525.213
G0 F15000 X117.066 Y101.869
G1 F1362.6 X117.066 Y100.87 E525.24789
G1 X117.93 Y100.87 E525.27806
G1 X117.93 Y101.866 E525.31285
G1 X117.066 Y101.869 E525.34302
G0 F15000 X117.341 Y101.869
G1 F2700 E524.84302
G0 F15000 X117.826 Y106.758
G0 X117.826 Y107.863
G0 X117.826 Y112.37
G0 X117.826 Y113.475
G0 X117.821 Y114.107
;TYPE:FILL
G1 F2700 E525.34302
G1 F1362.6 X117.175 Y114.107 E525.36827
G1 X117.175 Y115.325 E525.41587
G1 X117.333 Y115.167 E525.4246
G1 X117.821 Y115.166 E525.44367
G1 X117.821 Y114.835 E525.45661
G1 X117.334 Y114.835 E525.47564
G1 X117.175 Y114.676 E525.48443
G1 X117.101 Y114.602
G0 F15000 X116.73 Y115
M204 S5000
;TYPE:WALL-INNER
G1 F1362.6 X116.73 Y116.334 E525.53101
G1 X118.266 Y116.334 E525.58466
G1 X118.266 Y113.662 E525.67797
G1 X116.73 Y113.662 E525.73161
G1 X116.73 Y115 E525.77834
M204 S10000
G0 F15000 X116.31 Y115
M204 S5000
;TYPE:WALL-OUTER
G1 F1362.6 X116.31 Y116.754 E525.8396
G1 X118.686 Y116.754 E525.92257
G1 X118.686 Y113.242 E526.04522
G1 X116.31 Y113.242 E526.1282
G1 X116.31 Y115 E526.1896
M204 S10000
G0 F15000 X116.31 Y115.2
G0 X117.341 Y115.2
G1 F2700 E525.6896
G0 F15000 X117.021 Y116.525
G0 X117.021 Y117.63
G0 X117.021 Y122.138
G0 X117.021 Y123.243
G0 X116.73 Y123.43
M204 S5000
;TYPE:WALL-INNER
G1 F2700 E526.1896
G1 F1362.6 X116.73 Y129.465 E526.40036
G1 X118.266 Y129.462 E526.454
G1 X118.266 Y123.43 E526.66465
G1 X116.73 Y123.43 E526.7183
M204 S10000
G0 F15000 X116.31 Y123.01
M204 S5000
;TYPE:WALL-OUTER
G1 F1362.6 X116.31 Y129.885 E526.95839
G1 X118.686 Y129.882 E527.04137
G1 X118.686 Y123.01 E527.28136
G1 X116.31 Y123.01 E527.36434
M204 S10000
G0 F15000 X116.31 Y123.21
G0 X116.991 Y123.693
G0 X117.553 Y124.266
;TYPE:SKIN
G1 F1289 X117.526 Y124.314 E527.36637
G1 X117.471 Y124.314 E527.3684
G1 X117.443 Y124.266 E527.37046
G1 X117.47 Y124.218 E527.37249
G1 X117.525 Y124.218 E527.37452
G1 X117.553 Y124.266 E527.37657
G0 F15000 X117.066 Y123.766
G1 F1362.6 X117.93 Y123.766 E527.40674
G1 X117.93 Y124.766 E527.44167
G1 X117.066 Y124.766 E527.47184
G1 X117.066 Y123.766 E527.50676
G0 F15000 X117.553 Y128.628
G1 F1289 X117.526 Y128.676 E527.5088
G1 X117.471 Y128.676 E527.51083
G1 X117.443 Y128.628 E527.51288
G1 X117.47 Y128.58 E527.51491
G1 X117.525 Y128.58 E527.51694
G1 X117.553 Y128.628 E527.51899
G0 F15000 X117.066 Y128.13
G1 F1362.6 X117.93 Y128.13 E527.54917
G1 X117.93 Y129.126 E527.58395
G1 X117.066 Y129.126 E527.61413
G1 X117.066 Y128.13 E527.64891
G0 F15000 X117.341 Y128.13
G1 F2700 E527.14891
;MESH:NONMESH
G0 F600 Z28
G0 F15000 X117.021 Y123.243
G0 X117.021 Y122.138
G0 X115.448 Y117.618
G0 X115.448 Y112.382
G0 X117.031 Y107.863
G0 X117.031 Y106.758
G0 X117.021 Y106.254
G0 X116.73 Y106.254
;TIME_ELAPSED:743.807645
;LAYER:139
;note -- min layer time used
M204 S5000
;TYPE:WALL-INNER
;MESH:Stickmaaaaan.obj
G1 F2700 E527.64891
G1 F1363.7 X118.266 Y106.254 E527.70255
G1 X118.266 Y100.222 E527.91321
G1 X116.73 Y100.222 E527.96685
G1 X116.73 Y106.254 E528.17751
M204 S10000
G0 F15000 X116.31 Y106.674
M204 S5000
;TYPE:WALL-OUTER
G1 F1363.7 X118.686 Y106.674 E528.26048
G1 X118.686 Y99.802 E528.50047
G1 X116.31 Y99.802 E528.58345
G1 X116.31 Y106.674 E528.82344
M204 S10000
G0 F15000 X116.51 Y106.674
G0 X116.991 Y105.994
G0 X117.553 Y105.418
;TYPE:SKIN
G1 F1290 X117.526 Y105.466 E528.82548
G1 X117.471 Y105.466 E528.82751
G1 X117.443 Y105.418 E528.82956
G1 X117.47 Y105.37 E528.83159
G1 X117.525 Y105.37 E528.83362
G1 X117.553 Y105.418 E528.83567
G0 F15000 X117.066 Y105.918
G1 F1363.7 X117.066 Y104.918 E528.8706
G1 X117.93 Y104.918 E528.90077
G1 X117.93 Y105.918 E528.93569
G1 X117.066 Y105.918 E528.96587
G0 F15000 X117.553 Y101.056
G1 F1290 X117.526 Y101.104 E528.9679
G1 X117.471 Y101.104 E528.96993
G1 X117.443 Y101.056 E528.97198
G1 X117.47 Y101.008 E528.97402
G1 X117.525 Y101.008 E528.97605
G1 X117.553 Y101.056 E528.9781
G0 F15000 X117.066 Y101.554
G1 F1363.7 X117.066 Y100.558 E529.01288
G1 X117.93 Y100.558 E529.04306
G1 X117.93 Y101.554 E529.07784
G1 X117.066 Y101.554 E529.10801
G0 F15000 X117.341 Y101.554
G1 F2700 E528.60801
G0 F15000 X117.826 Y106.445
G0 X117.826 Y107.55
G0 X117.826 Y112.37
G0 X117.826 Y113.475
G0 X117.821 Y114.107
;TYPE:FILL
G1 F2700 E529.10801
G1 F1363.7 X117.175 Y114.107 E529.13326
G1 X117.175 Y115.325 E529.18086
G1 X117.333 Y115.167 E529.18959
G1 X117.821 Y115.166 E529.20866
G1 X117.821 Y114.835 E529.2216
G1 X117.334 Y114.835 E529.24063
G1 X117.175 Y114.676 E529.24942
G1 X117.101 Y114.602
G0 F15000 X116.73 Y115
M204 S5000
;TYPE:WALL-INNER
G1 F1363.7 X116.73 Y116.334 E529.29601
G1 X118.266 Y116.334 E529.34965
G1 X118.266 Y113.662 E529.44296
G1 X116.73 Y113.662 E529.4966
G1 X116.73 Y115 E529.54333
M204 S10000
G0 F15000 X116.31 Y115
M204 S5000
;TYPE:WALL-OUTER
G1 F1363.7 X116.31 Y116.754 E529.60459
G1 X118.686 Y116.754 E529.68756
G1 X118.686 Y113.242 E529.81021
G1 X116.31 Y113.242 E529.89319
G1 X116.31 Y115 E529.95459
M204 S10000
G0 F15000 X116.31 Y115.2
G0 X117.341 Y115.2
G1 F2700 E529.45459
G0 F15000 X117.021 Y116.525
G0 X117.021 Y117.63
G0 X117.021 Y122.451
G0 X117.021 Y123.556
G0 X116.73 Y123.746
M204 S5000
;TYPE:WALL-INNER
G1 F2700 E529.95459
G1 F1363.7 X116.73 Y129.777 E530.16521
G1 X118.266 Y129.774 E530.21885
G1 X118.266 Y123.746 E530.42937
G1 X116.73 Y123.746 E530.48301
M204 S10000
G0 F15000 X116.31 Y123.326
M204 S5000
;TYPE:WALL-OUTER
G1 F1363.7 X116.31 Y130.197 E530.72297
G1 X118.686 Y130.194 E530.80594
G1 X118.686 Y123.326 E531.0458
G1 X116.31 Y123.326 E531.12877
M204 S10000
G0 F15000 X116.31 Y123.526
G0 X116.991 Y124.006
G0 X117.553 Y124.58
;TYPE:SKIN
G1 F1290 X117.526 Y124.628 E531.13081
G1 X117.471 Y124.628 E531.13284
G1 X117.443 Y124.58 E531.13489
G1 X117.47 Y124.532 E531.13692
G1 X117.525 Y124.532 E531.13895
G1 X117.553 Y124.58 E531.141
G0 F15000 X117.066 Y124.082
G1 F1363.7 X117.93 Y124.082 E531.17118
G1 X117.93 Y125.078 E531.20596
G1 X117.066 Y125.078 E531.23613
G1 X117.066 Y124.082 E531.27092
G0 F15000 X117.553 Y128.941
G1 F1290 X117.526 Y128.989 E531.27295
G1 X117.471 Y128.989 E531.27498
G1 X117.443 Y128.941 E531.27703
G1 X117.47 Y128.893 E531.27907
G1 X117.525 Y128.893 E531.2811
G1 X117.553 Y128.941 E531.28315
G0 F15000 X117.066 Y128.446
G1 F1363.7 X117.93 Y128.443 E531.31332
G1 X117.93 Y129.438 E531.34807
G1 X117.066 Y129.438 E531.37824
G1 X117.066 Y128.446 E531.41289
G0 F15000 X117.341 Y128.446
G1 F2700 E530.91289
;MESH:NONMESH
G0 F600 Z28.2
G0 F15000 X117.021 Y123.556
G0 X117.021 Y122.451
G0 X115.448 Y117.618
G0 X115.448 Y112.382
G0 X117.031 Y107.55
G0 X117.031 Y106.445
G0 X117.021 Y105.942
G0 X116.73 Y105.942
;TIME_ELAPSED:749.520520
;LAYER:140
;note -- min layer time used
M204 S5000
;TYPE:WALL-INNER
;MESH:Stickmaaaaan.obj
G1 F2700 E531.41289
G1 F1365.6 X118.266 Y105.942 E531.46653
G1 X118.266 Y99.907 E531.67729
G1 X116.73 Y99.91 E531.73093
G1 X116.73 Y105.942 E531.94159
M204 S10000
G0 F15000 X116.31 Y106.362
M204 S5000
;TYPE:WALL-OUTER
G1 F1365.6 X118.686 Y106.362 E532.02457
G1 X118.686 Y99.487 E532.26466
G1 X116.31 Y99.49 E532.34764
G1 X116.31 Y106.362 E532.58763
M204 S10000
G0 F15000 X116.51 Y106.362
G0 X116.991 Y105.682
G0 X117.553 Y105.106
;TYPE:SKIN
G1 F1291.8 X117.526 Y105.154 E532.58967
G1 X117.471 Y105.154 E532.5917
G1 X117.443 Y105.106 E532.59375
G1 X117.47 Y105.058 E532.59578
G1 X117.525 Y105.058 E532.59781
G1 X117.553 Y105.106 E532.59986
G0 F15000 X117.066 Y105.606
G1 F1365.6 X117.066 Y104.606 E532.63479
G1 X117.93 Y104.606 E532.66496
G1 X117.93 Y105.606 E532.69988
G1 X117.066 Y105.606 E532.73006
G0 F15000 X117.553 Y100.742
G1 F1291.8 X117.526 Y100.79 E532.73209
G1 X117.471 Y100.79 E532.73412
G1 X117.443 Y100.742 E532.73617
G1 X117.47 Y100.694 E532.73821
G1 X117.525 Y100.694 E532.74024
G1 X117.553 Y100.742 E532.74229
G0 F15000 X117.066 Y101.242
G1 F1365.6 X117.066 Y100.242 E532.77721
G1 X117.93 Y100.242 E532.80738
G1 X117.93 Y101.242 E532.84231
G1 X117.066 Y101.242 E532.87248
G0 F15000 X117.341 Y101.242
G1 F2700 E532.37248
G0 F15000 X117.827 Y106.133
G0 X117.827 Y107.238
G0 X117.827 Y112.37
G0 X117.827 Y113.475
G0 X117.821 Y114.107
;TYPE:FILL
G1 F2700 E532.87248
G1 F1365.6 X117.175 Y114.107 E532.89773
G1 X117.175 Y115.325 E532.94533
G1 X117.333 Y115.167 E532.95406
G1 X117.821 Y115.166 E532.97313
G1 X117.821 Y114.835 E532.98607
G1 X117.334 Y114.835 E533.0051
G1 X117.175 Y114.676 E533.01389
G1 X117.101 Y114.602
G0 F15000 X116.73 Y115
M204 S5000
;TYPE:WALL-INNER
G1 F1365.6 X116.73 Y116.334 E533.06047
G1 X118.266 Y116.334 E533.11412
G1 X118.266 Y113.662 E533.20743
G1 X116.73 Y113.662 E533.26107
G1 X116.73 Y115 E533.3078
M204 S10000
G0 F15000 X116.31 Y115
M204 S5000
;TYPE:WALL-OUTER
G1 F1365.6 X116.31 Y116.754 E533.36905
G1 X118.686 Y116.754 E533.45203
G1 X118.686 Y113.242 E533.57468
G1 X116.31 Y113.242 E533.65766
G1 X116.31 Y115 E533.71905
M204 S10000
G0 F15000 X116.31 Y115.2
G0 X117.341 Y115.2
G1 F2700 E533.21905
G0 F15000 X117.021 Y116.525
G0 X117.021 Y117.63
G0 X117.021 Y122.763
G0 X117.021 Y123.868
G0 X116.73 Y124.058
M204 S5000
;TYPE:WALL-INNER
G1 F2700 E533.71905
G1 F1365.6 X116.73 Y130.09 E533.92971
G1 X118.266 Y130.09 E533.98335
G1 X118.266 Y124.058 E534.19401
G1 X116.73 Y124.058 E534.24765
M204 S10000
G0 F15000 X116.31 Y123.638
M204 S5000
;TYPE:WALL-OUTER
G1 F1365.6 X116.31 Y130.51 E534.48764
G1 X118.686 Y130.51 E534.57062
G1 X118.686 Y123.638 E534.81061
G1 X116.31 Y123.638 E534.89359
M204 S10000
G0 F15000 X116.31 Y123.838
G0 X116.991 Y124.318
G0 X117.553 Y124.892
;TYPE:SKIN
G1 F1291.8 X117.526 Y124.94 E534.89562
G1 X117.471 Y124.94 E534.89765
G1 X117.443 Y124.892 E534.89971
G1 X117.47 Y124.844 E534.90174
G1 X117.525 Y124.844 E534.90377
G1 X117.553 Y124.892 E534.90582
G0 F15000 X117.066 Y124.394
G1 F1365.6 X117.93 Y124.394 E534.93599
G1 X117.93 Y125.39 E534.97078
G1 X117.066 Y125.39 E535.00095
G1 X117.066 Y124.394 E535.03573
G0 F15000 X117.553 Y129.255
G1 F1291.8 X117.526 Y129.303 E535.03777
G1 X117.471 Y129.303 E535.0398
G1 X117.443 Y129.255 E535.04185
G1 X117.47 Y129.207 E535.04388
G1 X117.525 Y129.207 E535.04591
G1 X117.553 Y129.255 E535.04797
G0 F15000 X117.066 Y128.758
G1 F1365.6 X117.93 Y128.755 E535.07814
G1 X117.93 Y129.754 E535.11303
G1 X117.066 Y129.754 E535.1432
G1 X117.066 Y128.758 E535.17798
G0 F15000 X117.341 Y128.758
G1 F2700 E534.67798
;MESH:NONMESH
G0 F600 Z28.4
G0 F15000 X117.021 Y123.868
G0 X117.021 Y122.763
G0 X115.448 Y117.618
G0 X115.448 Y112.382
G0 X117.032 Y107.238
G0 X117.032 Y106.133
G0 X117.021 Y105.626
G0 X116.73 Y105.626
;TIME_ELAPSED:755.232763
;LAYER:141
;note -- min layer time used
M204 S5000
;TYPE:WALL-INNER
;MESH:Stickmaaaaan.obj
G1 F2700 E535.17798
G1 F1366.7 X118.266 Y105.629 E535.23163
G1 X118.266 Y99.595 E535.44235
G1 X116.73 Y99.598 E535.49599
G1 X116.73 Y105.626 E535.70651
M204 S10000
G0 F15000 X116.31 Y106.046
M204 S5000
;TYPE:WALL-OUTER
G1 F1366.7 X118.686 Y106.049 E535.78949
G1 X118.686 Y99.175 E536.02955
G1 X116.31 Y99.178 E536.11253
G1 X116.31 Y106.046 E536.35238
M204 S10000
G0 F15000 X116.51 Y106.046
G0 X116.991 Y105.369
G0 X117.553 Y104.792
;TYPE:SKIN
G1 F1292.9 X117.526 Y104.84 E536.35441
G1 X117.471 Y104.84 E536.35644
G1 X117.443 Y104.792 E536.3585
G1 X117.47 Y104.744 E536.36053
G1 X117.525 Y104.744 E536.36256
G1 X117.553 Y104.792 E536.36461
G0 F15000 X117.066 Y105.29
G1 F1366.7 X117.066 Y104.294 E536.39939
G1 X117.93 Y104.294 E536.42957
G1 X117.93 Y105.29 E536.46435
G1 X117.066 Y105.29 E536.49452
G0 F15000 X117.553 Y100.427
G1 F1292.9 X117.526 Y100.475 E536.49656
G1 X117.471 Y100.475 E536.49859
G1 X117.443 Y100.427 E536.50064
G1 X117.47 Y100.379 E536.50267
G1 X117.525 Y100.379 E536.5047
G1 X117.553 Y100.427 E536.50676
G0 F15000 X117.066 Y100.929
G1 F1366.7 X117.066 Y99.93 E536.54164
G1 X117.93 Y99.93 E536.57182
G1 X117.93 Y100.926 E536.6066
G1 X117.066 Y100.929 E536.63677
G0 F15000 X117.341 Y100.929
G1 F2700 E536.13677
G0 F15000 X117.827 Y105.82
G0 X117.827 Y106.925
G0 X117.827 Y112.37
G0 X117.827 Y113.475
G0 X117.821 Y114.107
;TYPE:FILL
G1 F2700 E536.63677
G1 F1366.7 X117.175 Y114.107 E536.66202
G1 X117.175 Y115.325 E536.70962
G1 X117.333 Y115.167 E536.71835
G1 X117.821 Y115.166 E536.73742
G1 X117.821 Y114.835 E536.75036
G1 X117.334 Y114.835 E536.76939
G1 X117.175 Y114.676 E536.77818
G1 X117.101 Y114.602
G0 F15000 X116.73 Y115
M204 S5000
;TYPE:WALL-INNER
G1 F1366.7 X116.73 Y116.334 E536.82477
G1 X118.266 Y116.334 E536.87841
G1 X118.266 Y113.662 E536.97172
G1 X116.73 Y113.662 E537.02537
G1 X116.73 Y115 E537.07209
M204 S10000
G0 F15000 X116.31 Y115
M204 S5000
;TYPE:WALL-OUTER
G1 F1366.7 X116.31 Y116.754 E537.13335
G1 X118.686 Y116.754 E537.21633
G1 X118.686 Y113.242 E537.33898
G1 X116.31 Y113.242 E537.42195
G1 X116.31 Y115 E537.48335
M204 S10000
G0 F15000 X116.31 Y115.2
G0 X117.341 Y115.2
G1 F2700 E536.98335
G0 F15000 X117.021 Y116.525
G0 X117.021 Y117.63
G0 X117.021 Y123.076
G0 X117.021 Y124.181
G0 X116.73 Y124.37
M204 S5000
;TYPE:WALL-INNER
G1 F2700 E537.48335
G1 F1366.7 X116.73 Y130.402 E537.694
G1 X118.266 Y130.402 E537.74765
G1 X118.266 Y124.37 E537.9583
G1 X116.73 Y124.37 E538.01194
M204 S10000
G0 F15000 X116.31 Y123.95
M204 S5000
;TYPE:WALL-OUTER
G1 F1366.7 X116.31 Y130.822 E538.25194
G1 X118.686 Y130.822 E538.33491
G1 X118.686 Y123.95 E538.57491
G1 X116.31 Y123.95 E538.65788
M204 S10000
G0 F15000 X116.31 Y124.15
G0 X116.991 Y124.631
G0 X117.553 Y125.204
;TYPE:SKIN
G1 F1292.9 X117.526 Y125.252 E538.65992
G1 X117.471 Y125.252 E538.66195
G1 X117.443 Y125.204 E538.664
G1 X117.47 Y125.156 E538.66603
G1 X117.525 Y125.156 E538.66806
G1 X117.553 Y125.204 E538.67011
G0 F15000 X117.066 Y124.706
G1 F1366.7 X117.93 Y124.706 E538.70029
G1 X117.93 Y125.702 E538.73507
G1 X117.066 Y125.702 E538.76524
G1 X117.066 Y124.706 E538.80003
G0 F15000 X117.553 Y129.567
G1 F1292.9 X117.526 Y129.615 E538.80206
G1 X117.471 Y129.615 E538.80409
G1 X117.443 Y129.567 E538.80614
G1 X117.47 Y129.519 E538.80818
G1 X117.525 Y129.519 E538.81021
G1 X117.553 Y129.567 E538.81226
G0 F15000 X117.066 Y129.07
G1 F1366.7 X117.93 Y129.067 E538.84243
G1 X117.93 Y130.066 E538.87732
G1 X117.066 Y130.066 E538.90749
G1 X117.066 Y129.07 E538.94228
G0 F15000 X117.341 Y129.07
G1 F2700 E538.44228
;MESH:NONMESH
G0 F600 Z28.6
G0 F15000 X117.021 Y124.181
G0 X117.021 Y123.076
G0 X115.448 Y117.618
G0 X115.448 Y112.382
G0 X117.032 Y106.925
G0 X117.032 Y105.82
G0 X117.021 Y105.314
G0 X116.73 Y105.314
;TIME_ELAPSED:760.943968
;LAYER:142
;note -- min layer time used
M204 S5000
;TYPE:WALL-INNER
;MESH:Stickmaaaaan.obj
G1 F2700 E538.94228
G1 F1368.4 X118.266 Y105.317 E538.99592
G1 X118.266 Y99.282 E539.20668
G1 X116.73 Y99.282 E539.26032
G1 X116.73 Y105.314 E539.47098
M204 S10000
G0 F15000 X116.31 Y105.734
M204 S5000
;TYPE:WALL-OUTER
G1 F1368.4 X118.686 Y105.737 E539.55396
G1 X118.686 Y98.862 E539.79405
G1 X116.31 Y98.862 E539.87703
G1 X116.31 Y105.734 E540.11702
M204 S10000
G0 F15000 X116.51 Y105.734
G0 X116.991 Y105.057
G0 X117.553 Y104.48
;TYPE:SKIN
G1 F1294.4 X117.526 Y104.528 E540.11906
G1 X117.471 Y104.528 E540.12109
G1 X117.443 Y104.48 E540.12314
G1 X117.47 Y104.432 E540.12517
G1 X117.525 Y104.432 E540.1272
G1 X117.553 Y104.48 E540.12925
G0 F15000 X117.066 Y104.978
G1 F1368.4 X117.066 Y103.982 E540.16404
G1 X117.93 Y103.982 E540.19421
G1 X117.93 Y104.978 E540.22899
G1 X117.066 Y104.978 E540.25917
G0 F15000 X117.553 Y100.115
G1 F1294.4 X117.526 Y100.163 E540.2612
G1 X117.471 Y100.163 E540.26323
G1 X117.443 Y100.115 E540.26528
G1 X117.47 Y100.067 E540.26732
G1 X117.525 Y100.067 E540.26935
G1 X117.553 Y100.115 E540.2714
G0 F15000 X117.066 Y100.617
G1 F1368.4 X117.066 Y99.618 E540.30629
G1 X117.93 Y99.618 E540.33646
G1 X117.93 Y100.614 E540.37124
G1 X117.066 Y100.617 E540.40142
G0 F15000 X117.341 Y100.617
G1 F2700 E539.90142
G0 F15000 X117.827 Y105.508
G0 X117.827 Y106.613
G0 X117.827 Y112.37
G0 X117.827 Y113.475
G0 X117.821 Y114.107
;TYPE:FILL
G1 F2700 E540.40142
G1 F1368.4 X117.175 Y114.107 E540.42666
G1 X117.175 Y115.325 E540.47426
G1 X117.333 Y115.167 E540.483
G1 X117.821 Y115.166 E540.50207
G1 X117.821 Y114.835 E540.515
G1 X117.334 Y114.835 E540.53403
G1 X117.175 Y114.676 E540.54282
G1 X117.101 Y114.602
G0 F15000 X116.73 Y115
M204 S5000
;TYPE:WALL-INNER
G1 F1368.4 X116.73 Y116.334 E540.58941
G1 X118.266 Y116.334 E540.64305
G1 X118.266 Y113.662 E540.73637
G1 X116.73 Y113.662 E540.79001
G1 X116.73 Y115 E540.83674
M204 S10000
G0 F15000 X116.31 Y115
M204 S5000
;TYPE:WALL-OUTER
G1 F1368.4 X116.31 Y116.754 E540.89799
G1 X118.686 Y116.754 E540.98097
G1 X118.686 Y113.242 E541.10362
G1 X116.31 Y113.242 E541.1866
G1 X116.31 Y115 E541.24799
M204 S10000
G0 F15000 X116.31 Y115.2
G0 X117.341 Y115.2
G1 F2700 E540.74799
G0 F15000 X117.021 Y116.525
G0 X117.021 Y117.63
G0 X117.021 Y123.388
G0 X117.021 Y124.493
G0 X116.73 Y124.682
M204 S5000
;TYPE:WALL-INNER
G1 F2700 E541.24799
G1 F1368.4 X116.73 Y130.714 E541.45865
G1 X118.266 Y130.714 E541.51229
G1 X118.266 Y124.682 E541.72295
G1 X116.73 Y124.682 E541.77659
M204 S10000
G0 F15000 X116.31 Y124.262
M204 S5000
;TYPE:WALL-OUTER
G1 F1368.4 X116.31 Y131.134 E542.01658
G1 X118.686 Y131.134 E542.09956
G1 X118.686 Y124.262 E542.33955
G1 X116.31 Y124.262 E542.42253
M204 S10000
G0 F15000 X116.31 Y124.462
G0 X116.991 Y124.943
G0 X117.553 Y125.518
;TYPE:SKIN
G1 F1294.4 X117.526 Y125.566 E542.42456
G1 X117.471 Y125.566 E542.42659
G1 X117.443 Y125.518 E542.42864
G1 X117.47 Y125.47 E542.43067
G1 X117.525 Y125.47 E542.4327
G1 X117.553 Y125.518 E542.43476
G0 F15000 X117.066 Y125.018
G1 F1368.4 X117.93 Y125.018 E542.46493
G1 X117.93 Y126.018 E542.49985
G1 X117.066 Y126.018 E542.53003
G1 X117.066 Y125.018 E542.56495
G0 F15000 X117.553 Y129.879
G1 F1294.4 X117.526 Y129.927 E542.56698
G1 X117.471 Y129.927 E542.56901
G1 X117.443 Y129.879 E542.57107
G1 X117.47 Y129.831 E542.5731
G1 X117.525 Y129.831 E542.57513
G1 X117.553 Y129.879 E542.57718
G0 F15000 X117.066 Y129.382
G1 F1368.4 X117.93 Y129.379 E542.60735
G1 X117.93 Y130.378 E542.64224
G1 X117.066 Y130.378 E542.67242
G1 X117.066 Y129.382 E542.7072
G0 F15000 X117.341 Y129.382
G1 F2700 E542.2072
;MESH:NONMESH
G0 F600 Z28.8
G0 F15000 X117.021 Y124.493
G0 X117.021 Y123.388
G0 X115.448 Y117.618
G0 X115.448 Y112.382
G0 X117.032 Y106.613
G0 X117.032 Y105.508
G0 X117.021 Y105.002
G0 X116.73 Y105.002
;TIME_ELAPSED:766.654408
;LAYER:143
;note -- min layer time used
M204 S5000
;TYPE:WALL-INNER
;MESH:Stickmaaaaan.obj
G1 F2700 E542.7072
G1 F1369.8 X118.266 Y105.002 E542.76084
G1 X118.266 Y98.97 E542.9715
G1 X116.73 Y98.97 E543.02514
G1 X116.73 Y105.002 E543.2358
M204 S10000
G0 F15000 X116.31 Y105.422
M204 S5000
;TYPE:WALL-OUTER
G1 F1369.8 X118.686 Y105.422 E543.31877
G1 X118.686 Y98.55 E543.55877
G1 X116.31 Y98.55 E543.64174
G1 X116.31 Y105.422 E543.88173
M204 S10000
G0 F15000 X116.51 Y105.422
G0 X116.991 Y104.744
G0 X117.553 Y104.168
;TYPE:SKIN
G1 F1295.7 X117.526 Y104.216 E543.88377
G1 X117.471 Y104.216 E543.8858
G1 X117.443 Y104.168 E543.88785
G1 X117.47 Y104.12 E543.88988
G1 X117.525 Y104.12 E543.89191
G1 X117.553 Y104.168 E543.89397
G0 F15000 X117.066 Y104.666
G1 F1369.8 X117.066 Y103.67 E543.92875
G1 X117.93 Y103.67 E543.95892
G1 X117.93 Y104.666 E543.99371
G1 X117.066 Y104.666 E544.02388
G0 F15000 X117.553 Y99.803
G1 F1295.7 X117.526 Y99.851 E544.02591
G1 X117.471 Y99.851 E544.02794
G1 X117.443 Y99.803 E544.02999
G1 X117.47 Y99.755 E544.03203
G1 X117.525 Y99.755 E544.03406
G1 X117.553 Y99.803 E544.03611
G0 F15000 X117.066 Y100.305
G1 F1369.8 X117.066 Y99.306 E544.071
G1 X117.93 Y99.306 E544.10117
G1 X117.93 Y100.302 E544.13596
G1 X117.066 Y100.305 E544.16613
G0 F15000 X117.341 Y100.305
G1 F2700 E543.66613
G0 F15000 X117.827 Y105.195
G0 X117.827 Y106.3
G0 X117.827 Y112.37
G0 X117.827 Y113.475
G0 X117.821 Y114.107
;TYPE:FILL
G1 F2700 E544.16613
G1 F1369.8 X117.175 Y114.107 E544.19138
G1 X117.175 Y115.325 E544.23898
G1 X117.333 Y115.167 E544.24771
G1 X117.821 Y115.166 E544.26678
G1 X117.821 Y114.835 E544.27971
G1 X117.334 Y114.835 E544.29875
G1 X117.175 Y114.676 E544.30753
G1 X117.101 Y114.602
G0 F15000 X116.73 Y115
M204 S5000
;TYPE:WALL-INNER
G1 F1369.8 X116.73 Y116.334 E544.35412
G1 X118.266 Y116.334 E544.40776
G1 X118.266 Y113.662 E544.50108
G1 X116.73 Y113.662 E544.55472
G1 X116.73 Y115 E544.60145
M204 S10000
G0 F15000 X116.31 Y115
M204 S5000
;TYPE:WALL-OUTER
G1 F1369.8 X116.31 Y116.754 E544.6627
G1 X118.686 Y116.754 E544.74568
G1 X118.686 Y113.242 E544.86833
G1 X116.31 Y113.242 E544.95131
G1 X116.31 Y115 E545.0127
M204 S10000
G0 F15000 X116.31 Y115.2
G0 X117.341 Y115.2
G1 F2700 E544.5127
G0 F15000 X117.021 Y116.525
G0 X117.021 Y117.63
G0 X117.021 Y123.701
G0 X117.021 Y124.806
G0 X116.73 Y124.994
M204 S5000
;TYPE:WALL-INNER
G1 F2700 E545.0127
G1 F1369.8 X116.73 Y131.026 E545.22336
G1 X118.266 Y131.026 E545.277
G1 X118.266 Y124.994 E545.48766
G1 X116.73 Y124.994 E545.5413
M204 S10000
G0 F15000 X116.31 Y124.574
M204 S5000
;TYPE:WALL-OUTER
G1 F1369.8 X116.31 Y131.446 E545.78129
G1 X118.686 Y131.446 E545.86427
G1 X118.686 Y124.574 E546.10426
G1 X116.31 Y124.574 E546.18724
M204 S10000
G0 F15000 X116.31 Y124.774
G0 X116.991 Y125.256
G0 X117.553 Y125.83
;TYPE:SKIN
G1 F1295.7 X117.526 Y125.878 E546.18927
G1 X117.471 Y125.878 E546.1913
G1 X117.443 Y125.83 E546.19335
G1 X117.47 Y125.782 E546.19539
G1 X117.525 Y125.782 E546.19742
G1 X117.553 Y125.83 E546.19947
G0 F15000 X117.066 Y125.33
G1 F1369.8 X117.93 Y125.33 E546.22964
G1 X117.93 Y126.33 E546.26457
G1 X117.066 Y126.33 E546.29474
G1 X117.066 Y125.33 E546.32966
G0 F15000 X117.553 Y130.191
G1 F1295.7 X117.526 Y130.239 E546.3317
G1 X117.471 Y130.239 E546.33373
G1 X117.443 Y130.191 E546.33578
G1 X117.47 Y130.143 E546.33781
G1 X117.525 Y130.143 E546.33984
G1 X117.553 Y130.191 E546.34189
G0 F15000 X117.066 Y129.694
G1 F1369.8 X117.93 Y129.691 E546.37207
G1 X117.93 Y130.69 E546.40695
G1 X117.066 Y130.69 E546.43713
G1 X117.066 Y129.694 E546.47191
G0 F15000 X117.341 Y129.694
G1 F2700 E545.97191
;MESH:NONMESH
G0 F600 Z29
G0 F15000 X117.021 Y124.806
G0 X117.021 Y123.701
G0 X115.448 Y117.618
G0 X115.448 Y112.382
G0 X117.033 Y106.3
G0 X117.033 Y105.195
G0 X117.021 Y104.69
G0 X116.73 Y104.69
;TIME_ELAPSED:772.363923
;LAYER:144
;note -- min layer time used
M204 S5000
;TYPE:WALL-INNER
;MESH:Stickmaaaaan.obj
G1 F2700 E546.47191
G1 F1371.3 X118.266 Y104.69 E546.52555
G1 X118.266 Y98.658 E546.73621
G1 X116.73 Y98.658 E546.78985
G1 X116.73 Y104.69 E547.00051
M204 S10000
G0 F15000 X116.31 Y105.11
M204 S5000
;TYPE:WALL-OUTER
G1 F1371.3 X118.686 Y105.11 E547.08349
G1 X118.686 Y98.238 E547.32348
G1 X116.31 Y98.238 E547.40646
G1 X116.31 Y105.11 E547.64645
M204 S10000
G0 F15000 X116.51 Y105.11
G0 X116.991 Y104.432
G0 X117.553 Y103.855
;TYPE:SKIN
G1 F1297.2 X117.526 Y103.903 E547.64848
G1 X117.471 Y103.903 E547.65051
G1 X117.443 Y103.855 E547.65256
G1 X117.47 Y103.807 E547.6546
G1 X117.525 Y103.807 E547.65663
G1 X117.553 Y103.855 E547.65868
G0 F15000 X117.066 Y104.354
G1 F1371.3 X117.066 Y103.355 E547.69357
G1 X117.93 Y103.358 E547.72374
G1 X117.93 Y104.354 E547.75852
G1 X117.066 Y104.354 E547.7887
G0 F15000 X117.553 Y99.491
G1 F1297.2 X117.526 Y99.539 E547.79073
G1 X117.471 Y99.539 E547.79276
G1 X117.443 Y99.491 E547.79481
G1 X117.47 Y99.443 E547.79685
G1 X117.525 Y99.443 E547.79888
G1 X117.553 Y99.491 E547.80093
G0 F15000 X117.066 Y99.993
G1 F1371.3 X117.066 Y98.994 E547.83582
G1 X117.93 Y98.994 E547.86599
G1 X117.93 Y99.99 E547.90077
G1 X117.066 Y99.993 E547.93095
G0 F15000 X117.341 Y99.993
G1 F2700 E547.43095
G0 F15000 X117.827 Y104.883
G0 X117.827 Y105.988
G0 X117.827 Y112.37
G0 X117.827 Y113.475
G0 X117.821 Y114.107
;TYPE:FILL
G1 F2700 E547.93095
G1 F1371.3 X117.175 Y114.107 E547.95619
G1 X117.175 Y115.325 E548.00379
G1 X117.333 Y115.167 E548.01253
G1 X117.821 Y115.166 E548.0316
G1 X117.821 Y114.835 E548.04453
G1 X117.334 Y114.835 E548.06356
G1 X117.175 Y114.676 E548.07235
G1 X117.101 Y114.602
G0 F15000 X116.73 Y115
M204 S5000
;TYPE:WALL-INNER
G1 F1371.3 X116.73 Y116.334 E548.11894
G1 X118.266 Y116.334 E548.17258
G1 X118.266 Y113.662 E548.2659
G1 X116.73 Y113.662 E548.31954
G1 X116.73 Y115 E548.36627
M204 S10000
G0 F15000 X116.31 Y115
M204 S5000
;TYPE:WALL-OUTER
G1 F1371.3 X116.31 Y116.754 E548.42752
G1 X118.686 Y116.754 E548.5105
G1 X118.686 Y113.242 E548.63315
G1 X116.31 Y113.242 E548.71613
G1 X116.31 Y115 E548.77752
M204 S10000
G0 F15000 X116.31 Y115.2
G0 X117.341 Y115.2
G1 F2700 E548.27752
G0 F15000 X117.021 Y116.525
G0 X117.021 Y117.63
G0 X117.021 Y124.013
G0 X117.021 Y125.118
G0 X116.73 Y125.306
M204 S5000
;TYPE:WALL-INNER
G1 F2700 E548.77752
G1 F1371.3 X116.73 Y131.338 E548.98818
G1 X118.266 Y131.338 E549.04182
G1 X118.266 Y125.306 E549.25247
G1 X116.73 Y125.306 E549.30612
M204 S10000
G0 F15000 X116.31 Y124.886
M204 S5000
;TYPE:WALL-OUTER
G1 F1371.3 X116.31 Y131.758 E549.54611
G1 X118.686 Y131.758 E549.62909
G1 X118.686 Y124.886 E549.86908
G1 X116.31 Y124.886 E549.95206
M204 S10000
G0 F15000 X116.31 Y125.086
G0 X116.991 Y125.568
G0 X117.553 Y126.142
;TYPE:SKIN
G1 F1297.2 X117.526 Y126.19 E549.95409
G1 X117.471 Y126.19 E549.95612
G1 X117.443 Y126.142 E549.95817
G1 X117.47 Y126.094 E549.9602
G1 X117.525 Y126.094 E549.96223
G1 X117.553 Y126.142 E549.96429
G0 F15000 X117.066 Y125.642
G1 F1371.3 X117.93 Y125.642 E549.99446
G1 X117.93 Y126.642 E550.02938
G1 X117.066 Y126.642 E550.05956
G1 X117.066 Y125.642 E550.09448
G0 F15000 X117.553 Y130.503
G1 F1297.2 X117.526 Y130.551 E550.09651
G1 X117.471 Y130.551 E550.09854
G1 X117.443 Y130.503 E550.10059
G1 X117.47 Y130.455 E550.10263
G1 X117.525 Y130.455 E550.10466
G1 X117.553 Y130.503 E550.10671
G0 F15000 X117.066 Y130.006
G1 F1371.3 X117.93 Y130.003 E550.13688
G1 X117.93 Y131.002 E550.17177
G1 X117.066 Y131.002 E550.20195
G1 X117.066 Y130.006 E550.23673
G0 F15000 X117.341 Y130.006
G1 F2700 E549.73673
;MESH:NONMESH
G0 F600 Z29.2
G0 F15000 X117.021 Y125.118
G0 X117.021 Y124.013
G0 X115.448 Y117.618
G0 X115.448 Y112.382
G0 X117.033 Y105.988
G0 X117.033 Y104.883
G0 X117.021 Y104.378
G0 X116.73 Y104.378
;TIME_ELAPSED:778.072524
;LAYER:145
;note -- min layer time used
M204 S5000
;TYPE:WALL-INNER
;MESH:Stickmaaaaan.obj
G1 F2700 E550.23673
G1 F1372.7 X118.266 Y104.378 E550.29037
G1 X118.266 Y98.346 E550.50103
G1 X116.73 Y98.346 E550.55467
G1 X116.73 Y104.378 E550.76533
M204 S10000
G0 F15000 X116.31 Y104.798
M204 S5000
;TYPE:WALL-OUTER
G1 F1372.7 X118.686 Y104.798 E550.8483
G1 X118.686 Y97.926 E551.08829
G1 X116.31 Y97.926 E551.17127
G1 X116.31 Y104.798 E551.41126
M204 S10000
G0 F15000 X116.51 Y104.798
G0 X116.991 Y104.119
G0 X117.553 Y103.543
;TYPE:SKIN
G1 F1298.5 X117.526 Y103.591 E551.4133
G1 X117.471 Y103.591 E551.41533
G1 X117.443 Y103.543 E551.41738
G1 X117.47 Y103.495 E551.41941
G1 X117.525 Y103.495 E551.42144
G1 X117.553 Y103.543 E551.42349
G0 F15000 X117.066 Y104.042
G1 F1372.7 X117.066 Y103.043 E551.45838
G1 X117.93 Y103.046 E551.48856
G1 X117.93 Y104.042 E551.52334
G1 X117.066 Y104.042 E551.55351
G0 F15000 X117.553 Y99.179
G1 F1298.5 X117.526 Y99.227 E551.55555
G1 X117.471 Y99.227 E551.55758
G1 X117.443 Y99.179 E551.55963
G1 X117.47 Y99.131 E551.56166
G1 X117.525 Y99.131 E551.56369
G1 X117.553 Y99.179 E551.56574
G0 F15000 X117.066 Y99.681
G1 F1372.7 X117.066 Y98.682 E551.60063
G1 X117.93 Y98.682 E551.63081
G1 X117.93 Y99.678 E551.66559
G1 X117.066 Y99.681 E551.69576
G0 F15000 X117.341 Y99.681
G1 F2700 E551.19576
G0 F15000 X117.827 Y104.57
G0 X117.827 Y105.675
G0 X117.827 Y112.37
G0 X117.827 Y113.475
G0 X117.821 Y114.107
;TYPE:FILL
G1 F2700 E551.69576
G1 F1372.7 X117.175 Y114.107 E551.72101
G1 X117.175 Y115.325 E551.76861
G1 X117.333 Y115.167 E551.77734
G1 X117.821 Y115.166 E551.79641
G1 X117.821 Y114.835 E551.80935
G1 X117.334 Y114.835 E551.82838
G1 X117.175 Y114.676 E551.83717
G1 X117.101 Y114.602
G0 F15000 X116.73 Y115
M204 S5000
;TYPE:WALL-INNER
G1 F1372.7 X116.73 Y116.334 E551.88376
G1 X118.266 Y116.334 E551.9374
G1 X118.266 Y113.662 E552.03071
G1 X116.73 Y113.662 E552.08436
G1 X116.73 Y115 E552.13108
M204 S10000
G0 F15000 X116.31 Y115
M204 S5000
;TYPE:WALL-OUTER
G1 F1372.7 X116.31 Y116.754 E552.19234
G1 X118.686 Y116.754 E552.27532
G1 X118.686 Y113.242 E552.39797
G1 X116.31 Y113.242 E552.48094
G1 X116.31 Y115 E552.54234
M204 S10000
G0 F15000 X116.31 Y115.2
G0 X117.341 Y115.2
G1 F2700 E552.04234
G0 F15000 X117.021 Y116.525
G0 X117.021 Y117.63
G0 X117.021 Y124.326
G0 X117.021 Y125.431
G0 X116.73 Y125.618
M204 S5000
;TYPE:WALL-INNER
G1 F2700 E552.54234
G1 F1372.7 X116.73 Y131.65 E552.75299
G1 X118.266 Y131.65 E552.80664
G1 X118.266 Y125.618 E553.01729
G1 X116.73 Y125.618 E553.07093
M204 S10000
G0 F15000 X116.31 Y125.198
M204 S5000
;TYPE:WALL-OUTER
G1 F1372.7 X116.31 Y132.07 E553.31093
G1 X118.686 Y132.07 E553.3939
G1 X118.686 Y125.198 E553.6339
G1 X116.31 Y125.198 E553.71687
M204 S10000
G0 F15000 X116.31 Y125.398
G0 X116.991 Y125.881
G0 X117.553 Y126.454
;TYPE:SKIN
G1 F1298.5 X117.526 Y126.502 E553.71891
G1 X117.471 Y126.502 E553.72094
G1 X117.443 Y126.454 E553.72299
G1 X117.47 Y126.406 E553.72502
G1 X117.525 Y126.406 E553.72705
G1 X117.553 Y126.454 E553.7291
G0 F15000 X117.066 Y125.954
G1 F1372.7 X117.93 Y125.954 E553.75928
G1 X117.93 Y126.954 E553.7942
G1 X117.066 Y126.954 E553.82437
G1 X117.066 Y125.954 E553.8593
G0 F15000 X117.553 Y130.815
G1 F1298.5 X117.526 Y130.863 E553.86133
G1 X117.471 Y130.863 E553.86336
G1 X117.443 Y130.815 E553.86541
G1 X117.47 Y130.767 E553.86745
G1 X117.525 Y130.767 E553.86948
G1 X117.553 Y130.815 E553.87153
G0 F15000 X117.066 Y130.318
G1 F1372.7 X117.93 Y130.315 E553.9017
G1 X117.93 Y131.314 E553.93659
G1 X117.066 Y131.314 E553.96676
G1 X117.066 Y130.318 E554.00155
G0 F15000 X117.341 Y130.318
G1 F2700 E553.50155
;MESH:NONMESH
G0 F600 Z29.4
G0 F15000 X117.021 Y125.431
G0 X117.021 Y124.326
G0 X115.448 Y117.618
G0 X115.448 Y112.382
G0 X117.033 Y105.675
G0 X117.033 Y104.57
G0 X117.021 Y104.066
G0 X116.73 Y104.066
;TIME_ELAPSED:783.780227
;LAYER:146
;note -- min layer time used
M204 S5000
;TYPE:WALL-INNER
;MESH:Stickmaaaaan.obj
G1 F2700 E554.00155
G1 F1373.9 X118.266 Y104.066 E554.05519
G1 X118.266 Y98.034 E554.26584
G1 X116.73 Y98.034 E554.31949
G1 X116.73 Y104.066 E554.53014
M204 S10000
G0 F15000 X116.31 Y104.486
M204 S5000
;TYPE:WALL-OUTER
G1 F1373.9 X118.686 Y104.486 E554.61312
G1 X118.686 Y97.614 E554.85311
G1 X116.31 Y97.614 E554.93609
G1 X116.31 Y104.486 E555.17608
M204 S10000
G0 F15000 X116.51 Y104.486
G0 X116.991 Y103.806
G0 X117.553 Y103.23
;TYPE:SKIN
G1 F1299.7 X117.526 Y103.278 E555.17811
G1 X117.471 Y103.278 E555.18015
G1 X117.443 Y103.23 E555.1822
G1 X117.47 Y103.182 E555.18423
G1 X117.525 Y103.182 E555.18626
G1 X117.553 Y103.23 E555.18831
G0 F15000 X117.066 Y103.73
G1 F1373.9 X117.066 Y102.73 E555.22324
G1 X117.93 Y102.73 E555.25341
G1 X117.93 Y103.73 E555.28833
G1 X117.066 Y103.73 E555.31851
G0 F15000 X117.553 Y98.867
G1 F1299.7 X117.526 Y98.915 E555.32054
G1 X117.471 Y98.915 E555.32257
G1 X117.443 Y98.867 E555.32462
G1 X117.47 Y98.819 E555.32665
G1 X117.525 Y98.819 E555.32868
G1 X117.553 Y98.867 E555.33074
G0 F15000 X117.066 Y99.369
G1 F1373.9 X117.066 Y98.37 E555.36562
G1 X117.93 Y98.37 E555.3958
G1 X117.93 Y99.366 E555.43058
G1 X117.066 Y99.369 E555.46076
G0 F15000 X117.341 Y99.369
G1 F2700 E554.96076
G0 F15000 X117.828 Y104.257
G0 X117.828 Y105.362
G0 X117.828 Y112.37
G0 X117.828 Y113.475
G0 X117.821 Y114.107
;TYPE:FILL
G1 F2700 E555.46076
G1 F1373.9 X117.175 Y114.107 E555.486
G1 X117.175 Y115.325 E555.5336
G1 X117.333 Y115.167 E555.54233
G1 X117.821 Y115.166 E555.56141
G1 X117.821 Y114.835 E555.57434
G1 X117.334 Y114.835 E555.59337
G1 X117.175 Y114.676 E555.60216
G1 X117.101 Y114.602
G0 F15000 X116.73 Y115
M204 S5000
;TYPE:WALL-INNER
G1 F1373.9 X116.73 Y116.334 E555.64875
G1 X118.266 Y116.334 E555.70239
G1 X118.266 Y113.662 E555.7957
G1 X116.73 Y113.662 E555.84935
G1 X116.73 Y115 E555.89607
M204 S10000
G0 F15000 X116.31 Y115
M204 S5000
;TYPE:WALL-OUTER
G1 F1373.9 X116.31 Y116.754 E555.95733
G1 X118.686 Y116.754 E556.04031
G1 X118.686 Y113.242 E556.16296
G1 X116.31 Y113.242 E556.24593
G1 X116.31 Y115 E556.30733
M204 S10000
G0 F15000 X116.31 Y115.2
G0 X117.341 Y115.2
G1 F2700 E555.80733
G0 F15000 X117.021 Y116.525
G0 X117.021 Y117.63
G0 X117.021 Y124.639
G0 X117.021 Y125.744
G0 X116.73 Y125.934
M204 S5000
;TYPE:WALL-INNER
G1 F2700 E556.30733
G1 F1373.9 X116.73 Y131.962 E556.51785
G1 X118.266 Y131.962 E556.57149
G1 X118.266 Y125.934 E556.782
G1 X116.73 Y125.934 E556.83565
M204 S10000
G0 F15000 X116.31 Y125.514
M204 S5000
;TYPE:WALL-OUTER
G1 F1373.9 X116.31 Y132.382 E557.0755
G1 X118.686 Y132.382 E557.15848
G1 X118.686 Y125.514 E557.39833
G1 X116.31 Y125.514 E557.48131
M204 S10000
G0 F15000 X116.31 Y125.714
G0 X116.991 Y126.194
G0 X117.553 Y126.768
;TYPE:SKIN
G1 F1299.7 X117.526 Y126.816 E557.48334
G1 X117.471 Y126.816 E557.48537
G1 X117.443 Y126.768 E557.48742
G1 X117.47 Y126.72 E557.48945
G1 X117.525 Y126.72 E557.49148
G1 X117.553 Y126.768 E557.49354
G0 F15000 X117.066 Y126.27
G1 F1373.9 X117.93 Y126.27 E557.52371
G1 X117.93 Y127.266 E557.55849
G1 X117.066 Y127.266 E557.58867
G1 X117.066 Y126.27 E557.62345
G0 F15000 X117.553 Y131.128
G1 F1299.7 X117.526 Y131.176 E557.62548
G1 X117.471 Y131.176 E557.62751
G1 X117.443 Y131.128 E557.62957
G1 X117.47 Y131.08 E557.6316
G1 X117.525 Y131.08 E557.63363
G1 X117.553 Y131.128 E557.63568
G0 F15000 X117.066 Y130.63
G1 F1373.9 X117.93 Y130.63 E557.66585
G1 X117.93 Y131.626 E557.70064
G1 X117.066 Y131.626 E557.73081
G1 X117.066 Y130.63 E557.76559
G0 F15000 X117.341 Y130.63
G1 F2700 E557.26559
;MESH:NONMESH
G0 F600 Z29.6
G0 F15000 X117.021 Y125.744
G0 X117.021 Y124.639
G0 X115.448 Y117.618
G0 X115.448 Y112.382
G0 X117.033 Y105.362
G0 X117.033 Y104.257
G0 X117.021 Y103.754
G0 X116.73 Y103.754
;TIME_ELAPSED:789.487165
;LAYER:147
;note -- min layer time used
M204 S5000
;TYPE:WALL-INNER
;MESH:Stickmaaaaan.obj
G1 F2700 E557.76559
G1 F1375.4 X118.266 Y103.754 E557.81924
G1 X118.266 Y97.722 E558.02989
G1 X116.73 Y97.722 E558.08354
G1 X116.73 Y103.754 E558.29419
M204 S10000
G0 F15000 X116.31 Y104.174
M204 S5000
;TYPE:WALL-OUTER
G1 F1375.4 X118.686 Y104.174 E558.37717
G1 X118.686 Y97.302 E558.61716
G1 X116.31 Y97.302 E558.70014
G1 X116.31 Y104.174 E558.94013
M204 S10000
G0 F15000 X116.51 Y104.174
G0 X116.991 Y103.494
G0 X117.553 Y102.918
;TYPE:SKIN
G1 F1301.1 X117.526 Y102.966 E558.94216
G1 X117.471 Y102.966 E558.94419
G1 X117.443 Y102.918 E558.94625
G1 X117.47 Y102.87 E558.94828
G1 X117.525 Y102.87 E558.95031
G1 X117.553 Y102.918 E558.95236
G0 F15000 X117.066 Y103.418
G1 F1375.4 X117.066 Y102.418 E558.98728
G1 X117.93 Y102.418 E559.01746
G1 X117.93 Y103.418 E559.05238
G1 X117.066 Y103.418 E559.08255
G0 F15000 X117.553 Y98.555
G1 F1301.1 X117.526 Y98.603 E559.08459
G1 X117.471 Y98.603 E559.08662
G1 X117.443 Y98.555 E559.08867
G1 X117.47 Y98.507 E559.0907
G1 X117.525 Y98.507 E559.09273
G1 X117.553 Y98.555 E559.09478
G0 F15000 X117.066 Y99.057
G1 F1375.4 X117.066 Y98.058 E559.12967
G1 X117.93 Y98.058 E559.15985
G1 X117.93 Y99.054 E559.19463
G1 X117.066 Y99.057 E559.2248
G0 F15000 X117.341 Y99.057
G1 F2700 E558.7248
G0 F15000 X117.828 Y103.945
G0 X117.828 Y105.05
G0 X117.828 Y112.37
G0 X117.828 Y113.475
G0 X117.821 Y114.107
;TYPE:FILL
G1 F2700 E559.2248
G1 F1375.4 X117.175 Y114.107 E559.25005
G1 X117.175 Y115.325 E559.29765
G1 X117.333 Y115.167 E559.30638
G1 X117.821 Y115.166 E559.32545
G1 X117.821 Y114.835 E559.33839
G1 X117.334 Y114.835 E559.35742
G1 X117.175 Y114.676 E559.36621
G1 X117.101 Y114.602
G0 F15000 X116.73 Y115
M204 S5000
;TYPE:WALL-INNER
G1 F1375.4 X116.73 Y116.334 E559.4128
G1 X118.266 Y116.334 E559.46644
G1 X118.266 Y113.662 E559.55975
G1 X116.73 Y113.662 E559.6134
G1 X116.73 Y115 E559.66012
M204 S10000
G0 F15000 X116.31 Y115
M204 S5000
;TYPE:WALL-OUTER
G1 F1375.4 X116.31 Y116.754 E559.72138
G1 X118.686 Y116.754 E559.80436
G1 X118.686 Y113.242 E559.92701
G1 X116.31 Y113.242 E560.00998
G1 X116.31 Y115 E560.07138
M204 S10000
G0 F15000 X116.31 Y115.2
G0 X117.341 Y115.2
G1 F2700 E559.57138
G0 F15000 X117.021 Y116.525
G0 X117.021 Y117.63
G0 X117.021 Y124.951
G0 X117.021 Y126.056
G0 X116.73 Y126.246
M204 S5000
;TYPE:WALL-INNER
G1 F2700 E560.07138
G1 F1375.4 X116.73 Y132.277 E560.282
G1 X118.266 Y132.274 E560.33564
G1 X118.266 Y126.246 E560.54616
G1 X116.73 Y126.246 E560.5998
M204 S10000
G0 F15000 X116.31 Y125.826
M204 S5000
;TYPE:WALL-OUTER
G1 F1375.4 X116.31 Y132.697 E560.83976
G1 X118.686 Y132.694 E560.92273
G1 X118.686 Y125.826 E561.16259
G1 X116.31 Y125.826 E561.24556
M204 S10000
G0 F15000 X116.31 Y126.026
G0 X116.991 Y126.506
G0 X117.553 Y127.08
;TYPE:SKIN
G1 F1301.1 X117.526 Y127.128 E561.2476
G1 X117.471 Y127.128 E561.24963
G1 X117.443 Y127.08 E561.25168
G1 X117.47 Y127.032 E561.25371
G1 X117.525 Y127.032 E561.25574
G1 X117.553 Y127.08 E561.25779
G0 F15000 X117.066 Y126.582
G1 F1375.4 X117.93 Y126.582 E561.28797
G1 X117.93 Y127.578 E561.32275
G1 X117.066 Y127.578 E561.35292
G1 X117.066 Y126.582 E561.38771
G0 F15000 X117.553 Y131.441
G1 F1301.1 X117.526 Y131.489 E561.38974
G1 X117.471 Y131.489 E561.39177
G1 X117.443 Y131.441 E561.39382
G1 X117.47 Y131.393 E561.39586
G1 X117.525 Y131.393 E561.39789
G1 X117.553 Y131.441 E561.39994
G0 F15000 X117.066 Y130.946
G1 F1375.4 X117.93 Y130.943 E561.43011
G1 X117.93 Y131.938 E561.46486
G1 X117.066 Y131.938 E561.49503
G1 X117.066 Y130.946 E561.52968
G0 F15000 X117.341 Y130.946
G1 F2700 E561.02968
;MESH:NONMESH
G0 F600 Z29.8
G0 F15000 X117.021 Y126.056
G0 X117.021 Y124.951
G0 X115.448 Y117.618
G0 X115.448 Y112.382
G0 X117.034 Y105.05
G0 X117.034 Y103.945
G0 X117.021 Y103.438
G0 X116.73 Y103.438
;TIME_ELAPSED:795.193278
;LAYER:148
;note -- min layer time used
M204 S5000
;TYPE:WALL-INNER
;MESH:Stickmaaaaan.obj
G1 F2700 E561.52968
G1 F1376.6 X118.266 Y103.441 E561.58332
G1 X118.266 Y97.41 E561.79394
G1 X116.73 Y97.41 E561.84758
G1 X116.73 Y103.438 E562.0581
M204 S10000
G0 F15000 X116.31 Y103.858
M204 S5000
;TYPE:WALL-OUTER
G1 F1376.6 X118.686 Y103.861 E562.14108
G1 X118.686 Y96.99 E562.38104
G1 X116.31 Y96.99 E562.46401
G1 X116.31 Y103.858 E562.70386
M204 S10000
G0 F15000 X116.51 Y103.858
G0 X116.991 Y103.181
G0 X117.553 Y102.604
;TYPE:SKIN
G1 F1302.2 X117.526 Y102.652 E562.7059
G1 X117.471 Y102.652 E562.70793
G1 X117.443 Y102.604 E562.70998
G1 X117.47 Y102.556 E562.71201
G1 X117.525 Y102.556 E562.71404
G1 X117.553 Y102.604 E562.7161
G0 F15000 X117.066 Y103.102
G1 F1376.6 X117.066 Y102.106 E562.75088
G1 X117.93 Y102.106 E562.78105
G1 X117.93 Y103.102 E562.81584
G1 X117.066 Y103.102 E562.84601
G0 F15000 X117.553 Y98.243
G1 F1302.2 X117.526 Y98.291 E562.84804
G1 X117.471 Y98.291 E562.85007
G1 X117.443 Y98.243 E562.85212
G1 X117.47 Y98.195 E562.85416
G1 X117.525 Y98.195 E562.85619
G1 X117.553 Y98.243 E562.85824
G0 F15000 X117.066 Y98.745
G1 F1376.6 X117.066 Y97.746 E562.89313
G1 X117.93 Y97.746 E562.9233
G1 X117.93 Y98.742 E562.95809
G1 X117.066 Y98.745 E562.98826
G0 F15000 X117.341 Y98.745
G1 F2700 E562.48826
G0 F15000 X117.828 Y103.632
G0 X117.828 Y104.737
G0 X117.828 Y112.37
G0 X117.828 Y113.475
G0 X117.821 Y114.107
;TYPE:FILL
G1 F2700 E562.98826
G1 F1376.6 X117.175 Y114.107 E563.01351
G1 X117.175 Y115.325 E563.06111
G1 X117.333 Y115.167 E563.06984
G1 X117.821 Y115.166 E563.08891
G1 X117.821 Y114.835 E563.10184
G1 X117.334 Y114.835 E563.12088
G1 X117.175 Y114.676 E563.12966
G1 X117.101 Y114.602
G0 F15000 X116.73 Y115
M204 S5000
;TYPE:WALL-INNER
G1 F1376.6 X116.73 Y116.334 E563.17625
G1 X118.266 Y116.334 E563.22989
G1 X118.266 Y113.662 E563.32321
G1 X116.73 Y113.662 E563.37685
G1 X116.73 Y115 E563.42358
M204 S10000
G0 F15000 X116.31 Y115
M204 S5000
;TYPE:WALL-OUTER
G1 F1376.6 X116.31 Y116.754 E563.48483
G1 X118.686 Y116.754 E563.56781
G1 X118.686 Y113.242 E563.69046
G1 X116.31 Y113.242 E563.77344
G1 X116.31 Y115 E563.83483
M204 S10000
G0 F15000 X116.31 Y115.2
G0 X117.341 Y115.2
G1 F2700 E563.33483
G0 F15000 X117.021 Y116.525
G0 X117.021 Y117.63
G0 X117.021 Y125.264
G0 X117.021 Y126.369
G0 X116.73 Y126.558
M204 S5000
;TYPE:WALL-INNER
G1 F2700 E563.83483
G1 F1376.6 X116.73 Y132.589 E564.04545
G1 X118.266 Y132.586 E564.0991
G1 X118.266 Y126.558 E564.30961
G1 X116.73 Y126.558 E564.36325
M204 S10000
G0 F15000 X116.31 Y126.138
M204 S5000
;TYPE:WALL-OUTER
G1 F1376.6 X116.31 Y133.009 E564.60321
G1 X118.686 Y133.006 E564.68619
G1 X118.686 Y126.138 E564.92604
G1 X116.31 Y126.138 E565.00902
M204 S10000
G0 F15000 X116.31 Y126.338
G0 X116.991 Y126.819
G0 X117.553 Y127.392
;TYPE:SKIN
G1 F1302.2 X117.526 Y127.44 E565.01105
G1 X117.471 Y127.44 E565.01308
G1 X117.443 Y127.392 E565.01513
G1 X117.47 Y127.344 E565.01717
G1 X117.525 Y127.344 E565.0192
G1 X117.553 Y127.392 E565.02125
G0 F15000 X117.066 Y126.894
G1 F1376.6 X117.93 Y126.894 E565.05142
G1 X117.93 Y127.89 E565.08621
G1 X117.066 Y127.89 E565.11638
G1 X117.066 Y126.894 E565.15116
G0 F15000 X117.553 Y131.753
G1 F1302.2 X117.526 Y131.801 E565.1532
G1 X117.471 Y131.801 E565.15523
G1 X117.443 Y131.753 E565.15728
G1 X117.47 Y131.705 E565.15931
G1 X117.525 Y131.705 E565.16134
G1 X117.553 Y131.753 E565.16339
G0 F15000 X117.066 Y131.258
G1 F1376.6 X117.93 Y131.255 E565.19357
G1 X117.93 Y132.25 E565.22832
G1 X117.066 Y132.25 E565.25849
G1 X117.066 Y131.258 E565.29313
G0 F15000 X117.341 Y131.258
G1 F2700 E564.79313
;MESH:NONMESH
G0 F600 Z30
G0 F15000 X117.021 Y126.369
G0 X117.021 Y125.264
G0 X115.448 Y117.618
G0 X115.448 Y112.382
G0 X117.034 Y104.737
G0 X117.034 Y103.632
G0 X117.021 Y103.126
G0 X116.73 Y103.126
;TIME_ELAPSED:800.898302
;LAYER:149
;note -- min layer time used
M204 S5000
;TYPE:WALL-INNER
;MESH:Stickmaaaaan.obj
G1 F2700 E565.29313
G1 F1378.4 X118.266 Y103.129 E565.34678
G1 X118.266 Y97.095 E565.5575
G1 X116.73 Y97.098 E565.61114
G1 X116.73 Y103.126 E565.82166
M204 S10000
G0 F15000 X116.31 Y103.546
M204 S5000
;TYPE:WALL-OUTER
G1 F1378.4 X118.686 Y103.549 E565.90464
G1 X118.686 Y96.675 E566.1447
G1 X116.31 Y96.678 E566.22768
G1 X116.31 Y103.546 E566.46753
M204 S10000
G0 F15000 X116.51 Y103.546
G0 X116.991 Y102.869
G0 X117.553 Y102.292
;TYPE:SKIN
G1 F1303.9 X117.526 Y102.34 E566.46956
G1 X117.471 Y102.34 E566.47159
G1 X117.443 Y102.292 E566.47364
G1 X117.47 Y102.244 E566.47568
G1 X117.525 Y102.244 E566.47771
G1 X117.553 Y102.292 E566.47976
G0 F15000 X117.066 Y102.79
G1 F1378.4 X117.066 Y101.794 E566.51454
G1 X117.93 Y101.794 E566.54472
G1 X117.93 Y102.79 E566.5795
G1 X117.066 Y102.79 E566.60967
G0 F15000 X117.553 Y97.927
G1 F1303.9 X117.526 Y97.975 E566.61171
G1 X117.471 Y97.975 E566.61374
G1 X117.443 Y97.927 E566.61579
G1 X117.47 Y97.879 E566.61782
G1 X117.525 Y97.879 E566.61985
G1 X117.553 Y97.927 E566.6219
G0 F15000 X117.066 Y98.429
G1 F1378.4 X117.066 Y97.43 E566.65679
G1 X117.93 Y97.43 E566.68697
G1 X117.93 Y98.426 E566.72175
G1 X117.066 Y98.429 E566.75192
G0 F15000 X117.341 Y98.429
G1 F2700 E566.25192
G0 F15000 X117.828 Y103.32
G0 X117.828 Y104.425
G0 X117.828 Y112.37
G0 X117.828 Y113.475
G0 X117.821 Y114.107
;TYPE:FILL
G1 F2700 E566.75192
G1 F1378.4 X117.175 Y114.107 E566.77717
G1 X117.175 Y115.325 E566.82477
G1 X117.333 Y115.167 E566.8335
G1 X117.821 Y115.166 E566.85257
G1 X117.821 Y114.835 E566.86551
G1 X117.334 Y114.835 E566.88454
G1 X117.175 Y114.676 E566.89333
G1 X117.101 Y114.602
G0 F15000 X116.73 Y115
M204 S5000
;TYPE:WALL-INNER
G1 F1378.4 X116.73 Y116.334 E566.93992
G1 X118.266 Y116.334 E566.99356
G1 X118.266 Y113.662 E567.08687
G1 X116.73 Y113.662 E567.14052
G1 X116.73 Y115 E567.18724
M204 S10000
G0 F15000 X116.31 Y115
M204 S5000
;TYPE:WALL-OUTER
G1 F1378.4 X116.31 Y116.754 E567.2485
G1 X118.686 Y116.754 E567.33148
G1 X118.686 Y113.242 E567.45413
G1 X116.31 Y113.242 E567.5371
G1 X116.31 Y115 E567.5985
M204 S10000
G0 F15000 X116.31 Y115.2
G0 X117.341 Y115.2
G1 F2700 E567.0985
G0 F15000 X117.021 Y116.525
G0 X117.021 Y117.63
G0 X117.021 Y125.576
G0 X117.021 Y126.681
G0 X116.73 Y126.87
M204 S5000
;TYPE:WALL-INNER
G1 F2700 E567.5985
G1 F1378.4 X116.73 Y132.902 E567.80915
G1 X118.266 Y132.902 E567.8628
G1 X118.266 Y126.87 E568.07345
G1 X116.73 Y126.87 E568.12709
M204 S10000
G0 F15000 X116.31 Y126.45
M204 S5000
;TYPE:WALL-OUTER
G1 F1378.4 X116.31 Y133.322 E568.36709
G1 X118.686 Y133.322 E568.45006
G1 X118.686 Y126.45 E568.69006
G1 X116.31 Y126.45 E568.77303
M204 S10000
G0 F15000 X116.31 Y126.65
G0 X116.991 Y127.131
G0 X117.553 Y127.704
;TYPE:SKIN
G1 F1303.9 X117.526 Y127.752 E568.77507
G1 X117.471 Y127.752 E568.7771
G1 X117.443 Y127.704 E568.77915
G1 X117.47 Y127.656 E568.78118
G1 X117.525 Y127.656 E568.78321
G1 X117.553 Y127.704 E568.78526
G0 F15000 X117.066 Y127.206
G1 F1378.4 X117.93 Y127.206 E568.81544
G1 X117.93 Y128.202 E568.85022
G1 X117.066 Y128.202 E568.88039
G1 X117.066 Y127.206 E568.91518
G0 F15000 X117.553 Y132.067
G1 F1303.9 X117.526 Y132.115 E568.91721
G1 X117.471 Y132.115 E568.91924
G1 X117.443 Y132.067 E568.92129
G1 X117.47 Y132.019 E568.92333
G1 X117.525 Y132.019 E568.92536
G1 X117.553 Y132.067 E568.92741
G0 F15000 X117.066 Y131.57
G1 F1378.4 X117.93 Y131.567 E568.95758
G1 X117.93 Y132.566 E568.99247
G1 X117.066 Y132.566 E569.02264
G1 X117.066 Y131.57 E569.05743
G0 F15000 X117.341 Y131.57
G1 F2700 E568.55743
;MESH:NONMESH
G0 F600 Z30.2
G0 F15000 X117.021 Y126.681
G0 X117.021 Y125.576
G0 X115.448 Y117.618
G0 X115.448 Y112.382
G0 X117.034 Y104.425
G0 X117.034 Y103.32
G0 X117.021 Y102.814
G0 X116.73 Y102.814
;TIME_ELAPSED:806.602544
;LAYER:150
;note -- min layer time used
M204 S5000
;TYPE:WALL-INNER
;MESH:Stickmaaaaan.obj
G1 F2700 E569.05743
G1 F1379.9 X118.266 Y102.814 E569.11107
G1 X118.266 Y96.783 E569.32169
G1 X116.73 Y96.786 E569.37533
G1 X116.73 Y102.814 E569.58585
M204 S10000
G0 F15000 X116.31 Y103.234
M204 S5000
;TYPE:WALL-OUTER
G1 F1379.9 X118.686 Y103.234 E569.66883
G1 X118.686 Y96.363 E569.90878
G1 X116.31 Y96.366 E569.99176
G1 X116.31 Y103.234 E570.23161
M204 S10000
G0 F15000 X116.51 Y103.234
G0 X116.991 Y102.556
G0 X117.553 Y101.98
;TYPE:SKIN
G1 F1305.3 X117.526 Y102.028 E570.23365
G1 X117.471 Y102.028 E570.23568
G1 X117.443 Y101.98 E570.23773
G1 X117.47 Y101.932 E570.23976
G1 X117.525 Y101.932 E570.24179
G1 X117.553 Y101.98 E570.24384
G0 F15000 X117.066 Y102.478
G1 F1379.9 X117.066 Y101.482 E570.27863
G1 X117.93 Y101.482 E570.3088
G1 X117.93 Y102.478 E570.34358
G1 X117.066 Y102.478 E570.37376
G0 F15000 X117.553 Y97.618
G1 F1305.3 X117.526 Y97.666 E570.37579
G1 X117.471 Y97.666 E570.37782
G1 X117.443 Y97.618 E570.37987
G1 X117.47 Y97.57 E570.38191
G1 X117.525 Y97.57 E570.38394
G1 X117.553 Y97.618 E570.38599
G0 F15000 X117.066 Y98.118
G1 F1379.9 X117.066 Y97.118 E570.42091
G1 X117.93 Y97.118 E570.45109
G1 X117.93 Y98.118 E570.48601
G1 X117.066 Y98.118 E570.51618
G0 F15000 X117.341 Y98.118
G1 F2700 E570.01618
G0 F15000 X117.828 Y103.007
G0 X117.828 Y104.112
G0 X117.828 Y112.37
G0 X117.828 Y113.475
G0 X117.821 Y114.107
;TYPE:FILL
G1 F2700 E570.51618
G1 F1379.9 X117.175 Y114.107 E570.54143
G1 X117.175 Y115.325 E570.58903
G1 X117.333 Y115.167 E570.59776
G1 X117.821 Y115.166 E570.61683
G1 X117.821 Y114.835 E570.62977
G1 X117.334 Y114.835 E570.6488
G1 X117.175 Y114.676 E570.65759
G1 X117.101 Y114.602
G0 F15000 X116.73 Y115
M204 S5000
;TYPE:WALL-INNER
G1 F1379.9 X116.73 Y116.334 E570.70418
G1 X118.266 Y116.334 E570.75782
G1 X118.266 Y113.662 E570.85113
G1 X116.73 Y113.662 E570.90477
G1 X116.73 Y115 E570.9515
M204 S10000
G0 F15000 X116.31 Y115
M204 S5000
;TYPE:WALL-OUTER
G1 F1379.9 X116.31 Y116.754 E571.01276
G1 X118.686 Y116.754 E571.09573
G1 X118.686 Y113.242 E571.21838
G1 X116.31 Y113.242 E571.30136
G1 X116.31 Y115 E571.36276
M204 S10000
G0 F15000 X116.31 Y115.2
G0 X117.341 Y115.2
G1 F2700 E570.86276
G0 F15000 X117.021 Y116.525
G0 X117.021 Y117.63
G0 X117.021 Y125.889
G0 X117.021 Y126.994
G0 X116.73 Y127.182
M204 S5000
;TYPE:WALL-INNER
G1 F2700 E571.36276
G1 F1379.9 X116.73 Y133.214 E571.57341
G1 X118.266 Y133.214 E571.62705
G1 X118.266 Y127.182 E571.83771
G1 X116.73 Y127.182 E571.89135
M204 S10000
G0 F15000 X116.31 Y126.762
M204 S5000
;TYPE:WALL-OUTER
G1 F1379.9 X116.31 Y133.634 E572.13134
G1 X118.686 Y133.634 E572.21432
G1 X118.686 Y126.762 E572.45431
G1 X116.31 Y126.762 E572.53729
M204 S10000
G0 F15000 X116.31 Y126.962
G0 X116.991 Y127.444
G0 X117.553 Y128.015
;TYPE:SKIN
G1 F1305.3 X117.526 Y128.063 E572.53932
G1 X117.471 Y128.063 E572.54135
G1 X117.443 Y128.015 E572.54341
G1 X117.47 Y127.967 E572.54544
G1 X117.525 Y127.967 E572.54747
G1 X117.553 Y128.015 E572.54952
G0 F15000 X117.066 Y127.518
G1 F1379.9 X117.93 Y127.518 E572.5797
G1 X117.93 Y128.517 E572.61458
G1 X117.066 Y128.514 E572.64476
G1 X117.066 Y127.518 E572.67954
G0 F15000 X117.553 Y132.379
G1 F1305.3 X117.526 Y132.427 E572.68157
G1 X117.471 Y132.427 E572.6836
G1 X117.443 Y132.379 E572.68566
G1 X117.47 Y132.331 E572.68769
G1 X117.525 Y132.331 E572.68972
G1 X117.553 Y132.379 E572.69177
G0 F15000 X117.066 Y131.882
G1 F1379.9 X117.93 Y131.879 E572.72195
G1 X117.93 Y132.878 E572.75683
G1 X117.066 Y132.878 E572.78701
G1 X117.066 Y131.882 E572.82179
G0 F15000 X117.341 Y131.882
G1 F2700 E572.32179
;MESH:NONMESH
G0 F600 Z30.4
G0 F15000 X117.021 Y126.994
G0 X117.021 Y125.889
G0 X115.448 Y117.618
G0 X115.448 Y112.382
G0 X117.035 Y104.112
G0 X117.035 Y103.007
G0 X117.021 Y102.502
G0 X116.73 Y102.502
;TIME_ELAPSED:812.305919
;LAYER:151
;note -- min layer time used
M204 S5000
;TYPE:WALL-INNER
;MESH:Stickmaaaaan.obj
G1 F2700 E572.82179
G1 F1381.5 X118.266 Y102.502 E572.87543
G1 X118.266 Y96.47 E573.08609
G1 X116.73 Y96.47 E573.13973
G1 X116.73 Y102.502 E573.35039
M204 S10000
G0 F15000 X116.31 Y102.922
M204 S5000
;TYPE:WALL-OUTER
G1 F1381.5 X118.686 Y102.922 E573.43336
G1 X118.686 Y96.05 E573.67336
G1 X116.31 Y96.05 E573.75633
G1 X116.31 Y102.922 E573.99633
M204 S10000
G0 F15000 X116.51 Y102.922
G0 X116.991 Y102.243
G0 X117.553 Y101.668
;TYPE:SKIN
G1 F1306.8 X117.526 Y101.716 E573.99836
G1 X117.471 Y101.716 E574.00039
G1 X117.443 Y101.668 E574.00244
G1 X117.47 Y101.62 E574.00447
G1 X117.525 Y101.62 E574.0065
G1 X117.553 Y101.668 E574.00856
G0 F15000 X117.066 Y102.166
G1 F1381.5 X117.066 Y101.17 E574.04334
G1 X117.93 Y101.17 E574.07351
G1 X117.93 Y102.166 E574.1083
G1 X117.066 Y102.166 E574.13847
G0 F15000 X117.553 Y97.303
G1 F1306.8 X117.526 Y97.351 E574.1405
G1 X117.471 Y97.351 E574.14253
G1 X117.443 Y97.303 E574.14459
G1 X117.47 Y97.255 E574.14662
G1 X117.525 Y97.255 E574.14865
G1 X117.553 Y97.303 E574.1507
G0 F15000 X117.066 Y97.805
G1 F1381.5 X117.066 Y96.806 E574.18559
G1 X117.93 Y96.806 E574.21576
G1 X117.93 Y97.802 E574.25055
G1 X117.066 Y97.805 E574.28072
G0 F15000 X117.341 Y97.805
G1 F2700 E573.78072
G0 F15000 X117.828 Y102.694
G0 X117.828 Y103.799
G0 X117.828 Y112.37
G0 X117.828 Y113.475
G0 X117.821 Y114.107
;TYPE:FILL
G1 F2700 E574.28072
G1 F1381.5 X117.175 Y114.107 E574.30597
G1 X117.175 Y115.325 E574.35357
G1 X117.333 Y115.167 E574.3623
G1 X117.821 Y115.166 E574.38137
G1 X117.821 Y114.835 E574.39431
G1 X117.334 Y114.835 E574.41334
G1 X117.175 Y114.676 E574.42213
G1 X117.101 Y114.602
G0 F15000 X116.73 Y115
M204 S5000
;TYPE:WALL-INNER
G1 F1381.5 X116.73 Y116.334 E574.46871
G1 X118.266 Y116.334 E574.52236
G1 X118.266 Y113.662 E574.61567
G1 X116.73 Y113.662 E574.66931
G1 X116.73 Y115 E574.71604
M204 S10000
G0 F15000 X116.31 Y115
M204 S5000
;TYPE:WALL-OUTER
G1 F1381.5 X116.31 Y116.754 E574.77729
G1 X118.686 Y116.754 E574.86027
G1 X118.686 Y113.242 E574.98292
G1 X116.31 Y113.242 E575.0659
G1 X116.31 Y115 E575.12729
M204 S10000
G0 F15000 X116.31 Y115.2
G0 X117.341 Y115.2
G1 F2700 E574.62729
G0 F15000 X117.021 Y116.525
G0 X117.021 Y117.63
G0 X117.021 Y126.202
G0 X117.021 Y127.307
G0 X116.73 Y127.494
M204 S5000
;TYPE:WALL-INNER
G1 F2700 E575.12729
G1 F1381.5 X116.73 Y133.526 E575.33795
G1 X118.266 Y133.526 E575.39159
G1 X118.266 Y127.494 E575.60225
G1 X116.73 Y127.494 E575.65589
M204 S10000
G0 F15000 X116.31 Y127.074
M204 S5000
;TYPE:WALL-OUTER
G1 F1381.5 X116.31 Y133.946 E575.89588
G1 X118.686 Y133.946 E575.97886
G1 X118.686 Y127.074 E576.21885
G1 X116.31 Y127.074 E576.30183
M204 S10000
G0 F15000 X116.31 Y127.274
G0 X116.991 Y127.757
G0 X117.553 Y128.327
;TYPE:SKIN
G1 F1306.8 X117.526 Y128.375 E576.30386
G1 X117.471 Y128.375 E576.30589
G1 X117.443 Y128.327 E576.30794
G1 X117.47 Y128.279 E576.30998
G1 X117.525 Y128.279 E576.31201
G1 X117.553 Y128.327 E576.31406
G0 F15000 X117.066 Y127.83
G1 F1381.5 X117.93 Y127.83 E576.34423
G1 X117.93 Y128.829 E576.37912
G1 X117.066 Y128.826 E576.4093
G1 X117.066 Y127.83 E576.44408
G0 F15000 X117.553 Y132.691
G1 F1306.8 X117.526 Y132.739 E576.44611
G1 X117.471 Y132.739 E576.44814
G1 X117.443 Y132.691 E576.45019
G1 X117.47 Y132.643 E576.45223
G1 X117.525 Y132.643 E576.45426
G1 X117.553 Y132.691 E576.45631
G0 F15000 X117.066 Y132.194
G1 F1381.5 X117.93 Y132.191 E576.48648
G1 X117.93 Y133.19 E576.52137
G1 X117.066 Y133.19 E576.55154
G1 X117.066 Y132.194 E576.58633
G0 F15000 X117.341 Y132.194
G1 F2700 E576.08633
;MESH:NONMESH
G0 F600 Z30.6
G0 F15000 X117.021 Y127.307
G0 X117.021 Y126.202
G0 X115.448 Y117.618
G0 X115.448 Y112.382
G0 X117.035 Y103.799
G0 X117.035 Y102.694
G0 X117.021 Y102.19
G0 X116.73 Y102.19
;TIME_ELAPSED:818.008493
;LAYER:152
;note -- min layer time used
M204 S5000
;TYPE:WALL-INNER
;MESH:Stickmaaaaan.obj
G1 F2700 E576.58633
G1 F1383 X118.266 Y102.19 E576.63997
G1 X118.266 Y96.158 E576.85063
G1 X116.73 Y96.158 E576.90427
G1 X116.73 Y102.19 E577.11492
M204 S10000
G0 F15000 X116.31 Y102.61
M204 S5000
;TYPE:WALL-OUTER
G1 F1383 X118.686 Y102.61 E577.1979
G1 X118.686 Y95.738 E577.43789
G1 X116.31 Y95.738 E577.52087
G1 X116.31 Y102.61 E577.76086
M204 S10000
G0 F15000 X116.51 Y102.61
G0 X116.991 Y101.931
G0 X117.553 Y101.356
;TYPE:SKIN
G1 F1308.3 X117.526 Y101.404 E577.7629
G1 X117.471 Y101.404 E577.76493
G1 X117.443 Y101.356 E577.76698
G1 X117.47 Y101.308 E577.76901
G1 X117.525 Y101.308 E577.77104
G1 X117.553 Y101.356 E577.77309
G0 F15000 X117.066 Y101.854
G1 F1383 X117.066 Y100.858 E577.80788
G1 X117.93 Y100.858 E577.83805
G1 X117.93 Y101.854 E577.87283
G1 X117.066 Y101.854 E577.90301
G0 F15000 X117.553 Y96.991
G1 F1308.3 X117.526 Y97.039 E577.90504
G1 X117.471 Y97.039 E577.90707
G1 X117.443 Y96.991 E577.90912
G1 X117.47 Y96.943 E577.91116
G1 X117.525 Y96.943 E577.91319
G1 X117.553 Y96.991 E577.91524
G0 F15000 X117.066 Y97.493
G1 F1383 X117.066 Y96.494 E577.95013
G1 X117.93 Y96.494 E577.9803
G1 X117.93 Y97.49 E578.01508
G1 X117.066 Y97.493 E578.04526
G0 F15000 X117.341 Y97.493
G1 F2700 E577.54526
G0 F15000 X117.828 Y102.382
G0 X117.828 Y103.487
G0 X117.828 Y112.37
G0 X117.828 Y113.475
G0 X117.821 Y114.107
;TYPE:FILL
G1 F2700 E578.04526
G1 F1383 X117.175 Y114.107 E578.0705
G1 X117.175 Y115.325 E578.1181
G1 X117.333 Y115.167 E578.12684
G1 X117.821 Y115.166 E578.14591
G1 X117.821 Y114.835 E578.15884
G1 X117.334 Y114.835 E578.17788
G1 X117.175 Y114.676 E578.18666
G1 X117.101 Y114.602
G0 F15000 X116.73 Y115
M204 S5000
;TYPE:WALL-INNER
G1 F1383 X116.73 Y116.334 E578.23325
G1 X118.266 Y116.334 E578.28689
G1 X118.266 Y113.662 E578.38021
G1 X116.73 Y113.662 E578.43385
G1 X116.73 Y115 E578.48058
M204 S10000
G0 F15000 X116.31 Y115
M204 S5000
;TYPE:WALL-OUTER
G1 F1383 X116.31 Y116.754 E578.54183
G1 X118.686 Y116.754 E578.62481
G1 X118.686 Y113.242 E578.74746
G1 X116.31 Y113.242 E578.83044
G1 X116.31 Y115 E578.89183
M204 S10000
G0 F15000 X116.31 Y115.2
G0 X117.341 Y115.2
G1 F2700 E578.39183
G0 F15000 X117.021 Y116.525
G0 X117.021 Y117.63
G0 X117.014 Y126.513
G0 X117.014 Y127.618
G0 X116.73 Y127.806
M204 S5000
;TYPE:WALL-INNER
G1 F2700 E578.89183
G1 F1383 X116.73 Y133.838 E579.10249
G1 X118.266 Y133.838 E579.15613
G1 X118.266 Y127.806 E579.36679
G1 X116.73 Y127.806 E579.42043
M204 S10000
G0 F15000 X116.31 Y127.386
M204 S5000
;TYPE:WALL-OUTER
G1 F1383 X116.31 Y134.258 E579.66042
G1 X118.686 Y134.258 E579.7434
G1 X118.686 Y127.386 E579.98339
G1 X116.31 Y127.386 E580.06637
M204 S10000
G0 F15000 X116.31 Y127.586
G0 X116.991 Y128.068
G0 X117.553 Y128.642
;TYPE:SKIN
G1 F1308.3 X117.526 Y128.69 E580.0684
G1 X117.471 Y128.69 E580.07043
G1 X117.443 Y128.642 E580.07248
G1 X117.47 Y128.594 E580.07452
G1 X117.525 Y128.594 E580.07655
G1 X117.553 Y128.642 E580.0786
G0 F15000 X117.066 Y128.142
G1 F1383 X117.93 Y128.142 E580.10877
G1 X117.93 Y129.142 E580.14369
G1 X117.066 Y129.142 E580.17387
G1 X117.066 Y128.142 E580.20879
G0 F15000 X117.553 Y133.003
G1 F1308.3 X117.526 Y133.051 E580.21082
G1 X117.471 Y133.051 E580.21285
G1 X117.443 Y133.003 E580.21491
G1 X117.47 Y132.955 E580.21694
G1 X117.525 Y132.955 E580.21897
G1 X117.553 Y133.003 E580.22102
G0 F15000 X117.066 Y132.506
G1 F1383 X117.93 Y132.503 E580.2512
G1 X117.93 Y133.502 E580.28608
G1 X117.066 Y133.502 E580.31626
G1 X117.066 Y132.506 E580.35104
G0 F15000 X117.341 Y132.506
G1 F2700 E579.85104
;MESH:NONMESH
G0 F600 Z30.8
G0 F15000 X117.158 Y127.618
G0 X117.158 Y126.513
G0 X115.448 Y117.618
G0 X115.448 Y112.382
G0 X117.172 Y103.487
G0 X117.172 Y102.382
G0 X117.175 Y97.598
;TIME_ELAPSED:823.724335
;LAYER:153
;note -- min layer time used
;TYPE:FILL
;MESH:Stickmaaaaan.obj
G1 F2700 E580.35104
G1 F1542.9 X117.231 Y97.543 E580.35411
G1 X117.821 Y97.541 E580.37717
G1 X117.767 Y97.542 E580.37928
G1 X117.821 Y97.596 E580.38226
G1 X117.821 Y100.184 E580.4834
G1 X117.175 Y100.184 E580.50865
G1 X117.175 Y97.598 E580.60971
G0 F15000 X116.991 Y101.619
G0 X116.73 Y101.878
M204 S5000
;TYPE:WALL-INNER
G1 F1542.9 X118.266 Y101.878 E580.66335
G1 X118.266 Y95.846 E580.87401
G1 X116.73 Y95.846 E580.92765
G1 X116.73 Y101.878 E581.13831
M204 S10000
G0 F15000 X116.31 Y102.298
M204 S5000
;TYPE:WALL-OUTER
G1 F1542.9 X118.686 Y102.298 E581.22128
G1 X118.686 Y95.426 E581.46128
G1 X116.31 Y95.426 E581.54425
G1 X116.31 Y102.298 E581.78425
M204 S10000
G0 F15000 X116.51 Y102.298
G0 X116.991 Y101.619
G0 X117.553 Y101.042
;TYPE:SKIN
G1 F1459.5 X117.526 Y101.09 E581.78628
G1 X117.471 Y101.09 E581.78831
G1 X117.443 Y101.042 E581.79036
G1 X117.47 Y100.994 E581.79239
G1 X117.525 Y100.994 E581.79442
G1 X117.553 Y101.042 E581.79648
G0 F15000 X117.066 Y101.542
G1 F1542.9 X117.066 Y100.542 E581.8314
G1 X117.93 Y100.542 E581.86157
G1 X117.93 Y101.542 E581.8965
G1 X117.066 Y101.542 E581.92667
G0 F15000 X117.553 Y96.679
G1 F1459.5 X117.526 Y96.727 E581.9287
G1 X117.471 Y96.727 E581.93073
G1 X117.443 Y96.679 E581.93278
G1 X117.47 Y96.631 E581.93482
G1 X117.525 Y96.631 E581.93685
G1 X117.553 Y96.679 E581.9389
G0 F15000 X117.066 Y97.181
G1 F1542.9 X117.066 Y96.182 E581.97379
G1 X117.93 Y96.182 E582.00396
G1 X117.93 Y97.178 E582.03875
G1 X117.066 Y97.181 E582.06892
G0 F15000 X117.341 Y97.181
G1 F2700 E581.56892
G0 F15000 X117.829 Y102.07
G0 X117.829 Y103.175
G0 X117.829 Y112.37
G0 X117.829 Y113.475
G0 X117.821 Y114.107
;TYPE:FILL
G1 F2700 E582.06892
G1 F1542.9 X117.175 Y114.107 E582.09417
G1 X117.175 Y115.325 E582.14177
G1 X117.333 Y115.167 E582.1505
G1 X117.821 Y115.166 E582.16957
G1 X117.821 Y114.835 E582.18251
G1 X117.334 Y114.835 E582.20154
G1 X117.175 Y114.676 E582.21033
G1 X117.101 Y114.602
G0 F15000 X116.73 Y115
M204 S5000
;TYPE:WALL-INNER
G1 F1542.9 X116.73 Y116.334 E582.25691
G1 X118.266 Y116.334 E582.31055
G1 X118.266 Y113.662 E582.40387
G1 X116.73 Y113.662 E582.45751
G1 X116.73 Y115 E582.50424
M204 S10000
G0 F15000 X116.31 Y115
M204 S5000
;TYPE:WALL-OUTER
G1 F1542.9 X116.31 Y116.754 E582.56549
G1 X118.686 Y116.754 E582.64847
G1 X118.686 Y113.242 E582.77112
G1 X116.31 Y113.242 E582.8541
G1 X116.31 Y115 E582.91549
M204 S10000
G0 F15000 X116.31 Y115.2
G0 X117.341 Y115.2
G1 F2700 E582.41549
G0 F15000 X117.821 Y116.525
G0 X117.821 Y117.63
G0 X117.814 Y126.825
G0 X117.814 Y127.93
G0 X117.821 Y129.816
;TYPE:FILL
G1 F2700 E582.91549
G1 F1542.9 X117.175 Y129.816 E582.94074
G1 X117.175 Y132.402 E583.0418
G1 X117.231 Y132.458 E583.0449
G1 X117.821 Y132.457 E583.06795
G1 X117.821 Y132.404 E583.07003
G1 X117.768 Y132.457 E583.07296
G1 X117.694 Y132.531
G0 F15000 X116.991 Y128.38
G0 X116.73 Y128.118
M204 S5000
;TYPE:WALL-INNER
G1 F1542.9 X116.73 Y134.15 E583.28361
G1 X118.266 Y134.15 E583.33725
G1 X118.266 Y128.118 E583.54791
G1 X116.73 Y128.118 E583.60155
M204 S10000
G0 F15000 X116.31 Y127.698
M204 S5000
;TYPE:WALL-OUTER
G1 F1542.9 X116.31 Y134.57 E583.84154
G1 X118.686 Y134.57 E583.92452
G1 X118.686 Y127.698 E584.16451
G1 X116.31 Y127.698 E584.24749
M204 S10000
G0 F15000 X116.31 Y127.898
G0 X116.991 Y128.38
G0 X117.553 Y128.954
;TYPE:SKIN
G1 F1459.5 X117.526 Y129.002 E584.24952
G1 X117.471 Y129.002 E584.25155
G1 X117.443 Y128.954 E584.25361
G1 X117.47 Y128.906 E584.25564
G1 X117.525 Y128.906 E584.25767
G1 X117.553 Y128.954 E584.25972
G0 F15000 X117.066 Y128.454
G1 F1542.9 X117.93 Y128.454 E584.28989
G1 X117.93 Y129.454 E584.32482
G1 X117.066 Y129.454 E584.35499
G1 X117.066 Y128.454 E584.38991
G0 F15000 X117.553 Y133.315
G1 F1459.5 X117.526 Y133.363 E584.39195
G1 X117.471 Y133.363 E584.39398
G1 X117.443 Y133.315 E584.39603
G1 X117.47 Y133.267 E584.39806
G1 X117.525 Y133.267 E584.40009
G1 X117.553 Y133.315 E584.40214
G0 F15000 X117.066 Y132.818
G1 F1542.9 X117.93 Y132.815 E584.43232
G1 X117.93 Y133.814 E584.46721
G1 X117.066 Y133.814 E584.49738
G1 X117.066 Y132.818 E584.53216
G0 F15000 X117.341 Y132.818
G1 F2700 E584.03216
;MESH:NONMESH
G0 F600 Z31
G0 F15000 X117.438 Y127.93
G0 X117.438 Y126.825
G0 X115.448 Y117.618
G0 X115.448 Y112.382
G0 X117.453 Y103.175
G0 X117.453 Y102.07
G0 X117.455 Y97.231
;TIME_ELAPSED:829.526078
;LAYER:154
;note -- min layer time used
;TYPE:FILL
;MESH:Stickmaaaaan.obj
G1 F2700 E584.53216
G1 F1563.3 X117.821 Y97.23 E584.54647
G1 X117.544 Y97.23 E584.55729
G1 X117.175 Y97.598 E584.57766
G1 X117.175 Y99.872 E584.66653
G1 X117.821 Y99.872 E584.69177
G1 X117.821 Y97.596 E584.78072
G1 X117.455 Y97.231 E584.80092
G0 F15000 X116.991 Y101.306
G0 X116.73 Y101.566
M204 S5000
;TYPE:WALL-INNER
G1 F1563.3 X118.266 Y101.566 E584.85456
G1 X118.266 Y95.534 E585.06522
G1 X116.73 Y95.534 E585.11886
G1 X116.73 Y101.566 E585.32952
M204 S10000
G0 F15000 X116.31 Y101.986
M204 S5000
;TYPE:WALL-OUTER
G1 F1563.3 X118.686 Y101.986 E585.4125
G1 X118.686 Y95.114 E585.65249
G1 X116.31 Y95.114 E585.73547
G1 X116.31 Y101.986 E585.97546
M204 S10000
G0 F15000 X116.51 Y101.986
G0 X116.991 Y101.306
G0 X117.553 Y100.73
;TYPE:SKIN
G1 F1478.8 X117.526 Y100.778 E585.97749
G1 X117.471 Y100.778 E585.97952
G1 X117.443 Y100.73 E585.98157
G1 X117.47 Y100.682 E585.98361
G1 X117.525 Y100.682 E585.98564
G1 X117.553 Y100.73 E585.98769
G0 F15000 X117.066 Y101.23
G1 F1563.3 X117.066 Y100.23 E586.02261
G1 X117.93 Y100.23 E586.05279
G1 X117.93 Y101.23 E586.08771
G1 X117.066 Y101.23 E586.11788
G0 F15000 X117.553 Y96.367
G1 F1478.8 X117.526 Y96.415 E586.11992
G1 X117.471 Y96.415 E586.12195
G1 X117.443 Y96.367 E586.124
G1 X117.47 Y96.319 E586.12603
G1 X117.525 Y96.319 E586.12806
G1 X117.553 Y96.367 E586.13011
G0 F15000 X117.066 Y96.869
G1 F1563.3 X117.066 Y95.87 E586.165
G1 X117.93 Y95.87 E586.19517
G1 X117.93 Y96.866 E586.22996
G1 X117.066 Y96.869 E586.26013
G0 F15000 X117.341 Y96.869
G1 F2700 E585.76013
G0 F15000 X117.829 Y101.757
G0 X117.829 Y102.862
G0 X117.829 Y112.37
G0 X117.829 Y113.475
G0 X117.821 Y114.107
;TYPE:FILL
G1 F2700 E586.26013
G1 F1563.3 X117.175 Y114.107 E586.28538
G1 X117.175 Y115.325 E586.33298
G1 X117.333 Y115.167 E586.34171
G1 X117.821 Y115.166 E586.36078
G1 X117.821 Y114.835 E586.37372
G1 X117.334 Y114.835 E586.39275
G1 X117.175 Y114.676 E586.40154
G1 X117.101 Y114.602
G0 F15000 X116.73 Y115
M204 S5000
;TYPE:WALL-INNER
G1 F1563.3 X116.73 Y116.334 E586.44813
G1 X118.266 Y116.334 E586.50177
G1 X118.266 Y113.662 E586.59508
G1 X116.73 Y113.662 E586.64872
G1 X116.73 Y115 E586.69545
M204 S10000
G0 F15000 X116.31 Y115
M204 S5000
;TYPE:WALL-OUTER
G1 F1563.3 X116.31 Y116.754 E586.75671
G1 X118.686 Y116.754 E586.83968
G1 X118.686 Y113.242 E586.96233
G1 X116.31 Y113.242 E587.04531
G1 X116.31 Y115 E587.10671
M204 S10000
G0 F15000 X116.31 Y115.2
G0 X117.341 Y115.2
G1 F2700 E586.60671
G0 F15000 X117.821 Y116.525
G0 X117.821 Y117.63
G0 X117.814 Y127.138
G0 X117.814 Y128.243
G0 X117.821 Y130.128
;TYPE:FILL
G1 F2700 E587.10671
G1 F1563.3 X117.175 Y130.128 E587.13195
G1 X117.175 Y132.771 E587.23524
G1 X117.455 Y132.771 E587.24618
G1 X117.821 Y132.404 E587.26644
G1 X117.821 Y132.769 E587.2807
G1 X117.543 Y132.77 E587.29157
G1 X117.175 Y132.402 E587.31191
G1 X117.101 Y132.328
G0 F15000 X116.991 Y128.693
G0 X116.73 Y128.431
M204 S5000
;TYPE:WALL-INNER
G1 F1563.3 X116.73 Y134.465 E587.52263
G1 X118.266 Y134.462 E587.57628
G1 X118.266 Y128.434 E587.78679
G1 X116.73 Y128.431 E587.84044
M204 S10000
G0 F15000 X116.31 Y128.011
M204 S5000
;TYPE:WALL-OUTER
G1 F1563.3 X116.31 Y134.885 E588.0805
G1 X118.686 Y134.882 E588.16347
G1 X118.686 Y128.014 E588.40333
G1 X116.31 Y128.011 E588.4863
M204 S10000
G0 F15000 X116.31 Y128.211
G0 X116.991 Y128.693
G0 X117.553 Y129.266
;TYPE:SKIN
G1 F1478.8 X117.526 Y129.314 E588.48834
G1 X117.471 Y129.314 E588.49037
G1 X117.443 Y129.266 E588.49242
G1 X117.47 Y129.218 E588.49445
G1 X117.525 Y129.218 E588.49648
G1 X117.553 Y129.266 E588.49853
G0 F15000 X117.066 Y128.766
G1 F1563.3 X117.93 Y128.766 E588.52871
G1 X117.93 Y129.766 E588.56363
G1 X117.066 Y129.766 E588.5938
G1 X117.066 Y128.766 E588.62873
G0 F15000 X117.553 Y133.627
G1 F1478.8 X117.526 Y133.675 E588.63076
G1 X117.471 Y133.675 E588.63279
G1 X117.443 Y133.627 E588.63484
G1 X117.47 Y133.579 E588.63688
G1 X117.525 Y133.579 E588.63891
G1 X117.553 Y133.627 E588.64096
G0 F15000 X117.066 Y133.13
G1 F1563.3 X117.93 Y133.127 E588.67113
G1 X117.93 Y134.126 E588.70602
G1 X117.066 Y134.126 E588.73619
G1 X117.066 Y133.13 E588.77098
G0 F15000 X117.341 Y133.13
G1 F2700 E588.27098
;MESH:NONMESH
G0 F600 Z31.2
G0 F15000 X117.158 Y128.243
G0 X117.158 Y127.138
G0 X115.448 Y117.618
G0 X115.448 Y112.382
G0 X117.173 Y102.862
G0 X117.173 Y101.757
G0 X117.175 Y96.95
;TIME_ELAPSED:835.325793
;LAYER:155
;note -- min layer time used
;TYPE:FILL
;MESH:Stickmaaaaan.obj
G1 F2700 E588.77098
G1 F1513.1 X117.333 Y97.108 E588.77971
G1 X117.821 Y97.109 E588.79878
G1 X117.821 Y97.44 E588.81172
G1 X117.334 Y97.44 E588.83075
G1 X117.175 Y97.598 E588.83951
G1 X117.175 Y96.918 E588.86608
G1 X117.821 Y96.916 E588.89133
G1 X117.926 Y96.916
G0 F15000 X116.991 Y100.994
G0 X116.73 Y101.254
M204 S5000
;TYPE:WALL-INNER
G1 F1513.1 X118.266 Y101.254 E588.94497
G1 X118.266 Y95.222 E589.15563
G1 X116.73 Y95.222 E589.20927
G1 X116.73 Y101.254 E589.41993
M204 S10000
G0 F15000 X116.31 Y101.674
M204 S5000
;TYPE:WALL-OUTER
G1 F1513.1 X118.686 Y101.674 E589.5029
G1 X118.686 Y94.802 E589.7429
G1 X116.31 Y94.802 E589.82587
G1 X116.31 Y101.674 E590.06587
M204 S10000
G0 F15000 X116.51 Y101.674
G0 X116.991 Y100.994
G0 X117.553 Y100.418
;TYPE:SKIN
G1 F1431.3 X117.526 Y100.466 E590.0679
G1 X117.471 Y100.466 E590.06993
G1 X117.443 Y100.418 E590.07198
G1 X117.47 Y100.37 E590.07401
G1 X117.525 Y100.37 E590.07604
G1 X117.553 Y100.418 E590.0781
G0 F15000 X117.066 Y100.918
G1 F1513.1 X117.066 Y99.918 E590.11302
G1 X117.93 Y99.918 E590.14319
G1 X117.93 Y100.918 E590.17812
G1 X117.066 Y100.918 E590.20829
G0 F15000 X117.553 Y96.055
G1 F1431.3 X117.526 Y96.103 E590.21032
G1 X117.471 Y96.103 E590.21235
G1 X117.443 Y96.055 E590.21441
G1 X117.47 Y96.007 E590.21644
G1 X117.525 Y96.007 E590.21847
G1 X117.553 Y96.055 E590.22052
G0 F15000 X117.066 Y96.557
G1 F1513.1 X117.066 Y95.558 E590.25541
G1 X117.93 Y95.558 E590.28558
G1 X117.93 Y96.554 E590.32037
G1 X117.066 Y96.557 E590.35054
G0 F15000 X117.341 Y96.557
G1 F2700 E589.85054
G0 F15000 X117.829 Y101.445
G0 X117.829 Y102.55
G0 X117.829 Y112.37
G0 X117.829 Y113.475
G0 X117.821 Y114.107
;TYPE:FILL
G1 F2700 E590.35054
G1 F1513.1 X117.175 Y114.107 E590.37579
G1 X117.175 Y115.325 E590.42339
G1 X117.333 Y115.167 E590.43212
G1 X117.821 Y115.166 E590.45119
G1 X117.821 Y114.835 E590.46413
G1 X117.334 Y114.835 E590.48316
G1 X117.175 Y114.676 E590.49195
G1 X117.101 Y114.602
G0 F15000 X116.73 Y115
M204 S5000
;TYPE:WALL-INNER
G1 F1513.1 X116.73 Y116.334 E590.53853
G1 X118.266 Y116.334 E590.59217
G1 X118.266 Y113.662 E590.68549
G1 X116.73 Y113.662 E590.73913
G1 X116.73 Y115 E590.78586
M204 S10000
G0 F15000 X116.31 Y115
M204 S5000
;TYPE:WALL-OUTER
G1 F1513.1 X116.31 Y116.754 E590.84711
G1 X118.686 Y116.754 E590.93009
G1 X118.686 Y113.242 E591.05274
G1 X116.31 Y113.242 E591.13572
G1 X116.31 Y115 E591.19711
M204 S10000
G0 F15000 X116.31 Y115.2
G0 X117.341 Y115.2
G1 F2700 E590.69711
G0 F15000 X117.821 Y116.525
G0 X117.821 Y117.63
G0 X117.813 Y127.45
G0 X117.813 Y128.555
G0 X117.821 Y130.441
;TYPE:FILL
G1 F2700 E591.19711
G1 F1513.1 X117.175 Y130.441 E591.22236
G1 X117.175 Y133.05 E591.32432
G1 X117.333 Y132.892 E591.33305
G1 X117.821 Y132.892 E591.35212
G1 X117.821 Y132.56 E591.3651
G1 X117.333 Y132.56 E591.38417
G1 X117.175 Y132.402 E591.3929
G1 X117.101 Y132.328
G0 F15000 X116.991 Y129.005
G0 X116.73 Y128.743
M204 S5000
;TYPE:WALL-INNER
G1 F1513.1 X116.73 Y134.777 E591.60363
G1 X118.266 Y134.774 E591.65727
G1 X118.266 Y128.746 E591.86779
G1 X116.73 Y128.743 E591.92143
M204 S10000
G0 F15000 X116.31 Y128.323
M204 S5000
;TYPE:WALL-OUTER
G1 F1513.1 X116.31 Y135.197 E592.16149
G1 X118.686 Y135.194 E592.24447
G1 X118.686 Y128.326 E592.48432
G1 X116.31 Y128.323 E592.5673
M204 S10000
G0 F15000 X116.31 Y128.523
G0 X116.991 Y129.005
G0 X117.553 Y129.578
;TYPE:SKIN
G1 F1431.3 X117.526 Y129.626 E592.56933
G1 X117.471 Y129.626 E592.57136
G1 X117.443 Y129.578 E592.57341
G1 X117.47 Y129.53 E592.57545
G1 X117.525 Y129.53 E592.57748
G1 X117.553 Y129.578 E592.57953
G0 F15000 X117.066 Y129.078
G1 F1513.1 X117.93 Y129.078 E592.6097
G1 X117.93 Y130.078 E592.64463
G1 X117.066 Y130.078 E592.6748
G1 X117.066 Y129.078 E592.70972
G0 F15000 X117.553 Y133.941
G1 F1431.3 X117.526 Y133.989 E592.71176
G1 X117.471 Y133.989 E592.71379
G1 X117.443 Y133.941 E592.71584
G1 X117.47 Y133.893 E592.71787
G1 X117.525 Y133.893 E592.7199
G1 X117.553 Y133.941 E592.72195
G0 F15000 X117.066 Y133.446
G1 F1513.1 X117.93 Y133.443 E592.75213
G1 X117.93 Y134.438 E592.78688
G1 X117.066 Y134.438 E592.81705
G1 X117.066 Y133.446 E592.85169
G0 F15000 X117.341 Y133.446
G1 F2700 E592.35169
;MESH:NONMESH
G0 F600 Z31.4
G0 F15000 X117.157 Y128.555
G0 X117.157 Y127.45
G0 X115.448 Y117.618
G0 X115.448 Y112.382
G0 X117.172 Y102.55
G0 X117.172 Y101.445
G0 X117.175 Y96.95
;TIME_ELAPSED:841.114671
;LAYER:156
;note -- min layer time used
;TYPE:FILL
;MESH:Stickmaaaaan.obj
G1 F2700 E592.85169
G1 F1512.4 X117.334 Y97.109 E592.86048
G1 X117.821 Y97.109 E592.87951
G1 X117.821 Y97.44 E592.89245
G1 X117.333 Y97.441 E592.91152
G1 X117.175 Y97.599 E592.92025
G1 X117.175 Y96.605 E592.9591
G1 X117.821 Y96.604 E592.98435
G1 X117.926 Y96.604
G0 F15000 X116.991 Y100.682
G0 X116.73 Y100.942
M204 S5000
;TYPE:WALL-INNER
G1 F1512.4 X118.266 Y100.942 E593.03799
G1 X118.266 Y94.918 E593.24836
G1 X116.73 Y94.918 E593.30201
G1 X116.73 Y100.942 E593.51238
M204 S10000
G0 F15000 X116.31 Y101.362
M204 S5000
;TYPE:WALL-OUTER
G1 F1512.4 X118.686 Y101.362 E593.59536
G1 X118.686 Y94.498 E593.83507
G1 X116.31 Y94.498 E593.91805
G1 X116.31 Y101.362 E594.15776
M204 S10000
G0 F15000 X116.51 Y101.362
G0 X116.991 Y100.682
G0 X117.553 Y100.106
;TYPE:SKIN
G1 F1430.7 X117.526 Y100.154 E594.1598
G1 X117.471 Y100.154 E594.16183
G1 X117.443 Y100.106 E594.16388
G1 X117.47 Y100.058 E594.16591
G1 X117.525 Y100.058 E594.16794
G1 X117.553 Y100.106 E594.16999
G0 F15000 X117.066 Y100.606
G1 F1512.4 X117.066 Y99.606 E594.20492
G1 X117.93 Y99.606 E594.23509
G1 X117.93 Y100.606 E594.27001
G1 X117.066 Y100.606 E594.30019
G0 F15000 X117.553 Y95.748
G1 F1430.7 X117.526 Y95.796 E594.30222
G1 X117.471 Y95.796 E594.30425
G1 X117.443 Y95.748 E594.3063
G1 X117.47 Y95.7 E594.30834
G1 X117.525 Y95.7 E594.31037
G1 X117.553 Y95.748 E594.31242
G0 F15000 X117.066 Y96.242
G1 F1512.4 X117.066 Y95.254 E594.34692
G1 X117.93 Y95.254 E594.3771
G1 X117.93 Y96.242 E594.4116
G1 X117.066 Y96.242 E594.44177
G0 F15000 X117.341 Y96.242
G1 F2700 E593.94177
G0 F15000 X117.821 Y101.132
G0 X117.821 Y102.237
G0 X117.821 Y112.37
G0 X117.821 Y113.475
G0 X117.821 Y114.107
;TYPE:FILL
G1 F2700 E594.44177
G1 F1512.4 X117.175 Y114.107 E594.46702
G1 X117.175 Y115.325 E594.51462
G1 X117.333 Y115.167 E594.52335
G1 X117.821 Y115.166 E594.54242
G1 X117.821 Y114.835 E594.55536
G1 X117.334 Y114.835 E594.57439
G1 X117.175 Y114.676 E594.58318
G1 X117.101 Y114.602
G0 F15000 X116.73 Y115
M204 S5000
;TYPE:WALL-INNER
G1 F1512.4 X116.73 Y116.334 E594.62977
G1 X118.266 Y116.334 E594.68341
G1 X118.266 Y113.662 E594.77672
G1 X116.73 Y113.662 E594.83036
G1 X116.73 Y115 E594.87709
M204 S10000
G0 F15000 X116.31 Y115
M204 S5000
;TYPE:WALL-OUTER
G1 F1512.4 X116.31 Y116.754 E594.93835
G1 X118.686 Y116.754 E595.02132
G1 X118.686 Y113.242 E595.14397
G1 X116.31 Y113.242 E595.22695
G1 X116.31 Y115 E595.28835
M204 S10000
G0 F15000 X116.31 Y115.2
G0 X117.341 Y115.2
G1 F2700 E594.78835
G0 F15000 X117.821 Y116.525
G0 X117.821 Y117.63
G0 X117.821 Y127.763
G0 X117.821 Y128.868
G0 X117.821 Y130.753
;TYPE:FILL
G1 F2700 E595.28835
G1 F1512.4 X117.175 Y130.753 E595.31359
G1 X117.175 Y133.05 E595.40336
G1 X117.333 Y132.892 E595.41209
G1 X117.822 Y132.892 E595.4312
G1 X117.821 Y132.56 E595.44418
G1 X117.333 Y132.56 E595.46325
G1 X117.175 Y132.402 E595.47198
G1 X117.101 Y132.328
G0 F15000 X116.991 Y129.318
G0 X116.73 Y129.058
M204 S5000
;TYPE:WALL-INNER
G1 F1512.4 X116.73 Y135.078 E595.68222
G1 X118.266 Y135.081 E595.73586
G1 X118.266 Y129.058 E595.9462
G1 X116.73 Y129.058 E595.99985
M204 S10000
G0 F15000 X116.31 Y128.638
M204 S5000
;TYPE:WALL-OUTER
G1 F1512.4 X116.31 Y135.498 E596.23942
G1 X118.686 Y135.501 E596.3224
G1 X118.686 Y128.638 E596.56207
G1 X116.31 Y128.638 E596.64505
M204 S10000
G0 F15000 X116.31 Y128.838
G0 X116.991 Y129.318
G0 X117.553 Y129.892
;TYPE:SKIN
G1 F1430.7 X117.526 Y129.94 E596.64708
G1 X117.471 Y129.94 E596.64911
G1 X117.443 Y129.892 E596.65117
G1 X117.47 Y129.844 E596.6532
G1 X117.525 Y129.844 E596.65523
G1 X117.553 Y129.892 E596.65728
G0 F15000 X117.066 Y129.394
G1 F1512.4 X117.93 Y129.394 E596.68746
G1 X117.93 Y130.39 E596.72224
G1 X117.066 Y130.39 E596.75241
G1 X117.066 Y129.394 E596.7872
G0 F15000 X117.553 Y134.249
G1 F1430.7 X117.526 Y134.297 E596.78923
G1 X117.471 Y134.297 E596.79126
G1 X117.443 Y134.249 E596.79331
G1 X117.47 Y134.201 E596.79534
G1 X117.525 Y134.201 E596.79737
G1 X117.553 Y134.249 E596.79943
G0 F15000 X117.066 Y133.758
G1 F1512.4 X117.93 Y133.755 E596.8296
G1 X117.93 Y134.742 E596.86407
G1 X117.066 Y134.742 E596.89424
G1 X117.066 Y133.758 E596.92861
G0 F15000 X117.341 Y133.758
G1 F2700 E596.42861
;MESH:NONMESH
G0 F600 Z31.6
G0 F15000 X117.821 Y128.868
G0 X117.821 Y127.763
G0 X119.552 Y117.618
G0 X119.552 Y112.382
G0 X117.821 Y102.237
G0 X117.821 Y101.132
G0 X117.821 Y95.491
;TIME_ELAPSED:846.912848
;LAYER:157
;note -- min layer time used
;TYPE:FILL
;MESH:Stickmaaaaan.obj
G1 F2700 E596.92861
G1 F1355 X117.175 Y95.491 E596.95385
G1 X117.175 Y97.598 E597.0362
G1 X117.334 Y97.44 E597.04496
G1 X117.821 Y97.44 E597.06399
G1 X117.821 Y97.109 E597.07692
G1 X117.332 Y97.108 E597.09603
G1 X117.175 Y96.951 E597.10471
G1 X117.101 Y96.877
G0 F15000 X116.991 Y100.369
G0 X116.73 Y100.626
M204 S5000
;TYPE:WALL-INNER
G1 F1355 X118.266 Y100.626 E597.15835
G1 X118.266 Y95.046 E597.35323
G1 X116.73 Y95.046 E597.40687
G1 X116.73 Y100.626 E597.60174
M204 S10000
G0 F15000 X116.31 Y101.046
M204 S5000
;TYPE:WALL-OUTER
G1 F1355 X118.686 Y101.046 E597.68472
G1 X118.686 Y94.626 E597.90892
G1 X116.31 Y94.626 E597.9919
G1 X116.31 Y101.046 E598.21611
M204 S10000
G0 F15000 X116.51 Y101.046
G0 X116.991 Y100.369
G0 X117.553 Y99.792
;TYPE:SKIN
G1 F1281.8 X117.526 Y99.84 E598.21814
G1 X117.471 Y99.84 E598.22017
G1 X117.443 Y99.792 E598.22222
G1 X117.47 Y99.744 E598.22425
G1 X117.525 Y99.744 E598.22629
G1 X117.553 Y99.792 E598.22834
G0 F15000 X117.066 Y100.29
G1 F1355 X117.066 Y99.294 E598.26312
G1 X117.93 Y99.294 E598.29329
G1 X117.93 Y100.29 E598.32808
G1 X117.066 Y100.29 E598.35825
G0 F15000 X117.341 Y100.019
G1 F2700 E597.85825
G0 F15000 X117.821 Y100.819
G0 X117.821 Y101.924
G0 X117.821 Y112.37
G0 X117.821 Y113.475
G0 X117.821 Y114.107
;TYPE:FILL
G1 F2700 E598.35825
G1 F1355 X117.175 Y114.107 E598.3835
G1 X117.175 Y115.325 E598.4311
G1 X117.333 Y115.167 E598.43983
G1 X117.821 Y115.166 E598.4589
G1 X117.821 Y114.835 E598.47184
G1 X117.334 Y114.835 E598.49087
G1 X117.175 Y114.676 E598.49966
G1 X117.101 Y114.602
G0 F15000 X116.73 Y115
M204 S5000
;TYPE:WALL-INNER
G1 F1355 X116.73 Y116.334 E598.54624
G1 X118.266 Y116.334 E598.59989
G1 X118.266 Y113.662 E598.6932
G1 X116.73 Y113.662 E598.74684
G1 X116.73 Y115 E598.79357
M204 S10000
G0 F15000 X116.31 Y115
M204 S5000
;TYPE:WALL-OUTER
G1 F1355 X116.31 Y116.754 E598.85482
G1 X118.686 Y116.754 E598.9378
G1 X118.686 Y113.242 E599.06045
G1 X116.31 Y113.242 E599.14343
G1 X116.31 Y115 E599.20482
M204 S10000
G0 F15000 X116.31 Y115.2
G0 X117.341 Y115.2
G1 F2700 E598.70482
G0 F15000 X117.821 Y116.525
G0 X117.821 Y117.63
G0 X117.821 Y128.076
G0 X117.821 Y129.181
G0 X117.821 Y131.065
;TYPE:FILL
G1 F2700 E599.20482
G1 F1355 X117.175 Y131.065 E599.23007
G1 X117.175 Y133.051 E599.30768
G1 X117.334 Y132.892 E599.31647
G1 X117.821 Y132.892 E599.3355
G1 X117.821 Y132.56 E599.34848
G1 X117.333 Y132.56 E599.36755
G1 X117.175 Y132.402 E599.37628
G1 X117.101 Y132.328
G0 F15000 X116.991 Y129.631
G0 X116.73 Y129.37
M204 S5000
;TYPE:WALL-INNER
G1 F1355 X116.73 Y134.95 E599.57115
G1 X118.266 Y134.953 E599.6248
G1 X118.266 Y129.37 E599.81977
G1 X116.73 Y129.37 E599.87341
M204 S10000
G0 F15000 X116.31 Y128.95
M204 S5000
;TYPE:WALL-OUTER
G1 F1355 X116.31 Y135.37 E600.09762
G1 X118.686 Y135.373 E600.1806
G1 X118.686 Y128.95 E600.40491
G1 X116.31 Y128.95 E600.48789
M204 S10000
G0 F15000 X116.31 Y129.15
G0 X116.991 Y129.631
G0 X117.553 Y130.204
;TYPE:SKIN
G1 F1281.8 X117.526 Y130.252 E600.48992
G1 X117.471 Y130.252 E600.49195
G1 X117.443 Y130.204 E600.494
G1 X117.47 Y130.156 E600.49604
G1 X117.525 Y130.156 E600.49807
G1 X117.553 Y130.204 E600.50012
G0 F15000 X117.066 Y129.706
G1 F1355 X117.93 Y129.706 E600.53029
G1 X117.93 Y130.702 E600.56507
G1 X117.066 Y130.702 E600.59525
G1 X117.066 Y129.706 E600.63003
G0 F15000 X117.341 Y129.981
G1 F2700 E600.13003
;MESH:NONMESH
G0 F600 Z31.8
G0 F15000 X117.821 Y129.181
G0 X117.821 Y128.076
G0 X119.552 Y117.618
G0 X119.552 Y112.382
G0 X117.821 Y101.924
G0 X117.821 Y100.819
G0 X117.821 Y95.619
;TIME_ELAPSED:852.568088
;LAYER:158
;note -- min layer time used
;TYPE:FILL
;MESH:Stickmaaaaan.obj
G1 F2700 E600.63003
G1 F1299.4 X117.175 Y95.619 E600.65528
G1 X117.175 Y97.598 E600.73262
G1 X117.334 Y97.44 E600.74138
G1 X117.821 Y97.44 E600.76041
G1 X117.821 Y97.109 E600.77335
G1 X117.333 Y97.108 E600.79242
G1 X117.175 Y96.95 E600.80115
G1 X117.101 Y96.876
G0 F15000 X116.991 Y100.057
G0 X116.73 Y100.314
M204 S5000
;TYPE:WALL-INNER
G1 F1299.4 X118.266 Y100.314 E600.85479
G1 X118.266 Y95.174 E601.0343
G1 X116.73 Y95.174 E601.08794
G1 X116.73 Y100.314 E601.26744
M204 S10000
G0 F15000 X116.31 Y100.734
M204 S5000
;TYPE:WALL-OUTER
G1 F1299.4 X118.686 Y100.734 E601.35042
G1 X118.686 Y94.754 E601.55926
G1 X116.31 Y94.754 E601.64224
G1 X116.31 Y100.734 E601.85108
M204 S10000
G0 F15000 X116.51 Y100.734
G0 X116.991 Y100.057
G0 X117.553 Y99.48
;TYPE:SKIN
G1 F1229.2 X117.526 Y99.528 E601.85311
G1 X117.471 Y99.528 E601.85514
G1 X117.443 Y99.48 E601.8572
G1 X117.47 Y99.432 E601.85923
G1 X117.525 Y99.432 E601.86126
G1 X117.553 Y99.48 E601.86331
G0 F15000 X117.066 Y99.978
G1 F1299.4 X117.066 Y98.982 E601.89809
G1 X117.93 Y98.982 E601.92827
G1 X117.93 Y99.978 E601.96305
G1 X117.066 Y99.978 E601.99322
G0 F15000 X117.341 Y99.707
G1 F2700 E601.49322
G0 F15000 X117.821 Y100.507
G0 X117.821 Y101.612
G0 X117.821 Y112.37
G0 X117.821 Y113.475
G0 X117.821 Y114.107
;TYPE:FILL
G1 F2700 E601.99322
G1 F1299.4 X117.175 Y114.107 E602.01847
G1 X117.175 Y115.325 E602.06607
G1 X117.333 Y115.167 E602.0748
G1 X117.821 Y115.166 E602.09387
G1 X117.821 Y114.835 E602.10681
G1 X117.334 Y114.835 E602.12584
G1 X117.175 Y114.676 E602.13463
G1 X117.101 Y114.602
G0 F15000 X116.73 Y115
M204 S5000
;TYPE:WALL-INNER
G1 F1299.4 X116.73 Y116.334 E602.18122
G1 X118.266 Y116.334 E602.23486
G1 X118.266 Y113.662 E602.32817
G1 X116.73 Y113.662 E602.38182
G1 X116.73 Y115 E602.42854
M204 S10000
G0 F15000 X116.31 Y115
M204 S5000
;TYPE:WALL-OUTER
G1 F1299.4 X116.31 Y116.754 E602.4898
G1 X118.686 Y116.754 E602.57278
G1 X118.686 Y113.242 E602.69543
G1 X116.31 Y113.242 E602.7784
G1 X116.31 Y115 E602.8398
M204 S10000
G0 F15000 X116.31 Y115.2
G0 X117.341 Y115.2
G1 F2700 E602.3398
G0 F15000 X117.821 Y116.525
G0 X117.821 Y117.63
G0 X117.821 Y128.388
G0 X117.821 Y129.493
G0 X117.821 Y131.378
;TYPE:FILL
G1 F2700 E602.8398
G1 F1299.4 X117.175 Y131.378 E602.86504
G1 X117.175 Y133.05 E602.93039
G1 X117.333 Y132.892 E602.93912
G1 X117.821 Y132.892 E602.95819
G1 X117.821 Y132.56 E602.97117
G1 X117.333 Y132.56 E602.99024
G1 X117.175 Y132.402 E602.99897
G1 X117.101 Y132.328
G0 F15000 X116.991 Y129.943
G0 X116.73 Y129.682
M204 S5000
;TYPE:WALL-INNER
G1 F1299.4 X116.73 Y134.822 E603.17847
G1 X118.266 Y134.825 E603.23212
G1 X118.266 Y129.682 E603.41173
G1 X116.73 Y129.682 E603.46537
M204 S10000
G0 F15000 X116.31 Y129.262
M204 S5000
;TYPE:WALL-OUTER
G1 F1299.4 X116.31 Y135.242 E603.67421
G1 X118.686 Y135.245 E603.75719
G1 X118.686 Y129.262 E603.96613
G1 X116.31 Y129.262 E604.04911
M204 S10000
G0 F15000 X116.31 Y129.462
G0 X116.991 Y129.943
G0 X117.553 Y130.516
;TYPE:SKIN
G1 F1229.2 X117.526 Y130.564 E604.05114
G1 X117.471 Y130.564 E604.05317
G1 X117.443 Y130.516 E604.05522
G1 X117.47 Y130.468 E604.05726
G1 X117.525 Y130.468 E604.05929
G1 X117.553 Y130.516 E604.06134
G0 F15000 X117.066 Y130.018
G1 F1299.4 X117.93 Y130.018 E604.09151
G1 X117.93 Y131.014 E604.1263
G1 X117.066 Y131.014 E604.15647
G1 X117.066 Y130.018 E604.19125
G0 F15000 X117.341 Y130.293
G1 F2700 E603.69125
;MESH:NONMESH
G0 F600 Z32
G0 F15000 X117.821 Y129.493
G0 X117.821 Y128.388
G0 X119.552 Y117.618
G0 X119.552 Y112.382
G0 X117.821 Y101.612
G0 X117.821 Y100.507
G0 X117.821 Y95.747
;TIME_ELAPSED:858.229975
;LAYER:159
;note -- min layer time used
;TYPE:FILL
;MESH:Stickmaaaaan.obj
G1 F2700 E604.19125
G1 F1248.6 X117.175 Y95.747 E604.2165
G1 X117.175 Y97.598 E604.28884
G1 X117.334 Y97.44 E604.2976
G1 X117.821 Y97.44 E604.31663
G1 X117.821 Y97.109 E604.32957
G1 X117.332 Y97.108 E604.34868
G1 X117.175 Y96.951 E604.35735
G1 X117.101 Y96.877
G0 F15000 X116.991 Y99.744
G0 X116.73 Y100.002
M204 S5000
;TYPE:WALL-INNER
G1 F1248.6 X118.266 Y100.002 E604.411
G1 X118.266 Y95.302 E604.57513
G1 X116.73 Y95.302 E604.62878
G1 X116.73 Y100.002 E604.79291
M204 S10000
G0 F15000 X116.31 Y100.422
M204 S5000
;TYPE:WALL-OUTER
G1 F1248.6 X118.686 Y100.422 E604.87589
G1 X118.686 Y94.882 E605.06937
G1 X116.31 Y94.882 E605.15234
G1 X116.31 Y100.422 E605.34582
M204 S10000
G0 F15000 X116.51 Y100.422
G0 X116.991 Y99.744
G0 X117.553 Y99.168
;TYPE:SKIN
G1 F1181.1 X117.526 Y99.216 E605.34785
G1 X117.471 Y99.216 E605.34988
G1 X117.443 Y99.168 E605.35193
G1 X117.47 Y99.12 E605.35397
G1 X117.525 Y99.12 E605.356
G1 X117.553 Y99.168 E605.35805
G0 F15000 X117.066 Y99.666
G1 F1248.6 X117.066 Y98.67 E605.39283
G1 X117.93 Y98.67 E605.42301
G1 X117.93 Y99.666 E605.45779
G1 X117.066 Y99.666 E605.48796
G0 F15000 X117.341 Y99.394
G1 F2700 E604.98796
G0 F15000 X117.821 Y100.194
G0 X117.821 Y101.299
G0 X117.821 Y112.37
G0 X117.821 Y113.475
G0 X117.821 Y114.107
;TYPE:FILL
G1 F2700 E605.48796
G1 F1248.6 X117.175 Y114.107 E605.51321
G1 X117.175 Y115.325 E605.56081
G1 X117.333 Y115.167 E605.56954
G1 X117.821 Y115.166 E605.58861
G1 X117.821 Y114.835 E605.60155
G1 X117.334 Y114.835 E605.62058
G1 X117.175 Y114.676 E605.62937
G1 X117.101 Y114.602
G0 F15000 X116.73 Y115
M204 S5000
;TYPE:WALL-INNER
G1 F1248.6 X116.73 Y116.334 E605.67596
G1 X118.266 Y116.334 E605.7296
G1 X118.266 Y113.662 E605.82291
G1 X116.73 Y113.662 E605.87655
G1 X116.73 Y115 E605.92328
M204 S10000
G0 F15000 X116.31 Y115
M204 S5000
;TYPE:WALL-OUTER
G1 F1248.6 X116.31 Y116.754 E605.98454
G1 X118.686 Y116.754 E606.06751
G1 X118.686 Y113.242 E606.19016
G1 X116.31 Y113.242 E606.27314
G1 X116.31 Y115 E606.33454
M204 S10000
G0 F15000 X116.31 Y115.2
G0 X117.341 Y115.2
G1 F2700 E605.83454
G0 F15000 X117.821 Y116.525
G0 X117.821 Y117.63
G0 X117.821 Y128.701
G0 X117.821 Y129.806
G0 X117.821 Y131.69
;TYPE:FILL
G1 F2700 E606.33454
G1 F1248.6 X117.175 Y131.69 E606.35978
G1 X117.175 Y133.051 E606.41297
G1 X117.334 Y132.892 E606.42176
G1 X117.821 Y132.892 E606.44079
G1 X117.821 Y132.56 E606.45377
G1 X117.333 Y132.56 E606.47284
G1 X117.175 Y132.402 E606.48157
G1 X117.101 Y132.328
G0 F15000 X116.991 Y130.256
G0 X116.73 Y129.994
M204 S5000
;TYPE:WALL-INNER
G1 F1248.6 X116.73 Y134.694 E606.64571
G1 X118.266 Y134.697 E606.69935
G1 X118.266 Y129.994 E606.86359
G1 X116.73 Y129.994 E606.91724
M204 S10000
G0 F15000 X116.31 Y129.574
M204 S5000
;TYPE:WALL-OUTER
G1 F1248.6 X116.31 Y135.114 E607.11071
G1 X118.686 Y135.117 E607.19369
G1 X118.686 Y129.574 E607.38727
G1 X116.31 Y129.574 E607.47024
M204 S10000
G0 F15000 X116.31 Y129.774
G0 X116.991 Y130.256
G0 X117.553 Y130.828
;TYPE:SKIN
G1 F1181.1 X117.526 Y130.876 E607.47228
G1 X117.471 Y130.876 E607.47431
G1 X117.443 Y130.828 E607.47636
G1 X117.47 Y130.78 E607.47839
G1 X117.525 Y130.78 E607.48042
G1 X117.553 Y130.828 E607.48248
G0 F15000 X117.066 Y130.33
G1 F1248.6 X117.93 Y130.33 E607.51265
G1 X117.93 Y131.326 E607.54743
G1 X117.066 Y131.326 E607.57761
G1 X117.066 Y130.33 E607.61239
G0 F15000 X117.341 Y130.606
G1 F2700 E607.11239
;MESH:NONMESH
G0 F600 Z32.2
G0 F15000 X117.821 Y129.806
G0 X117.821 Y128.701
G0 X119.552 Y117.618
G0 X119.552 Y112.382
G0 X117.821 Y101.299
G0 X117.821 Y100.194
G0 X117.821 Y95.875
;TIME_ELAPSED:863.882613
;LAYER:160
;note -- min layer time used
;TYPE:FILL
;MESH:Stickmaaaaan.obj
G1 F2700 E607.61239
G1 F1197.8 X117.175 Y95.875 E607.63764
G1 X117.175 Y97.598 E607.70497
G1 X117.334 Y97.44 E607.71373
G1 X117.821 Y97.44 E607.73276
G1 X117.821 Y97.109 E607.7457
G1 X117.333 Y97.108 E607.76477
G1 X117.175 Y96.95 E607.7735
G1 X117.101 Y96.876
G0 F15000 X116.991 Y99.432
G0 X116.73 Y99.69
M204 S5000
;TYPE:WALL-INNER
G1 F1197.8 X118.266 Y99.69 E607.82715
G1 X118.266 Y95.43 E607.97592
G1 X116.73 Y95.43 E608.02956
G1 X116.73 Y99.69 E608.17833
M204 S10000
G0 F15000 X116.31 Y100.11
M204 S5000
;TYPE:WALL-OUTER
G1 F1197.8 X118.686 Y100.11 E608.26131
G1 X118.686 Y95.01 E608.43942
G1 X116.31 Y95.01 E608.52239
G1 X116.31 Y100.11 E608.7005
M204 S10000
G0 F15000 X116.51 Y100.11
G0 X116.991 Y99.432
G0 X117.553 Y98.856
;TYPE:SKIN
G1 F1133 X117.526 Y98.904 E608.70254
G1 X117.471 Y98.904 E608.70457
G1 X117.443 Y98.856 E608.70662
G1 X117.47 Y98.808 E608.70865
G1 X117.525 Y98.808 E608.71068
G1 X117.553 Y98.856 E608.71273
G0 F15000 X117.066 Y99.354
G1 F1197.8 X117.066 Y98.358 E608.74752
G1 X117.93 Y98.358 E608.77769
G1 X117.93 Y99.354 E608.81247
G1 X117.066 Y99.354 E608.84265
G0 F15000 X117.341 Y99.082
G1 F2700 E608.34265
G0 F15000 X117.821 Y99.882
G0 X117.821 Y100.987
G0 X117.821 Y112.37
G0 X117.821 Y113.475
G0 X117.821 Y114.107
;TYPE:FILL
G1 F2700 E608.84265
G1 F1197.8 X117.175 Y114.107 E608.86789
G1 X117.175 Y115.325 E608.91549
G1 X117.333 Y115.167 E608.92423
G1 X117.821 Y115.166 E608.9433
G1 X117.821 Y114.835 E608.95623
G1 X117.334 Y114.835 E608.97527
G1 X117.175 Y114.676 E608.98405
G1 X117.101 Y114.602
G0 F15000 X116.73 Y115
M204 S5000
;TYPE:WALL-INNER
G1 F1197.8 X116.73 Y116.334 E609.03064
G1 X118.266 Y116.334 E609.08428
G1 X118.266 Y113.662 E609.1776
G1 X116.73 Y113.662 E609.23124
G1 X116.73 Y115 E609.27797
M204 S10000
G0 F15000 X116.31 Y115
M204 S5000
;TYPE:WALL-OUTER
G1 F1197.8 X116.31 Y116.754 E609.33922
G1 X118.686 Y116.754 E609.4222
G1 X118.686 Y113.242 E609.54485
G1 X116.31 Y113.242 E609.62783
G1 X116.31 Y115 E609.68922
M204 S10000
G0 F15000 X116.31 Y115.2
G0 X117.341 Y115.2
G1 F2700 E609.18922
G0 F15000 X117.821 Y116.525
G0 X117.821 Y117.63
G0 X117.821 Y129.013
G0 X117.821 Y130.118
G0 X117.821 Y132.003
;TYPE:FILL
G1 F2700 E609.68922
G1 F1197.8 X117.175 Y132.003 E609.71447
G1 X117.175 Y133.05 E609.75539
G1 X117.333 Y132.892 E609.76412
G1 X117.821 Y132.892 E609.78319
G1 X117.821 Y132.56 E609.79616
G1 X117.333 Y132.56 E609.81524
G1 X117.175 Y132.402 E609.82397
G1 X117.101 Y132.328
G0 F15000 X116.991 Y130.568
G0 X116.73 Y130.306
M204 S5000
;TYPE:WALL-INNER
G1 F1197.8 X116.73 Y134.566 E609.97274
G1 X118.266 Y134.569 E610.02638
G1 X118.266 Y130.306 E610.17526
G1 X116.73 Y130.306 E610.2289
M204 S10000
G0 F15000 X116.31 Y129.886
M204 S5000
;TYPE:WALL-OUTER
G1 F1197.8 X116.31 Y134.986 E610.40701
G1 X118.686 Y134.989 E610.48999
G1 X118.686 Y129.886 E610.6682
G1 X116.31 Y129.886 E610.75118
M204 S10000
G0 F15000 X116.31 Y130.086
G0 X116.991 Y130.568
G0 X117.553 Y131.142
;TYPE:SKIN
G1 F1133 X117.526 Y131.19 E610.75321
G1 X117.471 Y131.19 E610.75524
G1 X117.443 Y131.142 E610.75729
G1 X117.47 Y131.094 E610.75933
G1 X117.525 Y131.094 E610.76136
G1 X117.553 Y131.142 E610.76341
G0 F15000 X117.066 Y130.642
G1 F1197.8 X117.93 Y130.642 E610.79358
G1 X117.93 Y131.642 E610.8285
G1 X117.066 Y131.642 E610.85868
G1 X117.066 Y130.642 E610.8936
G0 F15000 X117.341 Y130.918
G1 F2700 E610.3936
;MESH:NONMESH
G0 F600 Z32.4
G0 F15000 X117.821 Y130.118
G0 X117.821 Y129.013
G0 X119.552 Y117.618
G0 X119.552 Y112.382
G0 X117.821 Y100.987
G0 X117.821 Y99.882
G0 X117.821 Y96.003
;TIME_ELAPSED:869.525788
;LAYER:161
;note -- min layer time used
;TYPE:FILL
;MESH:Stickmaaaaan.obj
G1 F2700 E610.8936
G1 F1146.9 X117.175 Y96.003 E610.91885
G1 X117.175 Y97.598 E610.98118
G1 X117.334 Y97.44 E610.98994
G1 X117.821 Y97.44 E611.00897
G1 X117.821 Y97.109 E611.02191
G1 X117.332 Y97.108 E611.04102
G1 X117.175 Y96.951 E611.0497
G1 X117.101 Y96.877
G0 F15000 X116.991 Y99.12
G0 X116.73 Y99.378
M204 S5000
;TYPE:WALL-INNER
G1 F1146.9 X118.266 Y99.378 E611.10334
G1 X118.266 Y95.558 E611.23674
G1 X116.73 Y95.558 E611.29039
G1 X116.73 Y99.378 E611.42379
M204 S10000
G0 F15000 X116.31 Y99.798
M204 S5000
;TYPE:WALL-OUTER
G1 F1146.9 X118.686 Y99.798 E611.50677
G1 X118.686 Y95.138 E611.66951
G1 X116.31 Y95.138 E611.75249
G1 X116.31 Y99.798 E611.91523
M204 S10000
G0 F15000 X116.51 Y99.798
G0 X116.991 Y99.12
G0 X117.553 Y98.544
;TYPE:SKIN
G1 F1084.9 X117.526 Y98.592 E611.91726
G1 X117.471 Y98.592 E611.9193
G1 X117.443 Y98.544 E611.92135
G1 X117.47 Y98.496 E611.92338
G1 X117.525 Y98.496 E611.92541
G1 X117.553 Y98.544 E611.92746
G0 F15000 X117.066 Y99.042
G1 F1146.9 X117.066 Y98.046 E611.96225
G1 X117.93 Y98.046 E611.99242
G1 X117.93 Y99.042 E612.0272
G1 X117.066 Y99.042 E612.05738
G0 F15000 X117.341 Y98.77
G1 F2700 E611.55738
G0 F15000 X117.821 Y99.57
G0 X117.821 Y100.675
G0 X117.821 Y112.37
G0 X117.821 Y113.475
G0 X117.821 Y114.107
;TYPE:FILL
G1 F2700 E612.05738
G1 F1146.9 X117.175 Y114.107 E612.08262
G1 X117.175 Y115.325 E612.13022
G1 X117.333 Y115.167 E612.13896
G1 X117.821 Y115.166 E612.15803
G1 X117.821 Y114.835 E612.17096
G1 X117.334 Y114.835 E612.18999
G1 X117.175 Y114.676 E612.19878
G1 X117.101 Y114.602
G0 F15000 X116.73 Y115
M204 S5000
;TYPE:WALL-INNER
G1 F1146.9 X116.73 Y116.334 E612.24537
G1 X118.266 Y116.334 E612.29901
G1 X118.266 Y113.662 E612.39233
G1 X116.73 Y113.662 E612.44597
G1 X116.73 Y115 E612.4927
M204 S10000
G0 F15000 X116.31 Y115
M204 S5000
;TYPE:WALL-OUTER
G1 F1146.9 X116.31 Y116.754 E612.55395
G1 X118.686 Y116.754 E612.63693
G1 X118.686 Y113.242 E612.75958
G1 X116.31 Y113.242 E612.84256
G1 X116.31 Y115 E612.90395
M204 S10000
G0 F15000 X116.31 Y115.2
G0 X117.341 Y115.2
G1 F2700 E612.40395
G0 F15000 X117.821 Y116.525
G0 X117.821 Y117.63
G0 X117.821 Y129.325
G0 X117.821 Y130.43
G0 X117.821 Y132.315
;TYPE:FILL
G1 F2700 E612.90395
G1 F1146.9 X117.175 Y132.315 E612.9292
G1 X117.175 Y133.051 E612.95796
G1 X117.334 Y132.892 E612.96675
G1 X117.821 Y132.892 E612.98578
G1 X117.821 Y132.56 E612.99875
G1 X117.333 Y132.56 E613.01783
G1 X117.175 Y132.402 E613.02656
G1 X117.101 Y132.328
G0 F15000 X116.991 Y130.88
G0 X116.73 Y130.618
M204 S5000
;TYPE:WALL-INNER
G1 F1146.9 X116.73 Y134.438 E613.15996
G1 X118.266 Y134.441 E613.21361
G1 X118.266 Y130.618 E613.34712
G1 X116.73 Y130.618 E613.40076
M204 S10000
G0 F15000 X116.31 Y130.198
M204 S5000
;TYPE:WALL-OUTER
G1 F1146.9 X116.31 Y134.858 E613.5635
G1 X118.686 Y134.861 E613.64648
G1 X118.686 Y130.198 E613.80933
G1 X116.31 Y130.198 E613.8923
M204 S10000
G0 F15000 X116.31 Y130.398
G0 X116.991 Y130.88
G0 X117.553 Y131.454
;TYPE:SKIN
G1 F1084.9 X117.526 Y131.502 E613.89434
G1 X117.471 Y131.502 E613.89637
G1 X117.443 Y131.454 E613.89842
G1 X117.47 Y131.406 E613.90045
G1 X117.525 Y131.406 E613.90248
G1 X117.553 Y131.454 E613.90453
G0 F15000 X117.066 Y130.954
G1 F1146.9 X117.93 Y130.954 E613.93471
G1 X117.93 Y131.954 E613.96963
G1 X117.066 Y131.954 E613.9998
G1 X117.066 Y130.954 E614.03473
G0 F15000 X117.341 Y131.23
G1 F2700 E613.53473
;MESH:NONMESH
G0 F600 Z32.6
G0 F15000 X117.821 Y130.43
G0 X117.821 Y129.325
G0 X119.552 Y117.618
G0 X119.552 Y112.382
G0 X117.821 Y100.675
G0 X117.821 Y99.57
G0 X117.821 Y96.131
;TIME_ELAPSED:875.159085
;LAYER:162
;note -- min layer time used
;TYPE:FILL
;MESH:Stickmaaaaan.obj
G1 F2700 E614.03473
G1 F1112.7 X117.175 Y96.131 E614.05997
G1 X117.175 Y97.372 E614.10847
G1 X117.402 Y97.372 E614.11734
G1 X117.821 Y96.953 E614.1405
G1 X117.821 Y97.372 E614.15688
G1 X117.596 Y97.371 E614.16567
G1 X117.175 Y96.95 E614.18894
G1 X117.101 Y96.876
G0 F15000 X116.991 Y98.807
G0 X116.73 Y99.066
M204 S5000
;TYPE:WALL-INNER
G1 F1112.7 X118.266 Y99.066 E614.24258
G1 X118.266 Y95.686 E614.36062
G1 X116.73 Y95.686 E614.41426
G1 X116.73 Y99.066 E614.5323
M204 S10000
G0 F15000 X116.31 Y99.486
M204 S5000
;TYPE:WALL-OUTER
G1 F1112.7 X118.686 Y99.486 E614.61528
G1 X118.686 Y95.266 E614.76265
G1 X116.31 Y95.266 E614.84563
G1 X116.31 Y99.486 E614.99301
M204 S10000
G0 F15000 X116.51 Y99.486
G0 X116.991 Y98.807
G0 X117.553 Y98.23
;TYPE:SKIN
G1 F1052.6 X117.526 Y98.278 E614.99504
G1 X117.471 Y98.278 E614.99707
G1 X117.443 Y98.23 E614.99912
G1 X117.47 Y98.182 E615.00116
G1 X117.525 Y98.182 E615.00319
G1 X117.553 Y98.23 E615.00524
G0 F15000 X117.066 Y98.73
G1 F1112.7 X117.066 Y97.73 E615.04016
G1 X117.93 Y97.73 E615.07034
G1 X117.93 Y98.73 E615.10526
G1 X117.066 Y98.73 E615.13543
G0 F15000 X117.341 Y98.457
G1 F2700 E614.63543
G0 F15000 X117.821 Y99.257
G0 X117.821 Y100.362
G0 X117.821 Y112.37
G0 X117.821 Y113.475
G0 X117.821 Y114.107
;TYPE:FILL
G1 F2700 E615.13543
G1 F1112.7 X117.175 Y114.107 E615.16068
G1 X117.175 Y115.325 E615.20828
G1 X117.333 Y115.167 E615.21701
G1 X117.821 Y115.166 E615.23608
G1 X117.821 Y114.835 E615.24902
G1 X117.334 Y114.835 E615.26805
G1 X117.175 Y114.676 E615.27684
G1 X117.101 Y114.602
G0 F15000 X116.73 Y115
M204 S5000
;TYPE:WALL-INNER
G1 F1112.7 X116.73 Y116.334 E615.32343
G1 X118.266 Y116.334 E615.37707
G1 X118.266 Y113.662 E615.47038
G1 X116.73 Y113.662 E615.52402
G1 X116.73 Y115 E615.57075
M204 S10000
G0 F15000 X116.31 Y115
M204 S5000
;TYPE:WALL-OUTER
G1 F1112.7 X116.31 Y116.754 E615.63201
G1 X118.686 Y116.754 E615.71498
G1 X118.686 Y113.242 E615.83763
G1 X116.31 Y113.242 E615.92061
G1 X116.31 Y115 E615.98201
M204 S10000
G0 F15000 X116.31 Y115.2
G0 X117.341 Y115.2
G1 F2700 E615.48201
G0 F15000 X117.401 Y116.525
G0 X117.401 Y117.63
G0 X117.401 Y129.638
G0 X117.401 Y130.743
G0 X117.401 Y132.628
;TYPE:FILL
G1 F2700 E615.98201
G1 F1112.7 X117.821 Y132.628 E615.99842
G1 X117.598 Y132.628 E616.00713
G1 X117.175 Y133.05 E616.03049
G1 X117.175 Y133.866 E616.06238
G1 X117.821 Y133.867 E616.08762
G1 X117.821 Y133.048 E616.11963
G1 X117.401 Y132.628 E616.14284
G0 F15000 X116.991 Y131.193
G0 X116.73 Y130.93
M204 S5000
;TYPE:WALL-INNER
G1 F1112.7 X116.73 Y134.31 E616.26088
G1 X118.266 Y134.313 E616.31452
G1 X118.266 Y130.93 E616.43267
G1 X116.73 Y130.93 E616.48631
M204 S10000
G0 F15000 X116.31 Y130.51
M204 S5000
;TYPE:WALL-OUTER
G1 F1112.7 X116.31 Y134.73 E616.63369
G1 X118.686 Y134.733 E616.71666
G1 X118.686 Y130.51 E616.86414
G1 X116.31 Y130.51 E616.94712
M204 S10000
G0 F15000 X116.31 Y130.71
G0 X116.991 Y131.193
G0 X117.553 Y131.766
;TYPE:SKIN
G1 F1052.6 X117.526 Y131.814 E616.94915
G1 X117.471 Y131.814 E616.95119
G1 X117.443 Y131.766 E616.95324
G1 X117.47 Y131.718 E616.95527
G1 X117.525 Y131.718 E616.9573
G1 X117.553 Y131.766 E616.95935
G0 F15000 X117.066 Y131.266
G1 F1112.7 X117.93 Y131.266 E616.98953
G1 X117.93 Y132.266 E617.02445
G1 X117.066 Y132.266 E617.05462
G1 X117.066 Y131.266 E617.08955
G0 F15000 X117.341 Y131.543
G1 F2700 E616.58955
;MESH:NONMESH
G0 F600 Z32.8
G0 F15000 X117.821 Y130.743
G0 X117.821 Y129.638
G0 X119.552 Y117.618
G0 X119.552 Y112.382
G0 X117.821 Y100.362
G0 X117.821 Y99.257
G0 X117.821 Y96.259
;TIME_ELAPSED:880.770861
;LAYER:163
;note -- min layer time used
;TYPE:FILL
;MESH:Stickmaaaaan.obj
G1 F2700 E617.08955
G1 F1031.4 X117.175 Y96.259 E617.11479
G1 X117.175 Y96.95 E617.1418
G1 X117.284 Y97.059 E617.14782
G1 X117.821 Y97.059 E617.16881
G1 X117.821 Y96.953 E617.17295
G1 X117.715 Y97.059 E617.17881
G1 X117.641 Y97.133
G0 F15000 X116.991 Y98.495
G0 X116.73 Y98.754
M204 S5000
;TYPE:WALL-INNER
G1 F1031.4 X118.266 Y98.754 E617.23245
G1 X118.266 Y95.814 E617.33512
G1 X116.73 Y95.814 E617.38877
G1 X116.73 Y98.754 E617.49144
M204 S10000
G0 F15000 X116.31 Y99.174
M204 S5000
;TYPE:WALL-OUTER
G1 F1031.4 X118.686 Y99.174 E617.57442
G1 X118.686 Y95.394 E617.70643
G1 X116.31 Y95.394 E617.7894
G1 X116.31 Y99.174 E617.92141
M204 S10000
G0 F15000 X116.51 Y99.174
G0 X116.991 Y98.495
G0 X117.553 Y97.918
;TYPE:SKIN
G1 F975.6 X117.526 Y97.966 E617.92345
G1 X117.471 Y97.966 E617.92548
G1 X117.443 Y97.918 E617.92753
G1 X117.47 Y97.87 E617.92956
G1 X117.525 Y97.87 E617.93159
G1 X117.553 Y97.918 E617.93364
G0 F15000 X117.066 Y98.418
G1 F1031.4 X117.066 Y97.418 E617.96857
G1 X117.93 Y97.418 E617.99874
G1 X117.93 Y98.418 E618.03366
G1 X117.066 Y98.418 E618.06384
G0 F15000 X117.341 Y98.145
G1 F2700 E617.56384
G0 F15000 X117.821 Y98.945
G0 X117.821 Y100.05
G0 X117.821 Y112.37
G0 X117.821 Y113.475
G0 X117.821 Y114.107
;TYPE:FILL
G1 F2700 E618.06384
G1 F1031.4 X117.175 Y114.107 E618.08908
G1 X117.175 Y115.325 E618.13668
G1 X117.333 Y115.167 E618.14542
G1 X117.821 Y115.166 E618.16449
G1 X117.821 Y114.835 E618.17742
G1 X117.334 Y114.835 E618.19646
G1 X117.175 Y114.676 E618.20524
G1 X117.101 Y114.602
G0 F15000 X116.73 Y115
M204 S5000
;TYPE:WALL-INNER
G1 F1031.4 X116.73 Y116.334 E618.25183
G1 X118.266 Y116.334 E618.30547
G1 X118.266 Y113.662 E618.39879
G1 X116.73 Y113.662 E618.45243
G1 X116.73 Y115 E618.49916
M204 S10000
G0 F15000 X116.31 Y115
M204 S5000
;TYPE:WALL-OUTER
G1 F1031.4 X116.31 Y116.754 E618.56041
G1 X118.686 Y116.754 E618.64339
G1 X118.686 Y113.242 E618.76604
G1 X116.31 Y113.242 E618.84902
G1 X116.31 Y115 E618.91041
M204 S10000
G0 F15000 X116.31 Y115.2
G0 X117.341 Y115.2
G1 F2700 E618.41041
G0 F15000 X117.284 Y116.525
G0 X117.284 Y117.63
G0 X117.284 Y129.95
G0 X117.284 Y131.055
G0 X117.284 Y132.941
;TYPE:FILL
G1 F2700 E618.91041
G1 F1031.4 X117.821 Y132.941 E618.9314
G1 X117.714 Y132.941 E618.93558
G1 X117.822 Y133.049 E618.94155
G1 X117.821 Y133.737 E618.96844
G1 X117.175 Y133.737 E618.99368
G1 X117.175 Y133.05 E619.02053
G1 X117.284 Y132.941 E619.02655
G0 F15000 X116.991 Y131.505
G0 X116.73 Y131.242
M204 S5000
;TYPE:WALL-INNER
G1 F1031.4 X116.73 Y134.182 E619.12923
G1 X118.266 Y134.182 E619.18287
G1 X118.266 Y131.242 E619.28554
G1 X116.73 Y131.242 E619.33919
M204 S10000
G0 F15000 X116.31 Y130.822
M204 S5000
;TYPE:WALL-OUTER
G1 F1031.4 X116.31 Y134.602 E619.4712
G1 X118.686 Y134.602 E619.55417
G1 X118.686 Y130.822 E619.68618
G1 X116.31 Y130.822 E619.76916
M204 S10000
G0 F15000 X116.31 Y131.022
G0 X116.991 Y131.505
G0 X117.553 Y132.078
;TYPE:SKIN
G1 F975.6 X117.526 Y132.126 E619.77119
G1 X117.471 Y132.126 E619.77322
G1 X117.443 Y132.078 E619.77528
G1 X117.47 Y132.03 E619.77731
G1 X117.525 Y132.03 E619.77934
G1 X117.553 Y132.078 E619.78139
G0 F15000 X117.066 Y131.578
G1 F1031.4 X117.93 Y131.578 E619.81156
G1 X117.93 Y132.578 E619.84649
G1 X117.066 Y132.578 E619.87666
G1 X117.066 Y131.578 E619.91158
G0 F15000 X117.341 Y131.855
G1 F2700 E619.41158
;MESH:NONMESH
G0 F600 Z33
G0 F15000 X117.021 Y131.055
G0 X117.021 Y129.95
G0 X115.448 Y117.618
G0 X115.448 Y112.382
G0 X117.021 Y100.05
G0 X117.021 Y98.945
G0 X117.021 Y98.442
G0 X116.73 Y98.442
;TIME_ELAPSED:886.359564
;LAYER:164
;note -- min layer time used
M204 S5000
;TYPE:WALL-INNER
;MESH:Stickmaaaaan.obj
G1 F2700 E619.91158
G1 F911.4 X118.266 Y98.442 E619.96523
G1 X118.266 Y95.942 E620.05253
G1 X116.73 Y95.942 E620.10618
G1 X116.73 Y98.442 E620.19348
M204 S10000
G0 F15000 X116.31 Y98.862
M204 S5000
;TYPE:WALL-OUTER
G1 F911.4 X118.686 Y98.862 E620.27646
G1 X118.686 Y95.522 E620.3931
G1 X116.31 Y95.522 E620.47608
G1 X116.31 Y98.862 E620.59273
M204 S10000
G0 F15000 X116.51 Y98.862
G0 X116.991 Y98.182
G0 X117.553 Y97.606
;TYPE:SKIN
G1 F862.1 X117.526 Y97.654 E620.59476
G1 X117.471 Y97.654 E620.59679
G1 X117.443 Y97.606 E620.59884
G1 X117.47 Y97.558 E620.60087
G1 X117.525 Y97.558 E620.6029
G1 X117.553 Y97.606 E620.60496
G0 F15000 X117.066 Y98.106
G1 F911.4 X117.066 Y97.106 E620.63988
G1 X117.93 Y97.106 E620.67005
G1 X117.93 Y98.106 E620.70498
G1 X117.066 Y98.106 E620.73515
G0 F15000 X117.341 Y97.832
G1 F2700 E620.23515
G0 F15000 X117.821 Y98.632
G0 X117.821 Y99.737
G0 X117.821 Y112.37
G0 X117.821 Y113.475
G0 X117.821 Y114.107
;TYPE:FILL
G1 F2700 E620.73515
G1 F911.4 X117.175 Y114.107 E620.7604
G1 X117.175 Y115.325 E620.808
G1 X117.333 Y115.167 E620.81673
G1 X117.821 Y115.166 E620.8358
G1 X117.821 Y114.835 E620.84874
G1 X117.334 Y114.835 E620.86777
G1 X117.175 Y114.676 E620.87656
G1 X117.101 Y114.602
G0 F15000 X116.73 Y115
M204 S5000
;TYPE:WALL-INNER
G1 F911.4 X116.73 Y116.334 E620.92314
G1 X118.266 Y116.334 E620.97678
G1 X118.266 Y113.662 E621.0701
G1 X116.73 Y113.662 E621.12374
G1 X116.73 Y115 E621.17047
M204 S10000
G0 F15000 X116.31 Y115
M204 S5000
;TYPE:WALL-OUTER
G1 F911.4 X116.31 Y116.754 E621.23172
G1 X118.686 Y116.754 E621.3147
G1 X118.686 Y113.242 E621.43735
G1 X116.31 Y113.242 E621.52033
G1 X116.31 Y115 E621.58172
M204 S10000
G0 F15000 X116.31 Y115.2
G0 X117.341 Y115.2
G1 F2700 E621.08172
G0 F15000 X117.021 Y116.525
G0 X117.021 Y117.63
G0 X117.021 Y130.263
G0 X117.021 Y131.368
G0 X116.73 Y131.558
M204 S5000
;TYPE:WALL-INNER
G1 F2700 E621.58172
G1 F911.4 X116.73 Y134.054 E621.66889
G1 X118.266 Y134.054 E621.72253
G1 X118.266 Y131.558 E621.8097
G1 X116.73 Y131.558 E621.86334
M204 S10000
G0 F15000 X116.31 Y131.138
M204 S5000
;TYPE:WALL-OUTER
G1 F911.4 X116.31 Y134.474 E621.97985
G1 X118.686 Y134.474 E622.06282
G1 X118.686 Y131.138 E622.17933
G1 X116.31 Y131.138 E622.26231
M204 S10000
G0 F15000 X116.31 Y131.338
G0 X116.991 Y131.818
G0 X117.553 Y132.392
;TYPE:SKIN
G1 F862.1 X117.526 Y132.44 E622.26434
G1 X117.471 Y132.44 E622.26637
G1 X117.443 Y132.392 E622.26842
G1 X117.47 Y132.344 E622.27045
G1 X117.525 Y132.344 E622.27248
G1 X117.553 Y132.392 E622.27454
G0 F15000 X117.066 Y131.894
G1 F911.4 X117.93 Y131.894 E622.30471
G1 X117.93 Y132.89 E622.33949
G1 X117.066 Y132.89 E622.36967
G1 X117.066 Y131.894 E622.40445
G0 F15000 X117.341 Y132.168
G1 F2700 E621.90445
;MESH:NONMESH
G0 F600 Z33.2
G0 F15000 X117.021 Y131.368
G0 X117.021 Y130.263
G0 X115.448 Y117.618
G0 X115.448 Y112.382
G0 X117.021 Y99.737
G0 X117.021 Y98.632
G0 X117.021 Y98.13
G0 X116.73 Y98.13
;TIME_ELAPSED:891.906111
;LAYER:165
;note -- min layer time used
M204 S5000
;TYPE:WALL-INNER
;MESH:Stickmaaaaan.obj
G1 F2700 E622.40445
G1 F892.4 X118.266 Y98.13 E622.45809
G1 X118.266 Y96.07 E622.53003
G1 X116.73 Y96.07 E622.58368
G1 X116.73 Y98.13 E622.65562
M204 S10000
G0 F15000 X116.31 Y98.55
M204 S5000
;TYPE:WALL-OUTER
G1 F892.4 X118.686 Y98.55 E622.73859
G1 X118.686 Y95.65 E622.83987
G1 X116.31 Y95.65 E622.92285
G1 X116.31 Y98.55 E623.02413
M204 S10000
G0 F15000 X116.51 Y98.55
G0 X116.991 Y97.87
G0 X117.498 Y96.838
;TYPE:SKIN
G1 F844.1 X117.498 Y97.362 E623.04347
G0 F15000 X117.066 Y97.794
G1 F892.4 X117.066 Y96.406 E623.09195
G1 X117.93 Y96.406 E623.12212
G1 X117.93 Y97.794 E623.17059
G1 X117.066 Y97.794 E623.20077
G0 F15000 X117.341 Y97.52
G1 F2700 E622.70077
G0 F15000 X117.821 Y98.32
G0 X117.821 Y99.425
G0 X117.821 Y112.37
G0 X117.821 Y113.475
G0 X117.821 Y114.107
;TYPE:FILL
G1 F2700 E623.20077
G1 F892.4 X117.175 Y114.107 E623.22601
G1 X117.175 Y115.325 E623.27361
G1 X117.333 Y115.167 E623.28234
G1 X117.821 Y115.166 E623.30142
G1 X117.821 Y114.835 E623.31435
G1 X117.334 Y114.835 E623.33338
G1 X117.175 Y114.676 E623.34217
G1 X117.101 Y114.602
G0 F15000 X116.73 Y115
M204 S5000
;TYPE:WALL-INNER
G1 F892.4 X116.73 Y116.334 E623.38876
G1 X118.266 Y116.334 E623.4424
G1 X118.266 Y113.662 E623.53572
G1 X116.73 Y113.662 E623.58936
G1 X116.73 Y115 E623.63608
M204 S10000
G0 F15000 X116.31 Y115
M204 S5000
;TYPE:WALL-OUTER
G1 F892.4 X116.31 Y116.754 E623.69734
G1 X118.686 Y116.754 E623.78032
G1 X118.686 Y113.242 E623.90297
G1 X116.31 Y113.242 E623.98594
G1 X116.31 Y115 E624.04734
M204 S10000
G0 F15000 X116.31 Y115.2
G0 X117.341 Y115.2
G1 F2700 E623.54734
G0 F15000 X117.021 Y116.525
G0 X117.021 Y117.63
G0 X117.021 Y130.575
G0 X117.021 Y131.68
G0 X116.73 Y131.87
M204 S5000
;TYPE:WALL-INNER
G1 F2700 E624.04734
G1 F892.4 X116.73 Y133.926 E624.11914
G1 X118.266 Y133.926 E624.17278
G1 X118.266 Y131.87 E624.24459
G1 X116.73 Y131.87 E624.29823
M204 S10000
G0 F15000 X116.31 Y131.45
M204 S5000
;TYPE:WALL-OUTER
G1 F892.4 X116.31 Y134.346 E624.39936
G1 X118.686 Y134.346 E624.48234
G1 X118.686 Y131.45 E624.58348
G1 X116.31 Y131.45 E624.66646
M204 S10000
G0 F15000 X116.31 Y131.65
G0 X116.991 Y132.13
G0 X117.498 Y133.158
;TYPE:SKIN
G1 F844.1 X117.498 Y132.638 E624.68565
G0 F15000 X117.066 Y132.206
G1 F892.4 X117.93 Y132.206 E624.71583
G1 X117.93 Y133.59 E624.76416
G1 X117.066 Y133.59 E624.79434
G1 X117.066 Y132.206 E624.84267
G0 F15000 X117.341 Y132.48
G1 F2700 E624.34267
;MESH:NONMESH
G0 F600 Z33.4
G0 F15000 X117.021 Y131.68
G0 X117.021 Y130.575
G0 X115.448 Y117.618
G0 X115.448 Y112.382
G0 X117.021 Y99.425
G0 X117.021 Y98.32
G0 X117.021 Y97.814
G0 X116.73 Y97.814
;TIME_ELAPSED:897.454977
;LAYER:166
;note -- min layer time used
M204 S5000
;TYPE:WALL-INNER
;MESH:Stickmaaaaan.obj
G1 F2700 E624.84267
G1 F819.8 X118.266 Y97.814 E624.89631
G1 X118.266 Y96.198 E624.95275
G1 X116.73 Y96.198 E625.00639
G1 X116.73 Y97.814 E625.06282
M204 S10000
G0 F15000 X116.31 Y98.234
M204 S5000
;TYPE:WALL-OUTER
G1 F819.8 X118.686 Y98.234 E625.1458
G1 X118.686 Y95.778 E625.23157
G1 X116.31 Y95.778 E625.31455
G1 X116.31 Y98.234 E625.40032
M204 S10000
G0 F15000 X116.51 Y98.234
G0 X116.991 Y97.557
G0 X117.553 Y97.006
;TYPE:SKIN
G1 F775.5 X117.526 Y97.054 E625.40236
G1 X117.471 Y97.054 E625.40439
G1 X117.443 Y97.006 E625.40644
G1 X117.47 Y96.958 E625.40847
G1 X117.525 Y96.958 E625.4105
G1 X117.553 Y97.006 E625.41255
G0 F15000 X117.066 Y97.478
G1 F819.8 X117.066 Y96.534 E625.44552
G1 X117.93 Y96.534 E625.47569
G1 X117.93 Y97.478 E625.50866
G1 X117.066 Y97.478 E625.53883
G0 F15000 X117.341 Y97.207
G1 F2700 E625.03883
G0 F15000 X117.821 Y98.007
G0 X117.821 Y99.112
G0 X117.821 Y112.37
G0 X117.821 Y113.475
G0 X117.821 Y114.107
;TYPE:FILL
G1 F2700 E625.53883
G1 F819.8 X117.175 Y114.107 E625.56408
G1 X117.175 Y115.325 E625.61168
G1 X117.333 Y115.167 E625.62041
G1 X117.821 Y115.166 E625.63948
G1 X117.821 Y114.835 E625.65242
G1 X117.334 Y114.835 E625.67145
G1 X117.175 Y114.676 E625.68024
G1 X117.101 Y114.602
G0 F15000 X116.73 Y115
M204 S5000
;TYPE:WALL-INNER
G1 F819.8 X116.73 Y116.334 E625.72683
G1 X118.266 Y116.334 E625.78047
G1 X118.266 Y113.662 E625.87378
G1 X116.73 Y113.662 E625.92743
G1 X116.73 Y115 E625.97415
M204 S10000
G0 F15000 X116.31 Y115
M204 S5000
;TYPE:WALL-OUTER
G1 F819.8 X116.31 Y116.754 E626.03541
G1 X118.686 Y116.754 E626.11839
G1 X118.686 Y113.242 E626.24104
G1 X116.31 Y113.242 E626.32401
G1 X116.31 Y115 E626.38541
M204 S10000
G0 F15000 X116.31 Y115.2
G0 X117.341 Y115.2
G1 F2700 E625.88541
G0 F15000 X117.021 Y116.525
G0 X117.021 Y117.63
G0 X117.021 Y130.888
G0 X117.021 Y131.993
G0 X116.73 Y132.182
M204 S5000
;TYPE:WALL-INNER
G1 F2700 E626.38541
G1 F819.8 X116.73 Y133.798 E626.44184
G1 X118.266 Y133.798 E626.49549
G1 X118.266 Y132.182 E626.55192
G1 X116.73 Y132.182 E626.60556
M204 S10000
G0 F15000 X116.31 Y131.762
M204 S5000
;TYPE:WALL-OUTER
G1 F819.8 X116.31 Y134.218 E626.69134
G1 X118.686 Y134.218 E626.77431
G1 X118.686 Y131.762 E626.86008
G1 X116.31 Y131.762 E626.94306
M204 S10000
G0 F15000 X116.31 Y131.962
G0 X116.991 Y132.443
G0 X117.553 Y132.99
;TYPE:SKIN
G1 F775.5 X117.526 Y133.038 E626.94509
G1 X117.471 Y133.038 E626.94713
G1 X117.443 Y132.99 E626.94918
G1 X117.47 Y132.942 E626.95121
G1 X117.525 Y132.942 E626.95324
G1 X117.553 Y132.99 E626.95529
G0 F15000 X117.066 Y132.518
G1 F819.8 X117.93 Y132.518 E626.98547
G1 X117.93 Y133.462 E627.01843
G1 X117.066 Y133.462 E627.04861
G1 X117.066 Y132.518 E627.08157
G0 F15000 X117.341 Y132.793
G1 F2700 E626.58157
;MESH:NONMESH
G0 F600 Z33.6
G0 F15000 X117.021 Y131.993
G0 X117.021 Y130.888
G0 X115.448 Y117.618
G0 X115.448 Y112.382
G0 X117.021 Y99.112
G0 X117.021 Y98.007
G0 X117.021 Y97.502
G0 X116.73 Y97.502
;TIME_ELAPSED:902.989935
;LAYER:167
;note -- min layer time used
M204 S5000
;TYPE:WALL-INNER
;MESH:Stickmaaaaan.obj
G1 F2700 E627.08157
G1 F738.1 X118.266 Y97.502 E627.13522
G1 X118.266 Y96.326 E627.17629
G1 X116.73 Y96.326 E627.22993
G1 X116.73 Y97.502 E627.271
M204 S10000
G0 F15000 X116.31 Y97.922
M204 S5000
;TYPE:WALL-OUTER
G1 F738.1 X118.686 Y97.922 E627.35397
G1 X118.686 Y95.906 E627.42438
G1 X116.31 Y95.906 E627.50736
G1 X116.31 Y97.922 E627.57776
M204 S10000
G0 F15000 X116.51 Y97.922
G0 X117.087 Y97.145
;TYPE:SKIN
G1 F671 X117.087 Y96.683 E627.59551
G1 X117.909 Y96.683 E627.62709
G1 X117.909 Y97.145 E627.64484
G1 X117.087 Y97.145 E627.67641
G0 F15000 X117.341 Y96.894
G1 F2700 E627.17641
G0 F15000 X117.821 Y97.694
G0 X117.821 Y98.799
G0 X117.821 Y112.37
G0 X117.821 Y113.475
G0 X117.821 Y114.107
;TYPE:FILL
G1 F2700 E627.67641
G1 F738.1 X117.175 Y114.107 E627.70166
G1 X117.175 Y115.325 E627.74926
G1 X117.333 Y115.167 E627.75799
G1 X117.821 Y115.166 E627.77706
G1 X117.821 Y114.835 E627.79
G1 X117.334 Y114.835 E627.80903
G1 X117.175 Y114.676 E627.81782
G1 X117.101 Y114.602
G0 F15000 X116.73 Y115
M204 S5000
;TYPE:WALL-INNER
G1 F738.1 X116.73 Y116.334 E627.86441
G1 X118.266 Y116.334 E627.91805
G1 X118.266 Y113.662 E628.01136
G1 X116.73 Y113.662 E628.065
G1 X116.73 Y115 E628.11173
M204 S10000
G0 F15000 X116.31 Y115
M204 S5000
;TYPE:WALL-OUTER
G1 F738.1 X116.31 Y116.754 E628.17299
G1 X118.686 Y116.754 E628.25596
G1 X118.686 Y113.242 E628.37861
G1 X116.31 Y113.242 E628.46159
G1 X116.31 Y115 E628.52299
M204 S10000
G0 F15000 X116.31 Y115.2
G0 X117.341 Y115.2
G1 F2700 E628.02299
G0 F15000 X117.021 Y116.525
G0 X117.021 Y117.63
G0 X117.021 Y131.201
G0 X117.021 Y132.306
G0 X116.73 Y132.494
M204 S5000
;TYPE:WALL-INNER
G1 F2700 E628.52299
G1 F738.1 X116.73 Y133.67 E628.56406
G1 X118.266 Y133.67 E628.6177
G1 X118.266 Y132.494 E628.65877
G1 X116.73 Y132.494 E628.71241
M204 S10000
G0 F15000 X116.31 Y132.074
M204 S5000
;TYPE:WALL-OUTER
G1 F738.1 X116.31 Y134.09 E628.78282
G1 X118.686 Y134.09 E628.86579
G1 X118.686 Y132.074 E628.9362
G1 X116.31 Y132.074 E629.01917
M204 S10000
G0 F15000 X116.31 Y132.274
G0 X117.087 Y132.851
;TYPE:SKIN
G1 F671 X117.909 Y132.851 E629.05075
G1 X117.909 Y133.313 E629.0685
G1 X117.087 Y133.313 E629.10008
G1 X117.087 Y132.851 E629.11783
G0 F15000 X117.341 Y133.106
G1 F2700 E628.61783
;MESH:NONMESH
G0 F600 Z33.8
G0 F15000 X117.021 Y132.306
G0 X117.021 Y131.201
G0 X115.448 Y117.618
G0 X115.448 Y112.382
G0 X117.021 Y98.799
G0 X117.021 Y97.694
G0 X117.021 Y97.111
G0 X116.809 Y97.111
;TIME_ELAPSED:908.511143
;LAYER:168
;note -- min layer time used
M204 S5000
;TYPE:WALL-INNER
;MESH:Stickmaaaaan.obj
G1 F2700 E629.11783
G1 F443.6 X118.187 Y97.111 E629.18405
G1 X118.187 Y96.533 E629.21183
G1 X116.809 Y96.533 E629.27806
G1 X116.809 Y97.111 E629.30584
M204 S10000
G0 F15000 X116.31 Y97.61
M204 S5000
;TYPE:WALL-OUTER
G1 F610.5 X118.686 Y97.61 E629.38882
G1 X118.686 Y96.034 E629.44386
G1 X116.31 Y96.034 E629.52683
G1 X116.31 Y97.61 E629.58187
M204 S10000
G0 F15000 X116.51 Y97.61
G1 F2700 E629.08187
G0 F15000 X116.991 Y96.932
G0 X117.821 Y97.382
G0 X117.821 Y98.487
G0 X117.821 Y112.37
G0 X117.821 Y113.475
G0 X117.821 Y114.107
;TYPE:FILL
G1 F2700 E629.58187
G1 F610.5 X117.175 Y114.107 E629.60712
G1 X117.175 Y115.325 E629.65472
G1 X117.333 Y115.167 E629.66345
G1 X117.821 Y115.166 E629.68252
G1 X117.821 Y114.835 E629.69546
G1 X117.334 Y114.835 E629.71449
G1 X117.175 Y114.676 E629.72328
G1 X117.101 Y114.602
G0 F15000 X116.73 Y115
M204 S5000
;TYPE:WALL-INNER
G1 F610.5 X116.73 Y116.334 E629.76987
G1 X118.266 Y116.334 E629.82351
G1 X118.266 Y113.662 E629.91682
G1 X116.73 Y113.662 E629.97046
G1 X116.73 Y115 E630.01719
M204 S10000
G0 F15000 X116.31 Y115
M204 S5000
;TYPE:WALL-OUTER
G1 F610.5 X116.31 Y116.754 E630.07845
G1 X118.686 Y116.754 E630.16142
G1 X118.686 Y113.242 E630.28407
G1 X116.31 Y113.242 E630.36705
G1 X116.31 Y115 E630.42845
M204 S10000
G0 F15000 X116.31 Y115.2
G0 X117.341 Y115.2
G1 F2700 E629.92845
G0 F15000 X117.021 Y116.525
G0 X117.021 Y117.63
G0 X117.021 Y131.513
G0 X117.021 Y132.618
G0 X116.809 Y132.885
M204 S5000
;TYPE:WALL-INNER
G1 F2700 E630.42845
G1 F443.6 X116.809 Y133.463 E630.45623
G1 X118.187 Y133.463 E630.52245
G1 X118.187 Y132.885 E630.55023
G1 X116.809 Y132.885 E630.61646
M204 S10000
G0 F15000 X116.31 Y132.386
M204 S5000
;TYPE:WALL-OUTER
G1 F610.5 X116.31 Y133.962 E630.6715
G1 X118.686 Y133.962 E630.75448
G1 X118.686 Y132.386 E630.80952
G1 X116.31 Y132.386 E630.89249
M204 S10000
G0 F15000 X116.31 Y132.586
G1 F2700 E630.39249
;MESH:NONMESH
G0 F600 Z34
G0 F15000 X116.991 Y133.068
G0 X117.021 Y131.513
G0 X115.448 Y117.618
G0 X115.448 Y112.382
G0 X117.021 Y98.487
G0 X117.021 Y97.382
G0 X116.699 Y96.909
;TIME_ELAPSED:914.240856
;LAYER:169
;note -- min layer time used
M204 S5000
;TYPE:WALL-INNER
;MESH:Stickmaaaaan.obj
G1 F2700 E630.89249
G1 F703.9 X118.297 Y96.909 E630.94006
G1 X118.297 Y96.551 E630.95072
G1 X116.699 Y96.551 E630.99829
G1 X116.699 Y96.909 E631.00894
M204 S10000
G0 F15000 X116.31 Y97.298
M204 S5000
;TYPE:WALL-OUTER
G1 F600 X118.686 Y97.298 E631.09192
G1 X118.686 Y96.162 E631.13159
G1 X116.31 Y96.162 E631.21457
G1 X116.31 Y97.298 E631.25425
M204 S10000
G0 F15000 X116.51 Y97.298
G1 F2700 E630.75425
G0 F15000 X116.591 Y97.019
G0 X117.821 Y97.069
G0 X117.821 Y98.174
G0 X117.821 Y112.37
G0 X117.821 Y113.475
G0 X117.821 Y114.107
;TYPE:FILL
G1 F2700 E631.25425
G1 F600 X117.175 Y114.107 E631.27949
G1 X117.175 Y115.325 E631.32709
G1 X117.333 Y115.167 E631.33582
G1 X117.821 Y115.166 E631.3549
G1 X117.821 Y114.835 E631.36783
G1 X117.334 Y114.835 E631.38686
G1 X117.175 Y114.676 E631.39565
G1 X117.101 Y114.602
G0 F15000 X116.73 Y115
M204 S5000
;TYPE:WALL-INNER
G1 F600 X116.73 Y116.334 E631.44224
G1 X118.266 Y116.334 E631.49588
G1 X118.266 Y113.662 E631.58919
G1 X116.73 Y113.662 E631.64284
G1 X116.73 Y115 E631.68956
M204 S10000
G0 F15000 X116.31 Y115
M204 S5000
;TYPE:WALL-OUTER
G1 F600 X116.31 Y116.754 E631.75082
G1 X118.686 Y116.754 E631.8338
G1 X118.686 Y113.242 E631.95645
G1 X116.31 Y113.242 E632.03942
G1 X116.31 Y115 E632.10082
M204 S10000
G0 F15000 X116.31 Y115.2
G0 X117.341 Y115.2
G1 F2700 E631.60082
G0 F15000 X116.699 Y116.525
G0 X116.699 Y117.63
G0 X116.699 Y131.826
G0 X116.699 Y133.087
M204 S5000
;TYPE:WALL-INNER
G1 F2700 E632.10082
G1 F703.9 X116.699 Y133.445 E632.11148
G1 X118.297 Y133.445 E632.15904
G1 X118.297 Y133.087 E632.1697
G1 X116.699 Y133.087 E632.21727
M204 S10000
G0 F15000 X116.31 Y132.698
M204 S5000
;TYPE:WALL-OUTER
G1 F600 X116.31 Y133.834 E632.25694
G1 X118.686 Y133.834 E632.33992
G1 X118.686 Y132.698 E632.37959
G1 X116.31 Y132.698 E632.46257
M204 S10000
G0 F15000 X116.31 Y132.898
G1 F2700 E631.96257
;MESH:NONMESH
G0 F600 Z34.2
G0 F15000 X116.591 Y132.981
G0 X116.621 Y131.826
G0 X115.448 Y117.618
G0 X115.448 Y112.382
G0 X116.621 Y98.174
G0 X116.379 Y96.917
;TIME_ELAPSED:919.441905
;LAYER:170
;note -- min layer time used
M204 S5000
;TYPE:WALL-OUTER
;MESH:Stickmaaaaan.obj
G1 F2700 E632.46257
G1 F451.6 X116.379 Y96.359 E632.48846
G1 X118.617 Y96.359 E632.5923
G1 X118.617 Y96.917 E632.61819
G1 X116.379 Y96.917 E632.72203
M204 S10000
G0 F15000 X116.379 Y96.717
G1 F2700 E632.22203
G0 F15000 X116.621 Y96.717
G0 X117.821 Y96.757
G0 X117.821 Y97.862
G0 X117.821 Y112.37
G0 X117.821 Y113.475
G0 X117.821 Y114.107
;TYPE:FILL
G1 F2700 E632.72203
G1 F600 X117.175 Y114.107 E632.74727
G1 X117.175 Y115.325 E632.79487
G1 X117.333 Y115.167 E632.80361
G1 X117.821 Y115.166 E632.82268
G1 X117.821 Y114.835 E632.83561
G1 X117.334 Y114.835 E632.85465
G1 X117.175 Y114.676 E632.86343
G1 X117.101 Y114.602
G0 F15000 X116.73 Y115
M204 S5000
;TYPE:WALL-INNER
G1 F600 X116.73 Y116.334 E632.91002
G1 X118.266 Y116.334 E632.96366
G1 X118.266 Y113.662 E633.05698
G1 X116.73 Y113.662 E633.11062
G1 X116.73 Y115 E633.15735
M204 S10000
G0 F15000 X116.31 Y115
M204 S5000
;TYPE:WALL-OUTER
G1 F600 X116.31 Y116.754 E633.2186
G1 X118.686 Y116.754 E633.30158
G1 X118.686 Y113.242 E633.42423
G1 X116.31 Y113.242 E633.50721
G1 X116.31 Y115 E633.5686
M204 S10000
G0 F15000 X116.31 Y115.2
G0 X117.341 Y115.2
G1 F2700 E633.0686
G0 F15000 X116.591 Y116.525
G0 X116.591 Y117.63
G0 X116.591 Y132.138
G0 X116.379 Y133.079
M204 S5000
G1 F2700 E633.5686
G1 F451.6 X118.617 Y133.079 E633.67244
G1 X118.617 Y133.637 E633.69833
G1 X116.379 Y133.637 E633.80217
G1 X116.379 Y133.079 E633.82806
M204 S10000
G0 F15000 X116.579 Y133.079
G1 F2700 E633.32806
;MESH:NONMESH
G0 F600 Z34.4
G0 F15000 X116.579 Y133.323
G0 X118.379 Y133.243
G0 X118.379 Y132.138
G0 X119.552 Y117.618
G0 X119.552 Y112.382
G0 X118.379 Y97.862
G0 X118.558 Y96.546
;TIME_ELAPSED:924.047900
;LAYER:171
;note -- min layer time used
M204 S5000
;TYPE:WALL-OUTER
;MESH:Stickmaaaaan.obj
G1 F2700 E633.82806
G1 F372.8 X116.438 Y96.546 E633.94722
M204 S10000
G1 F2700 E633.44722
G0 F15000 X116.438 Y97.549
G0 X116.535 Y112.37
G0 X116.535 Y113.469
G0 X117.821 Y114.107
;TYPE:FILL
G1 F2700 E633.94722
G1 F600 X117.175 Y114.107 E633.97247
G1 X117.175 Y115.325 E634.02007
G1 X117.333 Y115.167 E634.0288
G1 X117.821 Y115.166 E634.04787
G1 X117.821 Y114.835 E634.06081
G1 X117.334 Y114.835 E634.07984
G1 X117.175 Y114.676 E634.08863
G1 X117.101 Y114.602
G0 F15000 X116.73 Y115
M204 S5000
;TYPE:WALL-INNER
G1 F600 X116.73 Y116.334 E634.13522
G1 X118.266 Y116.334 E634.18886
G1 X118.266 Y113.662 E634.28217
G1 X116.73 Y113.662 E634.33581
G1 X116.73 Y115 E634.38254
M204 S10000
G0 F15000 X116.31 Y115
M204 S5000
;TYPE:WALL-OUTER
G1 F600 X116.31 Y116.754 E634.4438
G1 X118.686 Y116.754 E634.52677
G1 X118.686 Y113.242 E634.64942
G1 X116.31 Y113.242 E634.7324
G1 X116.31 Y115 E634.7938
M204 S10000
G0 F15000 X116.31 Y115.2
G0 X117.341 Y115.2
G1 F2700 E634.2938
G0 F15000 X118.465 Y116.531
G0 X118.465 Y117.63
G0 X118.56 Y132.451
G0 X118.56 Y133.452
M204 S5000
G1 F2700 E634.7938
G1 F375 X116.436 Y133.452 E634.91248
M204 S10000
G1 F2700 E634.41248
;MESH:NONMESH
G0 F600 Z34.6
G0 F15000 X116.436 Y132.451
G0 X116.535 Y117.63
G0 X116.535 Y116.531
G0 X117.175 Y114.676
;TIME_ELAPSED:927.700214
;LAYER:172
;note -- min layer time used
;TYPE:FILL
;MESH:Stickmaaaaan.obj
G1 F2700 E634.91248
G1 F600 X117.334 Y114.835 E634.92127
G1 X117.821 Y114.835 E634.9403
G1 X117.821 Y115.166 E634.95324
G1 X117.333 Y115.167 E634.97231
G1 X117.175 Y115.325 E634.98104
G1 X117.175 Y114.107 E635.02864
G1 X117.821 Y114.107 E635.05389
G1 X117.926 Y114.107
G0 F15000 X117.021 Y115
G0 X116.73 Y115
M204 S5000
;TYPE:WALL-INNER
G1 F600 X116.73 Y116.334 E635.10047
G1 X118.266 Y116.334 E635.15411
G1 X118.266 Y113.662 E635.24743
G1 X116.73 Y113.662 E635.30107
G1 X116.73 Y115 E635.3478
M204 S10000
G0 F15000 X116.31 Y115
M204 S5000
;TYPE:WALL-OUTER
G1 F600 X116.31 Y116.754 E635.40905
G1 X118.686 Y116.754 E635.49203
G1 X118.686 Y113.242 E635.61468
G1 X116.31 Y113.242 E635.69766
G1 X116.31 Y115 E635.75905
M204 S10000
G0 F15000 X116.31 Y115.2
G0 X117.341 Y115.2
;MESH:NONMESH
G0 F600 Z34.8
G0 F15000 X117.175 Y114.676
;TIME_ELAPSED:930.261923
;LAYER:173
;note -- min layer time used
;TYPE:FILL
;MESH:Stickmaaaaan.obj
G1 F600 X117.334 Y114.835 E635.76784
G1 X117.821 Y114.835 E635.78687
G1 X117.821 Y115.166 E635.79981
G1 X117.333 Y115.167 E635.81888
G1 X117.175 Y115.325 E635.82761
G1 X117.175 Y114.107 E635.87521
G1 X117.821 Y114.107 E635.90046
G1 X117.926 Y114.107
G0 F15000 X117.021 Y115
G0 X116.73 Y115
M204 S5000
;TYPE:WALL-INNER
G1 F600 X116.73 Y116.334 E635.94705
G1 X118.266 Y116.334 E636.00069
G1 X118.266 Y113.662 E636.094
G1 X116.73 Y113.662 E636.14765
G1 X116.73 Y115 E636.19437
M204 S10000
G0 F15000 X116.31 Y115
M204 S5000
;TYPE:WALL-OUTER
G1 F600 X116.31 Y116.754 E636.25563
G1 X118.686 Y116.754 E636.33861
G1 X118.686 Y113.242 E636.46126
G1 X116.31 Y113.242 E636.54423
G1 X116.31 Y115 E636.60563
M204 S10000
G0 F15000 X116.31 Y115.2
G0 X117.341 Y115.2
;MESH:NONMESH
G0 F600 Z35
G0 F15000 X117.175 Y114.676
;TIME_ELAPSED:932.804013
;LAYER:174
;note -- min layer time used
;TYPE:FILL
;MESH:Stickmaaaaan.obj
G1 F600 X117.334 Y114.835 E636.61442
G1 X117.821 Y114.835 E636.63345
G1 X117.821 Y115.166 E636.64638
G1 X117.333 Y115.167 E636.66545
G1 X117.175 Y115.325 E636.67419
G1 X117.175 Y114.107 E636.72179
G1 X117.821 Y114.107 E636.74703
G1 X117.926 Y114.107
G0 F15000 X117.021 Y115
G0 X116.73 Y115
M204 S5000
;TYPE:WALL-INNER
G1 F600 X116.73 Y116.334 E636.79362
G1 X118.266 Y116.334 E636.84726
G1 X118.266 Y113.662 E636.94058
G1 X116.73 Y113.662 E636.99422
G1 X116.73 Y115 E637.04095
M204 S10000
G0 F15000 X116.31 Y115
M204 S5000
;TYPE:WALL-OUTER
G1 F600 X116.31 Y116.754 E637.1022
G1 X118.686 Y116.754 E637.18518
G1 X118.686 Y113.242 E637.30783
G1 X116.31 Y113.242 E637.39081
G1 X116.31 Y115 E637.4522
M204 S10000
G0 F15000 X116.31 Y115.2
G0 X117.341 Y115.2
;MESH:NONMESH
G0 F600 Z35.2
G0 F15000 X117.175 Y114.676
;TIME_ELAPSED:935.346103
;LAYER:175
;note -- min layer time used
;TYPE:FILL
;MESH:Stickmaaaaan.obj
G1 F600 X117.334 Y114.835 E637.46099
G1 X117.821 Y114.835 E637.48002
G1 X117.821 Y115.166 E637.49296
G1 X117.333 Y115.167 E637.51203
G1 X117.175 Y115.325 E637.52076
G1 X117.175 Y114.107 E637.56836
G1 X117.821 Y114.107 E637.59361
G1 X117.926 Y114.107
G0 F15000 X117.021 Y115
G0 X116.73 Y115
M204 S5000
;TYPE:WALL-INNER
G1 F600 X116.73 Y116.334 E637.64019
G1 X118.266 Y116.334 E637.69384
G1 X118.266 Y113.662 E637.78715
G1 X116.73 Y113.662 E637.84079
G1 X116.73 Y115 E637.88752
M204 S10000
G0 F15000 X116.31 Y115
M204 S5000
;TYPE:WALL-OUTER
G1 F600 X116.31 Y116.754 E637.94878
G1 X118.686 Y116.754 E638.03175
G1 X118.686 Y113.242 E638.1544
G1 X116.31 Y113.242 E638.23738
G1 X116.31 Y115 E638.29878
M204 S10000
G0 F15000 X116.31 Y115.2
G0 X117.341 Y115.2
;MESH:NONMESH
G0 F600 Z35.4
G0 F15000 X117.175 Y114.676
;TIME_ELAPSED:937.888194
;LAYER:176
;note -- min layer time used
;TYPE:FILL
;MESH:Stickmaaaaan.obj
G1 F600 X117.334 Y114.835 E638.30756
G1 X117.821 Y114.835 E638.3266
G1 X117.821 Y115.166 E638.33953
G1 X117.333 Y115.167 E638.3586
G1 X117.175 Y115.325 E638.36733
G1 X117.175 Y114.107 E638.41493
G1 X117.821 Y114.107 E638.44018
G1 X117.926 Y114.107
G0 F15000 X117.021 Y115
G0 X116.73 Y115
M204 S5000
;TYPE:WALL-INNER
G1 F600 X116.73 Y116.334 E638.48677
G1 X118.266 Y116.334 E638.54041
G1 X118.266 Y113.662 E638.63373
G1 X116.73 Y113.662 E638.68737
G1 X116.73 Y115 E638.73409
M204 S10000
G0 F15000 X116.31 Y115
M204 S5000
;TYPE:WALL-OUTER
G1 F600 X116.31 Y116.754 E638.79535
G1 X118.686 Y116.754 E638.87833
G1 X118.686 Y113.242 E639.00098
G1 X116.31 Y113.242 E639.08395
G1 X116.31 Y115 E639.14535
M204 S10000
G0 F15000 X116.31 Y115.2
G0 X117.341 Y115.2
;MESH:NONMESH
G0 F600 Z35.6
G0 F15000 X117.175 Y114.676
;TIME_ELAPSED:940.430284
;LAYER:177
;note -- min layer time used
;TYPE:FILL
;MESH:Stickmaaaaan.obj
G1 F600 X117.334 Y114.835 E639.15414
G1 X117.821 Y114.835 E639.17317
G1 X117.821 Y115.166 E639.1861
G1 X117.333 Y115.167 E639.20518
G1 X117.175 Y115.325 E639.21391
G1 X117.175 Y114.107 E639.26151
G1 X117.821 Y114.107 E639.28675
G1 X117.926 Y114.107
G0 F15000 X117.021 Y115
G0 X116.73 Y115
M204 S5000
;TYPE:WALL-INNER
G1 F600 X116.73 Y116.334 E639.33334
G1 X118.266 Y116.334 E639.38698
G1 X118.266 Y113.662 E639.4803
G1 X116.73 Y113.662 E639.53394
G1 X116.73 Y115 E639.58067
M204 S10000
G0 F15000 X116.31 Y115
M204 S5000
;TYPE:WALL-OUTER
G1 F600 X116.31 Y116.754 E639.64192
G1 X118.686 Y116.754 E639.7249
G1 X118.686 Y113.242 E639.84755
G1 X116.31 Y113.242 E639.93053
G1 X116.31 Y115 E639.99192
M204 S10000
G0 F15000 X116.31 Y115.2
G0 X117.341 Y115.2
;MESH:NONMESH
G0 F600 Z35.8
G0 F15000 X117.175 Y114.676
;TIME_ELAPSED:942.972375
;LAYER:178
;note -- min layer time used
;TYPE:FILL
;MESH:Stickmaaaaan.obj
G1 F600 X117.334 Y114.835 E640.00071
G1 X117.821 Y114.835 E640.01974
G1 X117.821 Y115.166 E640.03268
G1 X117.333 Y115.167 E640.05175
G1 X117.175 Y115.325 E640.06048
G1 X117.175 Y114.107 E640.10808
G1 X117.821 Y114.107 E640.13333
G1 X117.926 Y114.107
G0 F15000 X117.021 Y115
G0 X116.73 Y115
M204 S5000
;TYPE:WALL-INNER
G1 F600 X116.73 Y116.334 E640.17992
G1 X118.266 Y116.334 E640.23356
G1 X118.266 Y113.662 E640.32687
G1 X116.73 Y113.662 E640.38051
G1 X116.73 Y115 E640.42724
M204 S10000
G0 F15000 X116.31 Y115
M204 S5000
;TYPE:WALL-OUTER
G1 F600 X116.31 Y116.754 E640.4885
G1 X118.686 Y116.754 E640.57147
G1 X118.686 Y113.242 E640.69412
G1 X116.31 Y113.242 E640.7771
G1 X116.31 Y115 E640.8385
M204 S10000
G0 F15000 X116.31 Y115.2
G0 X117.341 Y115.2
;MESH:NONMESH
G0 F600 Z36
G0 F15000 X117.175 Y114.676
;TIME_ELAPSED:945.514465
;LAYER:179
;note -- min layer time used
;TYPE:FILL
;MESH:Stickmaaaaan.obj
G1 F600 X117.334 Y114.835 E640.84728
G1 X117.821 Y114.835 E640.86632
G1 X117.821 Y115.166 E640.87925
G1 X117.333 Y115.167 E640.89832
G1 X117.175 Y115.325 E640.90706
G1 X117.175 Y114.107 E640.95466
G1 X117.821 Y114.107 E640.9799
G1 X117.926 Y114.107
G0 F15000 X117.021 Y115
G0 X116.73 Y115
M204 S5000
;TYPE:WALL-INNER
G1 F600 X116.73 Y116.334 E641.02649
G1 X118.266 Y116.334 E641.08013
G1 X118.266 Y113.662 E641.17345
G1 X116.73 Y113.662 E641.22709
G1 X116.73 Y115 E641.27382
M204 S10000
G0 F15000 X116.31 Y115
M204 S5000
;TYPE:WALL-OUTER
G1 F600 X116.31 Y116.754 E641.33507
G1 X118.686 Y116.754 E641.41805
G1 X118.686 Y113.242 E641.5407
G1 X116.31 Y113.242 E641.62368
G1 X116.31 Y115 E641.68507
M204 S10000
G0 F15000 X116.31 Y115.2
G0 X117.341 Y115.2
;MESH:NONMESH
G0 F600 Z36.2
G0 F15000 X117.175 Y114.676
;TIME_ELAPSED:948.056555
;LAYER:180
;note -- min layer time used
;TYPE:FILL
;MESH:Stickmaaaaan.obj
G1 F600 X117.334 Y114.835 E641.69386
G1 X117.821 Y114.835 E641.71289
G1 X117.821 Y115.166 E641.72583
G1 X117.333 Y115.167 E641.7449
G1 X117.175 Y115.325 E641.75363
G1 X117.175 Y114.107 E641.80123
G1 X117.821 Y114.107 E641.82648
G1 X117.926 Y114.107
G0 F15000 X117.021 Y115
G0 X116.73 Y115
M204 S5000
;TYPE:WALL-INNER
G1 F600 X116.73 Y116.334 E641.87306
G1 X118.266 Y116.334 E641.92671
G1 X118.266 Y113.662 E642.02002
G1 X116.73 Y113.662 E642.07366
G1 X116.73 Y115 E642.12039
M204 S10000
G0 F15000 X116.31 Y115
M204 S5000
;TYPE:WALL-OUTER
G1 F600 X116.31 Y116.754 E642.18165
G1 X118.686 Y116.754 E642.26462
G1 X118.686 Y113.242 E642.38727
G1 X116.31 Y113.242 E642.47025
G1 X116.31 Y115 E642.53164
M204 S10000
G0 F15000 X116.31 Y115.2
G0 X117.341 Y115.2
;MESH:NONMESH
G0 F600 Z36.4
G0 F15000 X117.175 Y114.676
;TIME_ELAPSED:950.598646
;LAYER:181
;note -- min layer time used
;TYPE:FILL
;MESH:Stickmaaaaan.obj
G1 F600 X117.334 Y114.835 E642.54043
G1 X117.821 Y114.835 E642.55946
G1 X117.821 Y115.166 E642.5724
G1 X117.333 Y115.167 E642.59147
G1 X117.175 Y115.325 E642.6002
G1 X117.175 Y114.107 E642.6478
G1 X117.821 Y114.107 E642.67305
G1 X117.926 Y114.107
G0 F15000 X117.021 Y115
G0 X116.73 Y115
M204 S5000
;TYPE:WALL-INNER
G1 F600 X116.73 Y116.334 E642.71964
G1 X118.266 Y116.334 E642.77328
G1 X118.266 Y113.662 E642.86659
G1 X116.73 Y113.662 E642.92024
G1 X116.73 Y115 E642.96696
M204 S10000
G0 F15000 X116.31 Y115
M204 S5000
;TYPE:WALL-OUTER
G1 F600 X116.31 Y116.754 E643.02822
G1 X118.686 Y116.754 E643.1112
G1 X118.686 Y113.242 E643.23385
G1 X116.31 Y113.242 E643.31682
G1 X116.31 Y115 E643.37822
M204 S10000
G0 F15000 X116.31 Y115.2
G0 X117.341 Y115.2
;MESH:NONMESH
G0 F600 Z36.6
G0 F15000 X117.175 Y114.676
;TIME_ELAPSED:953.140736
;LAYER:182
;note -- min layer time used
;TYPE:FILL
;MESH:Stickmaaaaan.obj
G1 F600 X117.334 Y114.835 E643.38701
G1 X117.821 Y114.835 E643.40604
G1 X117.821 Y115.166 E643.41897
G1 X117.333 Y115.167 E643.43805
G1 X117.175 Y115.325 E643.44678
G1 X117.175 Y114.107 E643.49438
G1 X117.821 Y114.107 E643.51962
G1 X117.926 Y114.107
G0 F15000 X117.021 Y115
G0 X116.73 Y115
M204 S5000
;TYPE:WALL-INNER
G1 F600 X116.73 Y116.334 E643.56621
G1 X118.266 Y116.334 E643.61985
G1 X118.266 Y113.662 E643.71317
G1 X116.73 Y113.662 E643.76681
G1 X116.73 Y115 E643.81354
M204 S10000
G0 F15000 X116.31 Y115
M204 S5000
;TYPE:WALL-OUTER
G1 F600 X116.31 Y116.754 E643.87479
G1 X118.686 Y116.754 E643.95777
G1 X118.686 Y113.242 E644.08042
G1 X116.31 Y113.242 E644.1634
G1 X116.31 Y115 E644.22479
M204 S10000
G0 F15000 X116.31 Y115.2
G0 X117.341 Y115.2
;MESH:NONMESH
G0 F600 Z36.8
G0 F15000 X117.175 Y114.676
;TIME_ELAPSED:955.682827
;LAYER:183
;note -- min layer time used
;TYPE:FILL
;MESH:Stickmaaaaan.obj
G1 F600 X117.334 Y114.835 E644.23358
G1 X117.821 Y114.835 E644.25261
G1 X117.821 Y115.166 E644.26555
G1 X117.333 Y115.167 E644.28462
G1 X117.175 Y115.325 E644.29335
G1 X117.175 Y114.107 E644.34095
G1 X117.821 Y114.107 E644.3662
G1 X117.926 Y114.107
G0 F15000 X117.021 Y115
G0 X116.73 Y115
M204 S5000
;TYPE:WALL-INNER
G1 F600 X116.73 Y116.334 E644.41279
G1 X118.266 Y116.334 E644.46643
G1 X118.266 Y113.662 E644.55974
G1 X116.73 Y113.662 E644.61338
G1 X116.73 Y115 E644.66011
M204 S10000
G0 F15000 X116.31 Y115
M204 S5000
;TYPE:WALL-OUTER
G1 F600 X116.31 Y116.754 E644.72137
G1 X118.686 Y116.754 E644.80434
G1 X118.686 Y113.242 E644.92699
G1 X116.31 Y113.242 E645.00997
G1 X116.31 Y115 E645.07137
M204 S10000
G0 F15000 X116.31 Y115.2
G0 X117.341 Y115.2
;MESH:NONMESH
G0 F600 Z37
G0 F15000 X117.175 Y114.676
;TIME_ELAPSED:958.224917
;LAYER:184
;note -- min layer time used
;TYPE:FILL
;MESH:Stickmaaaaan.obj
G1 F600 X117.334 Y114.835 E645.08015
G1 X117.821 Y114.835 E645.09919
G1 X117.821 Y115.166 E645.11212
G1 X117.333 Y115.167 E645.13119
G1 X117.175 Y115.325 E645.13993
G1 X117.175 Y114.107 E645.18753
G1 X117.821 Y114.107 E645.21277
G1 X117.926 Y114.107
G0 F15000 X117.021 Y115
G0 X116.73 Y115
M204 S5000
;TYPE:WALL-INNER
G1 F600 X116.73 Y116.334 E645.25936
G1 X118.266 Y116.334 E645.313
G1 X118.266 Y113.662 E645.40632
G1 X116.73 Y113.662 E645.45996
G1 X116.73 Y115 E645.50669
M204 S10000
G0 F15000 X116.31 Y115
M204 S5000
;TYPE:WALL-OUTER
G1 F600 X116.31 Y116.754 E645.56794
G1 X118.686 Y116.754 E645.65092
G1 X118.686 Y113.242 E645.77357
G1 X116.31 Y113.242 E645.85655
G1 X116.31 Y115 E645.91794
M204 S10000
G0 F15000 X116.31 Y115.2
G0 X117.341 Y115.2
;MESH:NONMESH
G0 F600 Z37.2
G0 F15000 X117.175 Y114.676
;TIME_ELAPSED:960.767007
;LAYER:185
;note -- min layer time used
;TYPE:FILL
;MESH:Stickmaaaaan.obj
G1 F600 X117.334 Y114.835 E645.92673
G1 X117.821 Y114.835 E645.94576
G1 X117.821 Y115.166 E645.9587
G1 X117.333 Y115.167 E645.97777
G1 X117.175 Y115.325 E645.9865
G1 X117.175 Y114.107 E646.0341
G1 X117.821 Y114.107 E646.05935
G1 X117.926 Y114.107
G0 F15000 X117.021 Y115
G0 X116.73 Y115
M204 S5000
;TYPE:WALL-INNER
G1 F600 X116.73 Y116.334 E646.10593
G1 X118.266 Y116.334 E646.15958
G1 X118.266 Y113.662 E646.25289
G1 X116.73 Y113.662 E646.30653
G1 X116.73 Y115 E646.35326
M204 S10000
G0 F15000 X116.31 Y115
M204 S5000
;TYPE:WALL-OUTER
G1 F600 X116.31 Y116.754 E646.41451
G1 X118.686 Y116.754 E646.49749
G1 X118.686 Y113.242 E646.62014
G1 X116.31 Y113.242 E646.70312
G1 X116.31 Y115 E646.76451
M204 S10000
G0 F15000 X116.31 Y115.2
G0 X117.341 Y115.2
;MESH:NONMESH
G0 F600 Z37.4
G0 F15000 X117.175 Y114.676
;TIME_ELAPSED:963.309098
;LAYER:186
;note -- min layer time used
;TYPE:FILL
;MESH:Stickmaaaaan.obj
G1 F600 X117.334 Y114.835 E646.7733
G1 X117.821 Y114.835 E646.79233
G1 X117.821 Y115.166 E646.80527
G1 X117.333 Y115.167 E646.82434
G1 X117.175 Y115.325 E646.83307
G1 X117.175 Y114.107 E646.88067
G1 X117.821 Y114.107 E646.90592
G1 X117.926 Y114.107
G0 F15000 X117.021 Y115
G0 X116.73 Y115
M204 S5000
;TYPE:WALL-INNER
G1 F600 X116.73 Y116.334 E646.95251
G1 X118.266 Y116.334 E647.00615
G1 X118.266 Y113.662 E647.09946
G1 X116.73 Y113.662 E647.15311
G1 X116.73 Y115 E647.19983
M204 S10000
G0 F15000 X116.31 Y115
M204 S5000
;TYPE:WALL-OUTER
G1 F600 X116.31 Y116.754 E647.26109
G1 X118.686 Y116.754 E647.34407
G1 X118.686 Y113.242 E647.46672
G1 X116.31 Y113.242 E647.54969
G1 X116.31 Y115 E647.61109
M204 S10000
G0 F15000 X116.31 Y115.2
G0 X117.341 Y115.2
;MESH:NONMESH
G0 F600 Z37.6
G0 F15000 X117.175 Y114.676
;TIME_ELAPSED:965.851188
;LAYER:187
;note -- min layer time used
;TYPE:FILL
;MESH:Stickmaaaaan.obj
G1 F600 X117.334 Y114.835 E647.61988
G1 X117.821 Y114.835 E647.63891
G1 X117.821 Y115.166 E647.65184
G1 X117.333 Y115.167 E647.67092
G1 X117.175 Y115.325 E647.67965
G1 X117.175 Y114.107 E647.72725
G1 X117.821 Y114.107 E647.75249
G1 X117.926 Y114.107
G0 F15000 X117.021 Y115
G0 X116.73 Y115
M204 S5000
;TYPE:WALL-INNER
G1 F600 X116.73 Y116.334 E647.79908
G1 X118.266 Y116.334 E647.85272
G1 X118.266 Y113.662 E647.94604
G1 X116.73 Y113.662 E647.99968
G1 X116.73 Y115 E648.04641
M204 S10000
G0 F15000 X116.31 Y115
M204 S5000
;TYPE:WALL-OUTER
G1 F600 X116.31 Y116.754 E648.10766
G1 X118.686 Y116.754 E648.19064
G1 X118.686 Y113.242 E648.31329
G1 X116.31 Y113.242 E648.39627
G1 X116.31 Y115 E648.45766
M204 S10000
G0 F15000 X116.31 Y115.2
G0 X117.341 Y115.2
;MESH:NONMESH
G0 F600 Z37.8
G0 F15000 X117.175 Y114.676
;TIME_ELAPSED:968.393279
;LAYER:188
;note -- min layer time used
;TYPE:FILL
;MESH:Stickmaaaaan.obj
G1 F600 X117.334 Y114.835 E648.46645
G1 X117.821 Y114.835 E648.48548
G1 X117.821 Y115.166 E648.49842
G1 X117.333 Y115.167 E648.51749
G1 X117.175 Y115.325 E648.52622
G1 X117.175 Y114.107 E648.57382
G1 X117.821 Y114.107 E648.59907
G1 X117.926 Y114.107
G0 F15000 X117.021 Y115
G0 X116.73 Y115
M204 S5000
;TYPE:WALL-INNER
G1 F600 X116.73 Y116.334 E648.64566
G1 X118.266 Y116.334 E648.6993
G1 X118.266 Y113.662 E648.79261
G1 X116.73 Y113.662 E648.84625
G1 X116.73 Y115 E648.89298
M204 S10000
G0 F15000 X116.31 Y115
M204 S5000
;TYPE:WALL-OUTER
G1 F600 X116.31 Y116.754 E648.95424
G1 X118.686 Y116.754 E649.03721
G1 X118.686 Y113.242 E649.15986
G1 X116.31 Y113.242 E649.24284
G1 X116.31 Y115 E649.30424
M204 S10000
G0 F15000 X116.31 Y115.2
G0 X117.341 Y115.2
;MESH:NONMESH
G0 F600 Z38
G0 F15000 X117.175 Y114.676
;TIME_ELAPSED:970.935369
;LAYER:189
;note -- min layer time used
;TYPE:FILL
;MESH:Stickmaaaaan.obj
G1 F600 X117.334 Y114.835 E649.31302
G1 X117.821 Y114.835 E649.33206
G1 X117.821 Y115.166 E649.34499
G1 X117.333 Y115.167 E649.36406
G1 X117.175 Y115.325 E649.3728
G1 X117.175 Y114.107 E649.4204
G1 X117.821 Y114.107 E649.44564
G1 X117.926 Y114.107
G0 F15000 X117.021 Y115
G0 X116.73 Y115
M204 S5000
;TYPE:WALL-INNER
G1 F600 X116.73 Y116.334 E649.49223
G1 X118.266 Y116.334 E649.54587
G1 X118.266 Y113.662 E649.63919
G1 X116.73 Y113.662 E649.69283
G1 X116.73 Y115 E649.73955
M204 S10000
G0 F15000 X116.31 Y115
M204 S5000
;TYPE:WALL-OUTER
G1 F600 X116.31 Y116.754 E649.80081
G1 X118.686 Y116.754 E649.88379
G1 X118.686 Y113.242 E650.00644
G1 X116.31 Y113.242 E650.08941
G1 X116.31 Y115 E650.15081
M204 S10000
G0 F15000 X116.31 Y115.2
G0 X117.341 Y115.2
;MESH:NONMESH
G0 F600 Z38.2
G0 F15000 X117.175 Y114.676
;TIME_ELAPSED:973.477459
;LAYER:190
;note -- min layer time used
;TYPE:FILL
;MESH:Stickmaaaaan.obj
G1 F600 X117.334 Y114.835 E650.1596
G1 X117.821 Y114.835 E650.17863
G1 X117.821 Y115.166 E650.19157
G1 X117.333 Y115.167 E650.21064
G1 X117.175 Y115.325 E650.21937
G1 X117.175 Y114.107 E650.26697
G1 X117.821 Y114.107 E650.29222
G1 X117.926 Y114.107
G0 F15000 X117.021 Y115
G0 X116.73 Y115
M204 S5000
;TYPE:WALL-INNER
G1 F600 X116.73 Y116.334 E650.3388
G1 X118.266 Y116.334 E650.39244
G1 X118.266 Y113.662 E650.48576
G1 X116.73 Y113.662 E650.5394
G1 X116.73 Y115 E650.58613
M204 S10000
G0 F15000 X116.31 Y115
M204 S5000
;TYPE:WALL-OUTER
G1 F600 X116.31 Y116.754 E650.64738
G1 X118.686 Y116.754 E650.73036
G1 X118.686 Y113.242 E650.85301
G1 X116.31 Y113.242 E650.93599
G1 X116.31 Y115 E650.99738
M204 S10000
G0 F15000 X116.31 Y115.2
G0 X117.341 Y115.2
;MESH:NONMESH
G0 F600 Z38.4
G0 F15000 X117.175 Y114.676
;TIME_ELAPSED:976.019550
;LAYER:191
;note -- min layer time used
;TYPE:FILL
;MESH:Stickmaaaaan.obj
G1 F600 X117.334 Y114.835 E651.00617
G1 X117.821 Y114.835 E651.0252
G1 X117.821 Y115.166 E651.03814
G1 X117.333 Y115.167 E651.05721
G1 X117.175 Y115.325 E651.06594
G1 X117.175 Y114.107 E651.11354
G1 X117.821 Y114.107 E651.13879
G1 X117.926 Y114.107
G0 F15000 X117.021 Y115
G0 X116.73 Y115
M204 S5000
;TYPE:WALL-INNER
G1 F600 X116.73 Y116.334 E651.18538
G1 X118.266 Y116.334 E651.23902
G1 X118.266 Y113.662 E651.33233
G1 X116.73 Y113.662 E651.38598
G1 X116.73 Y115 E651.4327
M204 S10000
G0 F15000 X116.31 Y115
M204 S5000
;TYPE:WALL-OUTER
G1 F600 X116.31 Y116.754 E651.49396
G1 X118.686 Y116.754 E651.57694
G1 X118.686 Y113.242 E651.69959
G1 X116.31 Y113.242 E651.78256
G1 X116.31 Y115 E651.84396
M204 S10000
G0 F15000 X116.31 Y115.2
G0 X117.341 Y115.2
;MESH:NONMESH
G0 F600 Z38.6
G0 F15000 X117.175 Y114.676
;TIME_ELAPSED:978.561640
;LAYER:192
;note -- min layer time used
;TYPE:FILL
;MESH:Stickmaaaaan.obj
G1 F600 X117.334 Y114.835 E651.85275
G1 X117.821 Y114.835 E651.87178
G1 X117.821 Y115.166 E651.88471
G1 X117.333 Y115.167 E651.90378
G1 X117.175 Y115.325 E651.91252
G1 X117.175 Y114.107 E651.96012
G1 X117.821 Y114.107 E651.98536
G1 X117.926 Y114.107
G0 F15000 X117.021 Y115
G0 X116.73 Y115
M204 S5000
;TYPE:WALL-INNER
G1 F600 X116.73 Y116.334 E652.03195
G1 X118.266 Y116.334 E652.08559
G1 X118.266 Y113.662 E652.17891
G1 X116.73 Y113.662 E652.23255
G1 X116.73 Y115 E652.27928
M204 S10000
G0 F15000 X116.31 Y115
M204 S5000
;TYPE:WALL-OUTER
G1 F600 X116.31 Y116.754 E652.34053
G1 X118.686 Y116.754 E652.42351
G1 X118.686 Y113.242 E652.54616
G1 X116.31 Y113.242 E652.62914
G1 X116.31 Y115 E652.69053
M204 S10000
G0 F15000 X116.31 Y115.2
G0 X117.341 Y115.2
;MESH:NONMESH
G0 F600 Z38.8
G0 F15000 X117.175 Y114.676
;TIME_ELAPSED:981.103731
;LAYER:193
;note -- min layer time used
;TYPE:FILL
;MESH:Stickmaaaaan.obj
G1 F600 X117.334 Y114.835 E652.69932
G1 X117.821 Y114.835 E652.71835
G1 X117.821 Y115.166 E652.73129
G1 X117.333 Y115.167 E652.75036
G1 X117.175 Y115.325 E652.75909
G1 X117.175 Y114.107 E652.80669
G1 X117.821 Y114.107 E652.83194
G1 X117.926 Y114.107
G0 F15000 X117.021 Y115
G0 X116.73 Y115
M204 S5000
;TYPE:WALL-INNER
G1 F600 X116.73 Y116.334 E652.87852
G1 X118.266 Y116.334 E652.93217
G1 X118.266 Y113.662 E653.02548
G1 X116.73 Y113.662 E653.07912
G1 X116.73 Y115 E653.12585
M204 S10000
G0 F15000 X116.31 Y115
M204 S5000
;TYPE:WALL-OUTER
G1 F600 X116.31 Y116.754 E653.18711
G1 X118.686 Y116.754 E653.27008
G1 X118.686 Y113.242 E653.39273
G1 X116.31 Y113.242 E653.47571
G1 X116.31 Y115 E653.53711
M204 S10000
G0 F15000 X116.31 Y115.2
G0 X117.341 Y115.2
;MESH:NONMESH
G0 F600 Z39
G0 F15000 X117.175 Y114.676
;TIME_ELAPSED:983.645821
;LAYER:194
;note -- min layer time used
;TYPE:FILL
;MESH:Stickmaaaaan.obj
G1 F600 X117.334 Y114.835 E653.54589
G1 X117.821 Y114.835 E653.56493
G1 X117.821 Y115.166 E653.57786
G1 X117.333 Y115.167 E653.59693
G1 X117.175 Y115.325 E653.60566
G1 X117.175 Y114.107 E653.65327
G1 X117.821 Y114.107 E653.67851
G1 X117.926 Y114.107
G0 F15000 X117.021 Y115
G0 X116.73 Y115
M204 S5000
;TYPE:WALL-INNER
G1 F600 X116.73 Y116.334 E653.7251
G1 X118.266 Y116.334 E653.77874
G1 X118.266 Y113.662 E653.87206
G1 X116.73 Y113.662 E653.9257
G1 X116.73 Y115 E653.97242
M204 S10000
G0 F15000 X116.31 Y115
M204 S5000
;TYPE:WALL-OUTER
G1 F600 X116.31 Y116.754 E654.03368
G1 X118.686 Y116.754 E654.11666
G1 X118.686 Y113.242 E654.23931
G1 X116.31 Y113.242 E654.32228
G1 X116.31 Y115 E654.38368
M204 S10000
G0 F15000 X116.31 Y115.2
G0 X117.341 Y115.2
;MESH:NONMESH
G0 F600 Z39.2
G0 F15000 X117.175 Y114.676
;TIME_ELAPSED:986.187911
;LAYER:195
;note -- min layer time used
;TYPE:FILL
;MESH:Stickmaaaaan.obj
G1 F600 X117.334 Y114.835 E654.39247
G1 X117.821 Y114.835 E654.4115
G1 X117.821 Y115.166 E654.42443
G1 X117.333 Y115.167 E654.44351
G1 X117.175 Y115.325 E654.45224
G1 X117.175 Y114.107 E654.49984
G1 X117.821 Y114.107 E654.52509
G1 X117.926 Y114.107
G0 F15000 X117.021 Y115
G0 X116.73 Y115
M204 S5000
;TYPE:WALL-INNER
G1 F600 X116.73 Y116.334 E654.57167
G1 X118.266 Y116.334 E654.62531
G1 X118.266 Y113.662 E654.71863
G1 X116.73 Y113.662 E654.77227
G1 X116.73 Y115 E654.819
M204 S10000
G0 F15000 X116.31 Y115
M204 S5000
;TYPE:WALL-OUTER
G1 F600 X116.31 Y116.754 E654.88025
G1 X118.686 Y116.754 E654.96323
G1 X118.686 Y113.242 E655.08588
G1 X116.31 Y113.242 E655.16886
G1 X116.31 Y115 E655.23025
M204 S10000
G0 F15000 X116.31 Y115.2
G0 X117.341 Y115.2
;MESH:NONMESH
G0 F600 Z39.4
G0 F15000 X117.175 Y114.676
;TIME_ELAPSED:988.730002
;LAYER:196
;note -- min layer time used
;TYPE:FILL
;MESH:Stickmaaaaan.obj
G1 F600 X117.334 Y114.835 E655.23904
G1 X117.821 Y114.835 E655.25807
G1 X117.821 Y115.166 E655.27101
G1 X117.333 Y115.167 E655.29008
G1 X117.175 Y115.325 E655.29881
G1 X117.175 Y114.107 E655.34641
G1 X117.821 Y114.107 E655.37166
G1 X117.926 Y114.107
G0 F15000 X117.021 Y115
G0 X116.73 Y115
M204 S5000
;TYPE:WALL-INNER
G1 F600 X116.73 Y116.334 E655.41825
G1 X118.266 Y116.334 E655.47189
G1 X118.266 Y113.662 E655.5652
G1 X116.73 Y113.662 E655.61884
G1 X116.73 Y115 E655.66557
M204 S10000
G0 F15000 X116.31 Y115
M204 S5000
;TYPE:WALL-OUTER
G1 F600 X116.31 Y116.754 E655.72683
G1 X118.686 Y116.754 E655.8098
G1 X118.686 Y113.242 E655.93245
G1 X116.31 Y113.242 E656.01543
G1 X116.31 Y115 E656.07683
M204 S10000
G0 F15000 X116.31 Y115.2
G0 X117.341 Y115.2
;MESH:NONMESH
G0 F600 Z39.6
G0 F15000 X117.175 Y114.676
;TIME_ELAPSED:991.272092
;LAYER:197
;note -- min layer time used
;TYPE:FILL
;MESH:Stickmaaaaan.obj
G1 F600 X117.334 Y114.835 E656.08561
G1 X117.821 Y114.835 E656.10465
G1 X117.821 Y115.166 E656.11758
G1 X117.333 Y115.167 E656.13665
G1 X117.175 Y115.325 E656.14539
G1 X117.175 Y114.107 E656.19299
G1 X117.821 Y114.107 E656.21823
G1 X117.926 Y114.107
G0 F15000 X117.021 Y115
G0 X116.73 Y115
M204 S5000
;TYPE:WALL-INNER
G1 F600 X116.73 Y116.334 E656.26482
G1 X118.266 Y116.334 E656.31846
G1 X118.266 Y113.662 E656.41178
G1 X116.73 Y113.662 E656.46542
G1 X116.73 Y115 E656.51215
M204 S10000
G0 F15000 X116.31 Y115
M204 S5000
;TYPE:WALL-OUTER
G1 F600 X116.31 Y116.754 E656.5734
G1 X118.686 Y116.754 E656.65638
G1 X118.686 Y113.242 E656.77903
G1 X116.31 Y113.242 E656.86201
G1 X116.31 Y115 E656.9234
M204 S10000
G0 F15000 X116.31 Y115.2
G0 X117.341 Y115.2
;MESH:NONMESH
G0 F600 Z39.8
G0 F15000 X117.175 Y114.676
;TIME_ELAPSED:993.814183
;LAYER:198
;note -- min layer time used
;TYPE:FILL
;MESH:Stickmaaaaan.obj
G1 F600 X117.334 Y114.835 E656.93219
G1 X117.821 Y114.835 E656.95122
G1 X117.821 Y115.166 E656.96416
G1 X117.333 Y115.167 E656.98323
G1 X117.175 Y115.325 E656.99196
G1 X117.175 Y114.107 E657.03956
G1 X117.821 Y114.107 E657.06481
G1 X117.926 Y114.107
G0 F15000 X117.021 Y115
G0 X116.73 Y115
M204 S5000
;TYPE:WALL-INNER
G1 F600 X116.73 Y116.334 E657.11139
G1 X118.266 Y116.334 E657.16504
G1 X118.266 Y113.662 E657.25835
G1 X116.73 Y113.662 E657.31199
G1 X116.73 Y115 E657.35872
M204 S10000
G0 F15000 X116.31 Y115
M204 S5000
;TYPE:WALL-OUTER
G1 F600 X116.31 Y116.754 E657.41998
G1 X118.686 Y116.754 E657.50295
G1 X118.686 Y113.242 E657.6256
G1 X116.31 Y113.242 E657.70858
G1 X116.31 Y115 E657.76997
M204 S10000
G0 F15000 X116.31 Y115.2
G0 X117.341 Y115.2
;MESH:NONMESH
G0 F600 Z40
G0 F15000 X117.175 Y114.676
;TIME_ELAPSED:996.356273
;LAYER:199
;note -- min layer time used
;TYPE:FILL
;MESH:Stickmaaaaan.obj
G1 F600 X117.334 Y114.835 E657.77876
G1 X117.821 Y114.835 E657.79779
G1 X117.821 Y115.166 E657.81073
G1 X117.333 Y115.167 E657.8298
G1 X117.175 Y115.325 E657.83853
G1 X117.175 Y114.107 E657.88613
G1 X117.821 Y114.107 E657.91138
G1 X117.926 Y114.107
G0 F15000 X117.021 Y115
G0 X116.73 Y115
M204 S5000
;TYPE:WALL-INNER
G1 F600 X116.73 Y116.334 E657.95797
G1 X118.266 Y116.334 E658.01161
G1 X118.266 Y113.662 E658.10492
G1 X116.73 Y113.662 E658.15857
G1 X116.73 Y115 E658.20529
M204 S10000
G0 F15000 X116.31 Y115
M204 S5000
;TYPE:WALL-OUTER
G1 F600 X116.31 Y116.754 E658.26655
G1 X118.686 Y116.754 E658.34953
G1 X118.686 Y113.242 E658.47218
G1 X116.31 Y113.242 E658.55515
G1 X116.31 Y115 E658.61655
M204 S10000
G0 F15000 X116.31 Y115.2
G0 X117.341 Y115.2
;MESH:NONMESH
G0 F600 Z40.2
G0 F15000 X117.175 Y114.676
;TIME_ELAPSED:998.898363
;LAYER:200
;note -- min layer time used
;TYPE:FILL
;MESH:Stickmaaaaan.obj
G1 F600 X117.334 Y114.835 E658.62534
G1 X117.821 Y114.835 E658.64437
G1 X117.821 Y115.166 E658.6573
G1 X117.333 Y115.167 E658.67638
G1 X117.175 Y115.325 E658.68511
G1 X117.175 Y114.107 E658.73271
G1 X117.821 Y114.107 E658.75795
G1 X117.926 Y114.107
G0 F15000 X117.021 Y115
G0 X116.73 Y115
M204 S5000
;TYPE:WALL-INNER
G1 F600 X116.73 Y116.334 E658.80454
G1 X118.266 Y116.334 E658.85818
G1 X118.266 Y113.662 E658.9515
G1 X116.73 Y113.662 E659.00514
G1 X116.73 Y115 E659.05187
M204 S10000
G0 F15000 X116.31 Y115
M204 S5000
;TYPE:WALL-OUTER
G1 F600 X116.31 Y116.754 E659.11312
G1 X118.686 Y116.754 E659.1961
G1 X118.686 Y113.242 E659.31875
G1 X116.31 Y113.242 E659.40173
G1 X116.31 Y115 E659.46312
M204 S10000
G0 F15000 X116.31 Y115.2
G0 X117.341 Y115.2
;MESH:NONMESH
G0 F600 Z40.4
G0 F15000 X117.175 Y114.676
;TIME_ELAPSED:1001.440454
;LAYER:201
;note -- min layer time used
;TYPE:FILL
;MESH:Stickmaaaaan.obj
G1 F600 X117.334 Y114.835 E659.47191
G1 X117.821 Y114.835 E659.49094
G1 X117.821 Y115.166 E659.50388
G1 X117.333 Y115.167 E659.52295
G1 X117.175 Y115.325 E659.53168
G1 X117.175 Y114.107 E659.57928
G1 X117.821 Y114.107 E659.60453
G1 X117.926 Y114.107
G0 F15000 X117.021 Y115
G0 X116.73 Y115
M204 S5000
;TYPE:WALL-INNER
G1 F600 X116.73 Y116.334 E659.65112
G1 X118.266 Y116.334 E659.70476
G1 X118.266 Y113.662 E659.79807
G1 X116.73 Y113.662 E659.85171
G1 X116.73 Y115 E659.89844
M204 S10000
G0 F15000 X116.31 Y115
M204 S5000
;TYPE:WALL-OUTER
G1 F600 X116.31 Y116.754 E659.9597
G1 X118.686 Y116.754 E660.04267
G1 X118.686 Y113.242 E660.16532
G1 X116.31 Y113.242 E660.2483
G1 X116.31 Y115 E660.3097
M204 S10000
G0 F15000 X116.31 Y115.2
G0 X117.341 Y115.2
;MESH:NONMESH
G0 F600 Z40.6
G0 F15000 X117.175 Y114.676
;TIME_ELAPSED:1003.982544
;LAYER:202
;note -- min layer time used
;TYPE:FILL
;MESH:Stickmaaaaan.obj
G1 F600 X117.334 Y114.835 E660.31848
G1 X117.821 Y114.835 E660.33752
G1 X117.821 Y115.166 E660.35045
G1 X117.333 Y115.167 E660.36952
G1 X117.175 Y115.325 E660.37826
G1 X117.175 Y114.107 E660.42586
G1 X117.821 Y114.107 E660.4511
G1 X117.926 Y114.107
G0 F15000 X117.021 Y115
G0 X116.73 Y115
M204 S5000
;TYPE:WALL-INNER
G1 F600 X116.73 Y116.334 E660.49769
G1 X118.266 Y116.334 E660.55133
G1 X118.266 Y113.662 E660.64465
G1 X116.73 Y113.662 E660.69829
G1 X116.73 Y115 E660.74502
M204 S10000
G0 F15000 X116.31 Y115
M204 S5000
;TYPE:WALL-OUTER
G1 F600 X116.31 Y116.754 E660.80627
G1 X118.686 Y116.754 E660.88925
G1 X118.686 Y113.242 E661.0119
G1 X116.31 Y113.242 E661.09488
G1 X116.31 Y115 E661.15627
M204 S10000
G0 F15000 X116.31 Y115.2
G0 X117.341 Y115.2
;MESH:NONMESH
G0 F600 Z40.8
G0 F15000 X117.175 Y114.676
;TIME_ELAPSED:1006.524635
;LAYER:203
;note -- min layer time used
;TYPE:FILL
;MESH:Stickmaaaaan.obj
G1 F600 X117.333 Y114.834 E661.165
G1 X117.821 Y114.834 E661.18407
G1 X117.822 Y115.166 E661.19705
G1 X117.333 Y115.166 E661.21616
G1 X117.175 Y115.324 E661.22489
G1 X117.175 Y114.091 E661.27308
G1 X117.821 Y114.091 E661.29832
G1 X117.926 Y114.091
G0 F15000 X117.021 Y115
G0 X116.73 Y115
M204 S5000
;TYPE:WALL-INNER
G1 F600 X116.73 Y116.35 E661.34547
G1 X118.266 Y116.35 E661.39911
G1 X118.266 Y113.646 E661.49354
G1 X116.73 Y113.646 E661.54719
G1 X116.73 Y115 E661.59447
M204 S10000
G0 F15000 X116.31 Y115
M204 S5000
;TYPE:WALL-OUTER
G1 F600 X116.31 Y116.77 E661.65629
G1 X118.686 Y116.77 E661.73926
G1 X118.686 Y113.226 E661.86303
G1 X116.31 Y113.226 E661.94601
G1 X116.31 Y115 E662.00796
M204 S10000
G0 F15000 X116.31 Y115.2
G0 X117.341 Y115.2
;MESH:NONMESH
G0 F600 Z41
G0 F15000 X117.175 Y114.676
;TIME_ELAPSED:1009.081303
;LAYER:204
;note -- min layer time used
;TYPE:FILL
;MESH:Stickmaaaaan.obj
G1 F600 X117.333 Y114.834 E662.01669
G1 X117.821 Y114.835 E662.03577
G1 X117.821 Y115.166 E662.0487
G1 X117.334 Y115.166 E662.06773
G1 X117.175 Y115.324 E662.07649
G1 X117.175 Y114.055 E662.12609
G1 X117.821 Y114.055 E662.15133
G1 X117.926 Y114.055
G0 F15000 X117.021 Y115
G0 X116.73 Y115
M204 S5000
;TYPE:WALL-INNER
G1 F600 X116.73 Y116.386 E662.19974
G1 X118.266 Y116.386 E662.25338
G1 X118.266 Y113.61 E662.35033
G1 X116.73 Y113.61 E662.40397
G1 X116.73 Y115 E662.45251
M204 S10000
G0 F15000 X116.31 Y115
M204 S5000
;TYPE:WALL-OUTER
G1 F600 X116.31 Y116.806 E662.51558
G1 X118.686 Y116.806 E662.59856
G1 X118.686 Y113.19 E662.72484
G1 X116.31 Y113.19 E662.80782
G1 X116.31 Y115 E662.87103
M204 S10000
G0 F15000 X116.31 Y115.2
G0 X117.341 Y115.2
;MESH:NONMESH
G0 F600 Z41.2
G0 F15000 X117.175 Y114.676
;TIME_ELAPSED:1011.670407
;LAYER:205
;note -- min layer time used
;TYPE:FILL
;MESH:Stickmaaaaan.obj
G1 F600 X117.333 Y114.834 E662.87976
G1 X117.821 Y114.835 E662.89883
G1 X117.821 Y115.166 E662.91177
G1 X117.334 Y115.166 E662.9308
G1 X117.175 Y115.324 E662.93956
G1 X117.175 Y114.023 E662.99041
G1 X117.821 Y114.023 E663.01565
G1 X117.926 Y114.023
G0 F15000 X117.021 Y115
G0 X116.73 Y115
M204 S5000
;TYPE:WALL-INNER
G1 F600 X116.73 Y116.418 E663.06517
G1 X118.266 Y116.418 E663.11881
G1 X118.266 Y113.578 E663.218
G1 X116.73 Y113.578 E663.27164
G1 X116.73 Y115 E663.3213
M204 S10000
G0 F15000 X116.31 Y115
M204 S5000
;TYPE:WALL-OUTER
G1 F600 X116.31 Y116.838 E663.38549
G1 X118.686 Y116.838 E663.46847
G1 X118.686 Y113.158 E663.59698
G1 X116.31 Y113.158 E663.67996
G1 X116.31 Y115 E663.74429
M204 S10000
G0 F15000 X116.31 Y115.2
G0 X117.341 Y115.2
;MESH:NONMESH
G0 F600 Z41.4
G0 F15000 X117.821 Y113.987
;TIME_ELAPSED:1014.296552
;LAYER:206
;note -- min layer time used
;TYPE:FILL
;MESH:Stickmaaaaan.obj
G1 F600 X117.175 Y113.987 E663.76953
G1 X117.175 Y115.325 E663.82182
G1 X117.333 Y115.167 E663.83056
G1 X117.821 Y115.166 E663.84963
G1 X117.821 Y114.835 E663.86256
G1 X117.334 Y114.835 E663.8816
G1 X117.175 Y114.676 E663.89038
G1 X117.101 Y114.602
G0 F15000 X116.73 Y115
M204 S5000
;TYPE:WALL-INNER
G1 F600 X116.73 Y116.454 E663.94116
G1 X118.266 Y116.454 E663.9948
G1 X118.266 Y113.542 E664.0965
G1 X116.73 Y113.542 E664.15014
G1 X116.73 Y115 E664.20106
M204 S10000
G0 F15000 X116.31 Y115
M204 S5000
;TYPE:WALL-OUTER
G1 F600 X116.31 Y116.874 E664.26651
G1 X118.686 Y116.874 E664.34948
G1 X118.686 Y113.122 E664.48052
G1 X116.31 Y113.122 E664.56349
G1 X116.31 Y115 E664.62908
M204 S10000
G0 F15000 X116.31 Y115.2
G0 X117.341 Y115.2
;MESH:NONMESH
G0 F600 Z41.6
G0 F15000 X117.821 Y113.955
;TIME_ELAPSED:1016.938229
;LAYER:207
;note -- min layer time used
;TYPE:FILL
;MESH:Stickmaaaaan.obj
G1 F600 X117.175 Y113.955 E664.65432
G1 X117.175 Y115.324 E664.70783
G1 X117.334 Y115.166 E664.71659
G1 X117.821 Y115.166 E664.73562
G1 X117.821 Y114.835 E664.74855
G1 X117.333 Y114.834 E664.76763
G1 X117.175 Y114.676 E664.77636
G1 X117.101 Y114.602
G0 F15000 X116.73 Y115
M204 S5000
;TYPE:WALL-INNER
G1 F600 X116.73 Y116.486 E664.82825
G1 X118.266 Y116.486 E664.8819
G1 X118.266 Y113.51 E664.98583
G1 X116.73 Y113.51 E665.03947
G1 X116.73 Y115 E665.0915
M204 S10000
G0 F15000 X116.31 Y115
M204 S5000
;TYPE:WALL-OUTER
G1 F600 X116.31 Y116.906 E665.15807
G1 X118.686 Y116.906 E665.24104
G1 X118.686 Y113.09 E665.37431
G1 X116.31 Y113.09 E665.45729
G1 X116.31 Y115 E665.52399
M204 S10000
G0 F15000 X116.31 Y115.2
G0 X117.341 Y115.2
;MESH:NONMESH
G0 F600 Z41.8
G0 F15000 X117.821 Y113.923
;TIME_ELAPSED:1019.608793
;LAYER:208
;note -- min layer time used
;TYPE:FILL
;MESH:Stickmaaaaan.obj
G1 F600 X117.175 Y113.923 E665.54924
G1 X117.175 Y115.324 E665.60399
G1 X117.334 Y115.166 E665.61275
G1 X117.821 Y115.166 E665.63178
G1 X117.821 Y114.835 E665.64472
G1 X117.333 Y114.834 E665.66379
G1 X117.175 Y114.676 E665.67252
G1 X117.101 Y114.602
G0 F15000 X116.73 Y115
M204 S5000
;TYPE:WALL-INNER
G1 F600 X116.73 Y116.518 E665.72554
G1 X118.266 Y116.518 E665.77918
G1 X118.266 Y113.478 E665.88534
G1 X116.73 Y113.478 E665.93899
G1 X116.73 Y115 E665.99214
M204 S10000
G0 F15000 X116.31 Y115
M204 S5000
;TYPE:WALL-OUTER
G1 F600 X116.31 Y116.938 E666.05982
G1 X118.686 Y116.938 E666.1428
G1 X118.686 Y113.058 E666.2783
G1 X116.31 Y113.058 E666.36128
G1 X116.31 Y115 E666.4291
M204 S10000
G0 F15000 X116.31 Y115.2
G0 X117.341 Y115.2
;MESH:NONMESH
G0 F600 Z42
G0 F15000 X117.821 Y113.887
;TIME_ELAPSED:1022.308444
;LAYER:209
;note -- min layer time used
;TYPE:FILL
;MESH:Stickmaaaaan.obj
G1 F600 X117.175 Y113.887 E666.45434
G1 X117.175 Y115.324 E666.5105
G1 X117.334 Y115.166 E666.51926
G1 X117.821 Y115.166 E666.53829
G1 X117.821 Y114.835 E666.55123
G1 X117.333 Y114.834 E666.5703
G1 X117.175 Y114.676 E666.57903
G1 X117.101 Y114.602
G0 F15000 X116.73 Y115
M204 S5000
;TYPE:WALL-INNER
G1 F600 X116.73 Y116.554 E666.6333
G1 X118.266 Y116.554 E666.68695
G1 X118.266 Y113.442 E666.79563
G1 X116.73 Y113.442 E666.84927
G1 X116.73 Y115 E666.90368
M204 S10000
G0 F15000 X116.31 Y115
M204 S5000
;TYPE:WALL-OUTER
G1 F600 X116.31 Y116.974 E666.97262
G1 X118.686 Y116.974 E667.0556
G1 X118.686 Y113.022 E667.19361
G1 X116.31 Y113.022 E667.27659
G1 X116.31 Y115 E667.34567
M204 S10000
G0 F15000 X116.31 Y115.2
G0 X117.341 Y115.2
;MESH:NONMESH
G0 F600 Z42.2
G0 F15000 X117.821 Y113.855
;TIME_ELAPSED:1025.040748
;LAYER:210
;note -- min layer time used
;TYPE:FILL
;MESH:Stickmaaaaan.obj
G1 F600 X117.175 Y113.855 E667.37091
G1 X117.175 Y115.324 E667.42832
G1 X117.334 Y115.166 E667.43708
G1 X117.821 Y115.166 E667.45611
G1 X117.821 Y114.835 E667.46905
G1 X117.333 Y114.834 E667.48812
G1 X117.175 Y114.676 E667.49685
G1 X117.101 Y114.602
G0 F15000 X116.73 Y115
M204 S5000
;TYPE:WALL-INNER
G1 F600 X116.73 Y116.586 E667.55224
G1 X118.266 Y116.586 E667.60588
G1 X118.266 Y113.41 E667.7168
G1 X116.73 Y113.41 E667.77044
G1 X116.73 Y115 E667.82597
M204 S10000
G0 F15000 X116.31 Y115
M204 S5000
;TYPE:WALL-OUTER
G1 F600 X116.31 Y117.006 E667.89603
G1 X118.686 Y117.006 E667.979
G1 X118.686 Y112.99 E668.11925
G1 X116.31 Y112.99 E668.20223
G1 X116.31 Y115 E668.27243
M204 S10000
G0 F15000 X116.31 Y115.2
G0 X117.341 Y115.2
;MESH:NONMESH
G0 F600 Z42.4
G0 F15000 X117.821 Y113.823
;TIME_ELAPSED:1027.802103
;LAYER:211
;note -- min layer time used
;TYPE:FILL
;MESH:Stickmaaaaan.obj
G1 F600 X117.175 Y113.823 E668.29767
G1 X117.175 Y115.324 E668.35633
G1 X117.334 Y115.166 E668.36509
G1 X117.821 Y115.166 E668.38413
G1 X117.821 Y114.835 E668.39706
G1 X117.333 Y114.834 E668.41613
G1 X117.175 Y114.676 E668.42487
G1 X117.101 Y114.602
G0 F15000 X116.73 Y115
M204 S5000
;TYPE:WALL-INNER
G1 F600 X116.73 Y116.618 E668.48137
G1 X118.266 Y116.618 E668.53501
G1 X118.266 Y113.378 E668.64816
G1 X116.73 Y113.378 E668.70181
G1 X116.73 Y115 E668.75845
M204 S10000
G0 F15000 X116.31 Y115
M204 S5000
;TYPE:WALL-OUTER
G1 F600 X116.31 Y117.038 E668.82962
G1 X118.686 Y117.038 E668.9126
G1 X118.686 Y112.958 E669.05509
G1 X116.31 Y112.958 E669.13807
G1 X116.31 Y115 E669.20938
M204 S10000
G0 F15000 X116.31 Y115.2
G0 X117.341 Y115.2
;MESH:NONMESH
G0 F600 Z42.6
G0 F15000 X117.821 Y113.787
;TIME_ELAPSED:1030.592538
;LAYER:212
;note -- min layer time used
;TYPE:FILL
;MESH:Stickmaaaaan.obj
G1 F600 X117.175 Y113.787 E669.23462
G1 X117.175 Y115.324 E669.29469
G1 X117.334 Y115.166 E669.30345
G1 X117.821 Y115.166 E669.32248
G1 X117.821 Y114.835 E669.33542
G1 X117.333 Y114.834 E669.35449
G1 X117.175 Y114.676 E669.36322
G1 X117.101 Y114.602
G0 F15000 X116.73 Y115
M204 S5000
;TYPE:WALL-INNER
G1 F600 X116.73 Y116.654 E669.42099
G1 X118.266 Y116.654 E669.47463
G1 X118.266 Y113.342 E669.59029
G1 X116.73 Y113.342 E669.64394
G1 X116.73 Y115 E669.70184
M204 S10000
G0 F15000 X116.31 Y115
M204 S5000
;TYPE:WALL-OUTER
G1 F600 X116.31 Y117.074 E669.77427
G1 X118.686 Y117.074 E669.85725
G1 X118.686 Y112.922 E670.00225
G1 X116.31 Y112.922 E670.08522
G1 X116.31 Y115 E670.1578
M204 S10000
G0 F15000 X116.31 Y115.2
G0 X117.341 Y115.2
;MESH:NONMESH
G0 F600 Z42.8
G0 F15000 X117.821 Y113.755
;TIME_ELAPSED:1033.415619
;LAYER:213
;note -- min layer time used
;TYPE:FILL
;MESH:Stickmaaaaan.obj
G1 F600 X117.175 Y113.755 E670.18304
G1 X117.175 Y115.325 E670.2444
G1 X117.333 Y115.167 E670.25313
G1 X117.821 Y115.166 E670.2722
G1 X117.821 Y114.835 E670.28514
G1 X117.334 Y114.835 E670.30417
G1 X117.175 Y114.676 E670.31296
G1 X117.101 Y114.602
G0 F15000 X116.73 Y115
M204 S5000
;TYPE:WALL-INNER
G1 F600 X116.73 Y116.686 E670.37184
G1 X118.266 Y116.686 E670.42548
G1 X118.266 Y113.31 E670.54338
G1 X116.73 Y113.31 E670.59702
G1 X116.73 Y115 E670.65604
M204 S10000
G0 F15000 X116.31 Y115
M204 S5000
;TYPE:WALL-OUTER
G1 F600 X116.31 Y117.106 E670.72959
G1 X118.686 Y117.106 E670.81257
G1 X118.686 Y112.89 E670.9598
G1 X116.31 Y112.89 E671.04278
G1 X116.31 Y115 E671.11647
M204 S10000
G0 F15000 X116.31 Y115.2
G0 X117.341 Y115.2
;MESH:NONMESH
G0 F600 Z43
G0 F15000 X117.821 Y113.723
;TIME_ELAPSED:1036.267917
;LAYER:214
;note -- min layer time used
;TYPE:FILL
;MESH:Stickmaaaaan.obj
G1 F600 X117.175 Y113.723 E671.14172
G1 X117.175 Y115.324 E671.20428
G1 X117.334 Y115.166 E671.21304
G1 X117.821 Y115.166 E671.23208
G1 X117.821 Y114.835 E671.24501
G1 X117.333 Y114.834 E671.26408
G1 X117.175 Y114.676 E671.27282
G1 X117.101 Y114.602
G0 F15000 X116.73 Y115
M204 S5000
;TYPE:WALL-INNER
G1 F600 X116.73 Y116.718 E671.33281
G1 X118.266 Y116.718 E671.38645
G1 X118.266 Y113.278 E671.50659
G1 X116.73 Y113.278 E671.56023
G1 X116.73 Y115 E671.62037
M204 S10000
G0 F15000 X116.31 Y115
M204 S5000
;TYPE:WALL-OUTER
G1 F600 X116.31 Y117.138 E671.69504
G1 X118.686 Y117.138 E671.77801
G1 X118.686 Y112.858 E671.92748
G1 X116.31 Y112.858 E672.01046
G1 X116.31 Y115 E672.08527
M204 S10000
G0 F15000 X116.31 Y115.2
G0 X117.341 Y115.2
;MESH:NONMESH
G0 F600 Z43.2
G0 F15000 X117.821 Y113.687
;TIME_ELAPSED:1039.149117
;LAYER:215
;note -- min layer time used
;TYPE:FILL
;MESH:Stickmaaaaan.obj
G1 F600 X117.175 Y113.687 E672.11051
G1 X117.175 Y115.325 E672.17453
G1 X117.333 Y115.167 E672.18326
G1 X117.821 Y115.166 E672.20233
G1 X117.821 Y114.835 E672.21527
G1 X117.334 Y114.835 E672.2343
G1 X117.175 Y114.676 E672.24309
G1 X117.101 Y114.602
G0 F15000 X116.73 Y115
M204 S5000
;TYPE:WALL-INNER
G1 F600 X116.73 Y116.754 E672.30434
G1 X118.266 Y116.754 E672.35798
G1 X118.266 Y113.242 E672.48063
G1 X116.73 Y113.242 E672.53428
G1 X116.73 Y115 E672.59567
M204 S10000
G0 F15000 X116.31 Y115
M204 S5000
;TYPE:WALL-OUTER
G1 F600 X116.31 Y117.174 E672.67159
G1 X118.686 Y117.174 E672.75457
G1 X118.686 Y112.822 E672.90656
G1 X116.31 Y112.822 E672.98953
G1 X116.31 Y115 E673.0656
M204 S10000
G0 F15000 X116.31 Y115.2
G0 X117.341 Y115.2
;MESH:NONMESH
G0 F600 Z43.4
G0 F15000 X117.821 Y113.655
;TIME_ELAPSED:1042.063129
;LAYER:216
;note -- min layer time used
;TYPE:FILL
;MESH:Stickmaaaaan.obj
G1 F600 X117.175 Y113.655 E673.09084
G1 X117.175 Y115.324 E673.15607
G1 X117.333 Y115.166 E673.1648
G1 X117.822 Y115.166 E673.18391
G1 X117.821 Y114.834 E673.19689
G1 X117.333 Y114.834 E673.21596
G1 X117.175 Y114.676 E673.22469
G1 X117.101 Y114.602
G0 F15000 X116.73 Y115
M204 S5000
;TYPE:WALL-INNER
G1 F600 X116.73 Y116.786 E673.28706
G1 X118.266 Y116.786 E673.3407
G1 X118.266 Y113.21 E673.46559
G1 X116.73 Y113.21 E673.51923
G1 X116.73 Y115 E673.58174
M204 S10000
G0 F15000 X116.31 Y115
M204 S5000
;TYPE:WALL-OUTER
G1 F600 X116.31 Y117.206 E673.65878
G1 X118.686 Y117.206 E673.74176
G1 X118.686 Y112.79 E673.89598
G1 X116.31 Y112.79 E673.97896
G1 X116.31 Y115 E674.05614
M204 S10000
G0 F15000 X116.31 Y115.2
G0 X117.341 Y115.2
;MESH:NONMESH
G0 F600 Z43.6
G0 F15000 X117.821 Y113.619
;TIME_ELAPSED:1045.006269
;LAYER:217
;note -- min layer time used
;TYPE:FILL
;MESH:Stickmaaaaan.obj
G1 F600 X117.175 Y113.619 E674.08139
G1 X117.175 Y115.325 E674.14806
G1 X117.333 Y115.167 E674.15679
G1 X117.821 Y115.166 E674.17586
G1 X117.821 Y114.835 E674.1888
G1 X117.334 Y114.835 E674.20783
G1 X117.175 Y114.676 E674.21662
G1 X117.101 Y114.602
G0 F15000 X116.73 Y115
M204 S5000
;TYPE:WALL-INNER
G1 F600 X116.73 Y116.822 E674.28025
G1 X118.266 Y116.822 E674.33389
G1 X118.266 Y113.174 E674.46129
G1 X116.73 Y113.174 E674.51493
G1 X116.73 Y115 E674.5787
M204 S10000
G0 F15000 X116.31 Y115
M204 S5000
;TYPE:WALL-OUTER
G1 F600 X116.31 Y117.242 E674.657
G1 X118.686 Y117.242 E674.73998
G1 X118.686 Y112.754 E674.89671
G1 X116.31 Y112.754 E674.97969
G1 X116.31 Y115 E675.05813
M204 S10000
G0 F15000 X116.31 Y115.2
G0 X117.341 Y115.2
;MESH:NONMESH
G0 F600 Z43.8
G0 F15000 X117.821 Y113.587
;TIME_ELAPSED:1047.981988
;LAYER:218
;note -- min layer time used
;TYPE:FILL
;MESH:Stickmaaaaan.obj
G1 F600 X117.175 Y113.587 E675.08337
G1 X117.175 Y115.324 E675.15125
G1 X117.334 Y115.166 E675.16001
G1 X117.821 Y115.166 E675.17905
G1 X117.821 Y114.835 E675.19198
G1 X117.333 Y114.834 E675.21105
G1 X117.175 Y114.676 E675.21979
G1 X117.101 Y114.602
G0 F15000 X116.73 Y115
M204 S5000
;TYPE:WALL-INNER
G1 F600 X116.73 Y116.854 E675.28453
G1 X118.266 Y116.854 E675.33818
G1 X118.266 Y113.142 E675.46781
G1 X116.73 Y113.142 E675.52145
G1 X116.73 Y115 E675.58634
M204 S10000
G0 F15000 X116.31 Y115
M204 S5000
;TYPE:WALL-OUTER
G1 F600 X116.31 Y117.274 E675.66575
G1 X118.686 Y117.274 E675.74873
G1 X118.686 Y112.722 E675.9077
G1 X116.31 Y112.722 E675.99068
G1 X116.31 Y115 E676.07023
M204 S10000
G0 F15000 X116.31 Y115.2
G0 X117.341 Y115.2
;MESH:NONMESH
G0 F600 Z44
G0 F15000 X117.821 Y113.555
;TIME_ELAPSED:1050.986570
;LAYER:219
;note -- min layer time used
;TYPE:FILL
;MESH:Stickmaaaaan.obj
G1 F600 X117.175 Y113.555 E676.09548
G1 X117.175 Y115.324 E676.16461
G1 X117.333 Y115.166 E676.17335
G1 X117.822 Y115.166 E676.19246
G1 X117.821 Y114.834 E676.20543
G1 X117.333 Y114.834 E676.2245
G1 X117.175 Y114.676 E676.23324
G1 X117.101 Y114.602
G0 F15000 X116.73 Y115
M204 S5000
;TYPE:WALL-INNER
G1 F600 X116.73 Y116.886 E676.2991
G1 X118.266 Y116.886 E676.35274
G1 X118.266 Y113.11 E676.48461
G1 X116.73 Y113.11 E676.53825
G1 X116.73 Y115 E676.60426
M204 S10000
G0 F15000 X116.31 Y115
M204 S5000
;TYPE:WALL-OUTER
G1 F600 X116.31 Y117.306 E676.68479
G1 X118.686 Y117.306 E676.76777
G1 X118.686 Y112.69 E676.92897
G1 X116.31 Y112.69 E677.01195
G1 X116.31 Y115 E677.09262
M204 S10000
G0 F15000 X116.31 Y115.2
G0 X117.341 Y115.2
;MESH:NONMESH
G0 F600 Z44.2
G0 F15000 X117.821 Y113.519
;TIME_ELAPSED:1054.020446
;LAYER:220
;note -- min layer time used
;TYPE:FILL
;MESH:Stickmaaaaan.obj
G1 F600 X117.175 Y113.519 E677.11787
G1 X117.175 Y115.324 E677.18841
G1 X117.334 Y115.166 E677.19717
G1 X117.821 Y115.166 E677.2162
G1 X117.821 Y114.835 E677.22914
G1 X117.333 Y114.834 E677.24821
G1 X117.175 Y114.676 E677.25694
G1 X117.101 Y114.602
G0 F15000 X116.73 Y115
M204 S5000
;TYPE:WALL-INNER
G1 F600 X116.73 Y116.922 E677.32407
G1 X118.266 Y116.922 E677.37771
G1 X118.266 Y113.074 E677.51209
G1 X116.73 Y113.074 E677.56573
G1 X116.73 Y115 E677.633
M204 S10000
G0 F15000 X116.31 Y115
M204 S5000
;TYPE:WALL-OUTER
G1 F600 X116.31 Y117.342 E677.71479
G1 X118.686 Y117.342 E677.79776
G1 X118.686 Y112.654 E677.96148
G1 X116.31 Y112.654 E678.04446
G1 X116.31 Y115 E678.12639
M204 S10000
G0 F15000 X116.31 Y115.2
G0 X117.341 Y115.2
;MESH:NONMESH
G0 F600 Z44.4
G0 F15000 X117.821 Y113.487
;TIME_ELAPSED:1057.086723
;LAYER:221
;note -- min layer time used
;TYPE:FILL
;MESH:Stickmaaaaan.obj
G1 F600 X117.175 Y113.487 E678.15164
G1 X117.175 Y115.324 E678.22343
G1 X117.334 Y115.166 E678.23219
G1 X117.821 Y115.166 E678.25122
G1 X117.821 Y114.835 E678.26415
G1 X117.333 Y114.834 E678.28323
G1 X117.175 Y114.676 E678.29196
G1 X117.101 Y114.602
G0 F15000 X116.73 Y115
M204 S5000
;TYPE:WALL-INNER
G1 F600 X116.73 Y116.954 E678.3602
G1 X118.266 Y116.954 E678.41384
G1 X118.266 Y113.042 E678.55046
G1 X116.73 Y113.042 E678.6041
G1 X116.73 Y115 E678.67248
M204 S10000
G0 F15000 X116.31 Y115
M204 S5000
;TYPE:WALL-OUTER
G1 F600 X116.31 Y117.374 E678.75539
G1 X118.686 Y117.374 E678.83837
G1 X118.686 Y112.622 E679.00432
G1 X116.31 Y112.622 E679.0873
G1 X116.31 Y115 E679.17035
M204 S10000
G0 F15000 X116.31 Y115.2
G0 X117.341 Y115.2
;MESH:NONMESH
G0 F600 Z44.6
G0 F15000 X117.821 Y113.455
;TIME_ELAPSED:1060.182030
;LAYER:222
;note -- min layer time used
;TYPE:FILL
;MESH:Stickmaaaaan.obj
G1 F600 X117.175 Y113.455 E679.19559
G1 X117.175 Y115.325 E679.26867
G1 X117.333 Y115.167 E679.2774
G1 X117.821 Y115.166 E679.29648
G1 X117.821 Y114.835 E679.30941
G1 X117.334 Y114.835 E679.32844
G1 X117.175 Y114.676 E679.33723
G1 X117.101 Y114.602
G0 F15000 X116.73 Y115
M204 S5000
;TYPE:WALL-INNER
G1 F600 X116.73 Y116.986 E679.40659
G1 X118.266 Y116.986 E679.46023
G1 X118.266 Y113.01 E679.59909
G1 X116.73 Y113.01 E679.65273
G1 X116.73 Y115 E679.72222
M204 S10000
G0 F15000 X116.31 Y115
M204 S5000
;TYPE:WALL-OUTER
G1 F600 X116.31 Y117.406 E679.80625
G1 X118.686 Y117.406 E679.88923
G1 X118.686 Y112.59 E680.05742
G1 X116.31 Y112.59 E680.14039
G1 X116.31 Y115 E680.22456
M204 S10000
G0 F15000 X116.31 Y115.2
G0 X117.341 Y115.2
;MESH:NONMESH
G0 F600 Z44.8
G0 F15000 X117.821 Y113.419
;TIME_ELAPSED:1063.306565
;LAYER:223
;note -- min layer time used
;TYPE:FILL
;MESH:Stickmaaaaan.obj
G1 F600 X117.175 Y113.419 E680.24981
G1 X117.175 Y115.324 E680.32425
G1 X117.334 Y115.166 E680.33301
G1 X117.821 Y115.166 E680.35205
G1 X117.821 Y114.835 E680.36498
G1 X117.333 Y114.834 E680.38405
G1 X117.175 Y114.676 E680.39279
G1 X117.101 Y114.602
G0 F15000 X116.73 Y115
M204 S5000
;TYPE:WALL-INNER
G1 F600 X116.73 Y117.022 E680.4634
G1 X118.266 Y117.022 E680.51704
G1 X118.266 Y112.974 E680.65841
G1 X116.73 Y112.974 E680.71205
G1 X116.73 Y115 E680.78281
M204 S10000
G0 F15000 X116.31 Y115
M204 S5000
;TYPE:WALL-OUTER
G1 F600 X116.31 Y117.442 E680.86809
G1 X118.686 Y117.442 E680.95107
G1 X118.686 Y112.554 E681.12177
G1 X116.31 Y112.554 E681.20475
G1 X116.31 Y115 E681.29017
M204 S10000
G0 F15000 X116.31 Y115.2
G0 X117.341 Y115.2
;MESH:NONMESH
G0 F600 Z45
G0 F15000 X117.821 Y113.387
;TIME_ELAPSED:1066.463556
;LAYER:224
;note -- min layer time used
;TYPE:FILL
;MESH:Stickmaaaaan.obj
G1 F600 X117.175 Y113.387 E681.31542
G1 X117.175 Y115.324 E681.39112
G1 X117.334 Y115.166 E681.39988
G1 X117.821 Y115.166 E681.41891
G1 X117.821 Y114.835 E681.43184
G1 X117.333 Y114.834 E681.45092
G1 X117.175 Y114.676 E681.45965
G1 X117.101 Y114.602
G0 F15000 X116.73 Y115
M204 S5000
;TYPE:WALL-INNER
G1 F600 X116.73 Y117.054 E681.53138
G1 X118.266 Y117.054 E681.58502
G1 X118.266 Y112.942 E681.72863
G1 X116.73 Y112.942 E681.78227
G1 X116.73 Y115 E681.85414
M204 S10000
G0 F15000 X116.31 Y115
M204 S5000
;TYPE:WALL-OUTER
G1 F600 X116.31 Y117.474 E681.94054
G1 X118.686 Y117.474 E682.02352
G1 X118.686 Y112.522 E682.19646
G1 X116.31 Y112.522 E682.27943
G1 X116.31 Y115 E682.36597
M204 S10000
G0 F15000 X116.31 Y115.2
G0 X117.341 Y115.2
;MESH:NONMESH
G0 F600 Z45.2
G0 F15000 X117.821 Y113.355
;TIME_ELAPSED:1069.649572
;LAYER:225
;note -- min layer time used
;TYPE:FILL
;MESH:Stickmaaaaan.obj
G1 F600 X117.175 Y113.355 E682.39122
G1 X117.175 Y115.324 E682.46817
G1 X117.334 Y115.166 E682.47693
G1 X117.821 Y115.166 E682.49596
G1 X117.821 Y114.835 E682.5089
G1 X117.333 Y114.834 E682.52797
G1 X117.175 Y114.676 E682.5367
G1 X117.101 Y114.602
G0 F15000 X116.73 Y115
M204 S5000
;TYPE:WALL-INNER
G1 F600 X116.73 Y117.086 E682.60955
G1 X118.266 Y117.086 E682.66319
G1 X118.266 Y112.91 E682.80903
G1 X116.73 Y112.91 E682.86267
G1 X116.73 Y115 E682.93566
M204 S10000
G0 F15000 X116.31 Y115
M204 S5000
;TYPE:WALL-OUTER
G1 F600 X116.31 Y117.506 E683.02318
G1 X118.686 Y117.506 E683.10616
G1 X118.686 Y112.49 E683.28133
G1 X116.31 Y112.49 E683.36431
G1 X116.31 Y115 E683.45197
M204 S10000
G0 F15000 X116.31 Y115.2
G0 X117.341 Y115.2
;MESH:NONMESH
G0 F600 Z45.4
G0 F15000 X117.821 Y113.319
;TIME_ELAPSED:1072.864639
;LAYER:226
;note -- min layer time used
;TYPE:FILL
;MESH:Stickmaaaaan.obj
G1 F600 X117.175 Y113.319 E683.47721
G1 X117.175 Y115.324 E683.55557
G1 X117.334 Y115.166 E683.56433
G1 X117.821 Y115.166 E683.58336
G1 X117.821 Y114.835 E683.5963
G1 X117.333 Y114.834 E683.61537
G1 X117.175 Y114.676 E683.6241
G1 X117.101 Y114.602
G0 F15000 X116.73 Y115
M204 S5000
;TYPE:WALL-INNER
G1 F600 X116.73 Y117.122 E683.69821
G1 X118.266 Y117.122 E683.75185
G1 X118.266 Y112.874 E683.9002
G1 X116.73 Y112.874 E683.95385
G1 X116.73 Y115 E684.02809
M204 S10000
G0 F15000 X116.31 Y115
M204 S5000
;TYPE:WALL-OUTER
G1 F600 X116.31 Y117.542 E684.11687
G1 X118.686 Y117.542 E684.19984
G1 X118.686 Y112.454 E684.37753
G1 X116.31 Y112.454 E684.46051
G1 X116.31 Y115 E684.54943
M204 S10000
G0 F15000 X116.31 Y115.2
G0 X117.341 Y115.2
;MESH:NONMESH
G0 F600 Z45.6
G0 F15000 X117.821 Y113.287
;TIME_ELAPSED:1076.112327
;LAYER:227
;note -- min layer time used
;TYPE:FILL
;MESH:Stickmaaaaan.obj
G1 F600 X117.175 Y113.287 E684.57467
G1 X117.175 Y115.324 E684.65428
G1 X117.334 Y115.166 E684.66304
G1 X117.821 Y115.166 E684.68207
G1 X117.821 Y114.835 E684.69501
G1 X117.333 Y114.834 E684.71408
G1 X117.175 Y114.676 E684.72281
G1 X117.101 Y114.602
G0 F15000 X116.73 Y115
M204 S5000
;TYPE:WALL-INNER
G1 F600 X116.73 Y117.154 E684.79803
G1 X118.266 Y117.154 E684.85168
G1 X118.266 Y112.842 E685.00227
G1 X116.73 Y112.842 E685.05591
G1 X116.73 Y115 E685.13127
M204 S10000
G0 F15000 X116.31 Y115
M204 S5000
;TYPE:WALL-OUTER
G1 F600 X116.31 Y117.574 E685.22116
G1 X118.686 Y117.574 E685.30414
G1 X118.686 Y112.422 E685.48407
G1 X116.31 Y112.422 E685.56704
G1 X116.31 Y115 E685.65707
M204 S10000
G0 F15000 X116.31 Y115.2
G0 X117.341 Y115.2
;MESH:NONMESH
G0 F600 Z45.8
G0 F15000 X117.821 Y113.251
;TIME_ELAPSED:1079.389063
;LAYER:228
;note -- min layer time used
;TYPE:FILL
;MESH:Stickmaaaaan.obj
G1 F600 X117.175 Y113.251 E685.68232
G1 X117.175 Y115.324 E685.76333
G1 X117.334 Y115.166 E685.77209
G1 X117.821 Y115.166 E685.79113
G1 X117.821 Y114.835 E685.80406
G1 X117.333 Y114.834 E685.82313
G1 X117.175 Y114.676 E685.83187
G1 X117.101 Y114.602
G0 F15000 X116.73 Y115
M204 S5000
;TYPE:WALL-INNER
G1 F600 X116.73 Y117.19 E685.90835
G1 X118.266 Y117.19 E685.96199
G1 X118.266 Y112.806 E686.11509
G1 X116.73 Y112.806 E686.16874
G1 X116.73 Y115 E686.24536
M204 S10000
G0 F15000 X116.31 Y115
M204 S5000
;TYPE:WALL-OUTER
G1 F600 X116.31 Y117.61 E686.33651
G1 X118.686 Y117.61 E686.41948
G1 X118.686 Y112.386 E686.60192
G1 X116.31 Y112.386 E686.6849
G1 X116.31 Y115 E686.77619
M204 S10000
G0 F15000 X116.31 Y115.2
G0 X117.341 Y115.2
;MESH:NONMESH
G0 F600 Z46
G0 F15000 X117.821 Y113.219
;TIME_ELAPSED:1082.698418
;LAYER:229
;note -- min layer time used
;TYPE:FILL
;MESH:Stickmaaaaan.obj
G1 F600 X117.175 Y113.219 E686.80143
G1 X117.175 Y115.325 E686.88374
G1 X117.333 Y115.167 E686.89247
G1 X117.821 Y115.166 E686.91154
G1 X117.821 Y114.835 E686.92448
G1 X117.334 Y114.835 E686.94351
G1 X117.175 Y114.676 E686.9523
G1 X117.101 Y114.602
G0 F15000 X116.73 Y115
M204 S5000
;TYPE:WALL-INNER
G1 F600 X116.73 Y117.222 E687.0299
G1 X118.266 Y117.222 E687.08354
G1 X118.266 Y112.774 E687.23888
G1 X116.73 Y112.774 E687.29252
G1 X116.73 Y115 E687.37026
M204 S10000
G0 F15000 X116.31 Y115
M204 S5000
;TYPE:WALL-OUTER
G1 F600 X116.31 Y117.642 E687.46252
G1 X118.686 Y117.642 E687.5455
G1 X118.686 Y112.354 E687.73018
G1 X116.31 Y112.354 E687.81315
G1 X116.31 Y115 E687.90556
M204 S10000
G0 F15000 X116.31 Y115.2
G0 X117.341 Y115.2
;MESH:NONMESH
G0 F600 Z46.2
G0 F15000 X117.821 Y113.187
;TIME_ELAPSED:1086.036960
;LAYER:230
;note -- min layer time used
;TYPE:FILL
;MESH:Stickmaaaaan.obj
G1 F600 X117.175 Y113.187 E687.93081
G1 X117.175 Y115.324 E688.01432
G1 X117.334 Y115.166 E688.02308
G1 X117.821 Y115.166 E688.04211
G1 X117.821 Y114.835 E688.05505
G1 X117.333 Y114.834 E688.07412
G1 X117.175 Y114.676 E688.08285
G1 X117.101 Y114.602
G0 F15000 X116.73 Y115
M204 S5000
;TYPE:WALL-INNER
G1 F600 X116.73 Y117.254 E688.16157
G1 X118.266 Y117.254 E688.21521
G1 X118.266 Y112.742 E688.37279
G1 X116.73 Y112.742 E688.42643
G1 X116.73 Y115 E688.50528
M204 S10000
G0 F15000 X116.31 Y115
M204 S5000
;TYPE:WALL-OUTER
G1 F600 X116.31 Y117.674 E688.59867
G1 X118.686 Y117.674 E688.68165
G1 X118.686 Y112.322 E688.86855
G1 X116.31 Y112.322 E688.95153
G1 X116.31 Y115 E689.04506
M204 S10000
G0 F15000 X116.31 Y115.2
G0 X117.341 Y115.2
;MESH:NONMESH
G0 F600 Z46.4
G0 F15000 X117.821 Y113.151
;TIME_ELAPSED:1089.404374
;LAYER:231
;note -- min layer time used
;TYPE:FILL
;MESH:Stickmaaaaan.obj
G1 F600 X117.175 Y113.151 E689.0703
G1 X117.175 Y115.325 E689.15526
G1 X117.333 Y115.167 E689.164
G1 X117.821 Y115.166 E689.18307
G1 X117.821 Y114.835 E689.196
G1 X117.334 Y114.835 E689.21503
G1 X117.175 Y114.676 E689.22382
G1 X117.101 Y114.602
G0 F15000 X116.73 Y115
M204 S5000
;TYPE:WALL-INNER
G1 F600 X116.73 Y117.29 E689.3038
G1 X118.266 Y117.29 E689.35744
G1 X118.266 Y112.706 E689.51753
G1 X116.73 Y112.706 E689.57117
G1 X116.73 Y115 E689.65128
M204 S10000
G0 F15000 X116.31 Y115
M204 S5000
;TYPE:WALL-OUTER
G1 F600 X116.31 Y117.71 E689.74592
G1 X118.686 Y117.71 E689.8289
G1 X118.686 Y112.286 E690.01832
G1 X116.31 Y112.286 E690.1013
G1 X116.31 Y115 E690.19608
M204 S10000
G0 F15000 X116.31 Y115.2
G0 X117.341 Y115.2
;MESH:NONMESH
G0 F600 Z46.6
G0 F15000 X117.821 Y113.119
;TIME_ELAPSED:1092.804573
;LAYER:232
;note -- min layer time used
;TYPE:FILL
;MESH:Stickmaaaaan.obj
G1 F600 X117.175 Y113.119 E690.22133
G1 X117.175 Y115.324 E690.3075
G1 X117.333 Y115.166 E690.31623
G1 X117.822 Y115.166 E690.33534
G1 X117.821 Y114.834 E690.34832
G1 X117.333 Y114.834 E690.36739
G1 X117.175 Y114.676 E690.37612
G1 X117.101 Y114.602
G0 F15000 X116.73 Y115
M204 S5000
;TYPE:WALL-INNER
G1 F600 X116.73 Y117.322 E690.45721
G1 X118.266 Y117.322 E690.51086
G1 X118.266 Y112.674 E690.67318
G1 X116.73 Y112.674 E690.72682
G1 X116.73 Y115 E690.80805
M204 S10000
G0 F15000 X116.31 Y115
M204 S5000
;TYPE:WALL-OUTER
G1 F600 X116.31 Y117.742 E690.90381
G1 X118.686 Y117.742 E690.98679
G1 X118.686 Y112.254 E691.17845
G1 X116.31 Y112.254 E691.26142
G1 X116.31 Y115 E691.35732
M204 S10000
G0 F15000 X116.31 Y115.2
G0 X117.341 Y115.2
;MESH:NONMESH
G0 F600 Z46.8
G0 F15000 X117.821 Y113.087
;TIME_ELAPSED:1096.233844
;LAYER:233
;note -- min layer time used
;TYPE:FILL
;MESH:Stickmaaaaan.obj
G1 F600 X117.175 Y113.087 E691.38257
G1 X117.175 Y115.324 E691.46999
G1 X117.334 Y115.166 E691.47875
G1 X117.821 Y115.166 E691.49779
G1 X117.821 Y114.835 E691.51072
G1 X117.333 Y114.834 E691.52979
G1 X117.175 Y114.676 E691.53853
G1 X117.101 Y114.602
G0 F15000 X116.73 Y115
M204 S5000
;TYPE:WALL-INNER
G1 F600 X116.73 Y117.354 E691.62073
G1 X118.266 Y117.357 E691.67438
G1 X118.266 Y112.642 E691.83904
G1 X116.73 Y112.642 E691.89268
G1 X116.73 Y115 E691.97503
M204 S10000
G0 F15000 X116.31 Y115
M204 S5000
;TYPE:WALL-OUTER
G1 F600 X116.31 Y117.774 E692.07191
G1 X118.686 Y117.777 E692.15488
G1 X118.686 Y112.222 E692.34888
G1 X116.31 Y112.222 E692.43186
G1 X116.31 Y115 E692.52888
M204 S10000
G0 F15000 X116.31 Y115.2
G0 X117.341 Y115.2
;MESH:NONMESH
G0 F600 Z47
G0 F15000 X117.821 Y113.021
;TIME_ELAPSED:1099.692719
;LAYER:234
;note -- min layer time used
;TYPE:FILL
;MESH:Stickmaaaaan.obj
G1 F600 X117.175 Y113.022 E692.55412
G1 X117.175 Y115.324 E692.64409
G1 X117.334 Y115.166 E692.65285
G1 X117.821 Y115.166 E692.67188
G1 X117.821 Y114.835 E692.68481
G1 X117.333 Y114.834 E692.70389
G1 X117.175 Y114.676 E692.71262
G1 X117.101 Y114.602
G0 F15000 X116.73 Y115
M204 S5000
;TYPE:WALL-INNER
G1 F600 X116.73 Y117.422 E692.7972
G1 X118.266 Y117.422 E692.85084
G1 X118.266 Y112.575 E693.02012
G1 X116.73 Y112.578 E693.07376
G1 X116.73 Y115 E693.15834
M204 S10000
G0 F15000 X116.31 Y115
M204 S5000
;TYPE:WALL-OUTER
G1 F600 X116.31 Y117.842 E693.25759
G1 X118.686 Y117.842 E693.34057
G1 X118.686 Y112.155 E693.53918
G1 X116.31 Y112.158 E693.62216
G1 X116.31 Y115 E693.72141
M204 S10000
G0 F15000 X116.31 Y115.2
G0 X117.341 Y115.2
;MESH:NONMESH
G0 F600 Z47.2
G0 F15000 X117.821 Y112.955
;TIME_ELAPSED:1103.211322
;LAYER:235
;note -- min layer time used
;TYPE:FILL
;MESH:Stickmaaaaan.obj
G1 F600 X117.175 Y112.955 E693.74665
G1 X117.175 Y115.325 E693.83927
G1 X117.333 Y115.167 E693.84801
G1 X117.821 Y115.166 E693.86708
G1 X117.821 Y114.835 E693.88001
G1 X117.334 Y114.835 E693.89905
G1 X117.175 Y114.676 E693.90783
G1 X117.101 Y114.602
G0 F15000 X116.73 Y115
M204 S5000
;TYPE:WALL-INNER
G1 F600 X116.73 Y117.489 E693.99476
G1 X118.266 Y117.486 E694.0484
G1 X118.266 Y112.51 E694.22218
G1 X116.73 Y112.51 E694.27582
G1 X116.73 Y115 E694.36278
M204 S10000
G0 F15000 X116.31 Y115
M204 S5000
;TYPE:WALL-OUTER
G1 F600 X116.31 Y117.909 E694.46437
G1 X118.686 Y117.906 E694.54735
G1 X118.686 Y112.09 E694.75046
G1 X116.31 Y112.09 E694.83344
G1 X116.31 Y115 E694.93506
M204 S10000
G0 F15000 X116.31 Y115.2
G0 X117.341 Y115.2
;MESH:NONMESH
G0 F600 Z47.4
G0 F15000 X116.73 Y115
;TIME_ELAPSED:1106.775341
;LAYER:236
;note -- min layer time used
M204 S5000
;TYPE:WALL-INNER
;MESH:Stickmaaaaan.obj
G1 F600 X116.73 Y117.554 E695.02426
G1 X118.266 Y117.554 E695.0779
G1 X118.266 Y112.442 E695.25643
G1 X116.73 Y112.442 E695.31007
G1 X116.73 Y115 E695.3994
M204 S10000
G0 F15000 X116.31 Y115
M204 S5000
;TYPE:WALL-OUTER
G1 F600 X116.31 Y117.974 E695.50326
G1 X118.686 Y117.974 E695.58624
G1 X118.686 Y112.022 E695.7941
G1 X116.31 Y112.022 E695.87708
G1 X116.31 Y115 E695.98108
M204 S10000
G0 F15000 X116.31 Y115.2
G0 X117.021 Y115.2
G0 X117.498 Y114.698
;TYPE:SKIN
G1 F567.6 X117.498 Y115.298 E696.00323
G0 F15000 X117.066 Y115
G1 F600 X117.066 Y114.266 E696.02887
G1 X117.93 Y114.266 E696.05904
G1 X117.93 Y115.73 E696.11017
G1 X117.066 Y115.73 E696.14034
G1 X117.066 Y115 E696.16584
G0 F15000 X117.341 Y115
;MESH:NONMESH
G0 F600 Z47.6
G0 F15000 X116.73 Y115
;TIME_ELAPSED:1110.455096
;LAYER:237
;note -- min layer time used
M204 S5000
;TYPE:WALL-INNER
;MESH:Stickmaaaaan.obj
G1 F600 X116.73 Y117.622 E696.2574
G1 X118.266 Y117.622 E696.31105
G1 X118.266 Y112.375 E696.49429
G1 X116.73 Y112.378 E696.54793
G1 X116.73 Y115 E696.6395
M204 S10000
G0 F15000 X116.31 Y115
M204 S5000
;TYPE:WALL-OUTER
G1 F600 X116.31 Y118.042 E696.74573
G1 X118.686 Y118.042 E696.82871
G1 X118.686 Y111.955 E697.04129
G1 X116.31 Y111.958 E697.12427
G1 X116.31 Y115 E697.2305
M204 S10000
G0 F15000 X116.31 Y115.2
G0 X117.021 Y115.2
G0 X117.498 Y114.676
;TYPE:SKIN
G1 F567.6 X117.498 Y115.322 E697.25435
G0 F15000 X117.066 Y115
G1 F600 X117.066 Y114.243 E697.28079
G1 X117.93 Y114.246 E697.31096
G1 X117.93 Y115.754 E697.36363
G1 X117.066 Y115.754 E697.3938
G1 X117.066 Y115 E697.42013
G0 F15000 X117.341 Y115
;MESH:NONMESH
G0 F600 Z47.8
G0 F15000 X116.73 Y115
;TIME_ELAPSED:1114.202643
;LAYER:238
;note -- min layer time used
M204 S5000
;TYPE:WALL-INNER
;MESH:Stickmaaaaan.obj
G1 F600 X116.73 Y117.689 E697.51404
G1 X118.266 Y117.686 E697.56768
G1 X118.266 Y112.31 E697.75543
G1 X116.73 Y112.31 E697.80907
G1 X116.73 Y115 E697.90301
M204 S10000
G0 F15000 X116.31 Y115
M204 S5000
;TYPE:WALL-OUTER
G1 F600 X116.31 Y118.109 E698.01159
G1 X118.686 Y118.106 E698.09457
G1 X118.686 Y111.89 E698.31165
G1 X116.31 Y111.89 E698.39463
G1 X116.31 Y115 E698.50324
M204 S10000
G0 F15000 X116.31 Y115.2
G0 X117.021 Y115.2
G0 X117.498 Y114.654
;TYPE:SKIN
G1 F567.6 X117.498 Y115.342 E698.52864
G0 F15000 X117.066 Y115
G1 F600 X117.066 Y114.222 E698.55581
G1 X117.93 Y114.222 E698.58598
G1 X117.93 Y115.774 E698.64018
G1 X117.066 Y115.774 E698.67036
G1 X117.066 Y115 E698.69739
G0 F15000 X117.341 Y115
;MESH:NONMESH
G0 F600 Z48
G0 F15000 X116.73 Y115
;TIME_ELAPSED:1118.016327
;LAYER:239
;note -- min layer time used
M204 S5000
;TYPE:WALL-INNER
;MESH:Stickmaaaaan.obj
G1 F600 X116.73 Y117.754 E698.79357
G1 X118.266 Y117.754 E698.84721
G1 X118.266 Y112.242 E699.0397
G1 X116.73 Y112.242 E699.09335
G1 X116.73 Y115 E699.18966
M204 S10000
G0 F15000 X116.31 Y115
M204 S5000
;TYPE:WALL-OUTER
G1 F600 X116.31 Y118.174 E699.30051
G1 X118.686 Y118.174 E699.38349
G1 X118.686 Y111.822 E699.60532
G1 X116.31 Y111.822 E699.6883
G1 X116.31 Y115 E699.79928
M204 S10000
G0 F15000 X116.31 Y115.2
G0 X117.066 Y115
;TYPE:SKIN
G1 F600 X117.066 Y114.198 E699.82729
G1 X117.93 Y114.198 E699.85746
G1 X117.93 Y115.798 E699.91334
G1 X117.066 Y115.798 E699.94351
G1 X117.066 Y115 E699.97138
G0 F15000 X117.72 Y114.522
G1 F600 X117.276 Y114.966 E699.99331
G0 F15000 X117.72 Y115.116
G1 F600 X117.276 Y115.56 E700.01524
G0 F15000 X117.341 Y115.56
G1 F2700 E699.51524
;MESH:NONMESH
G0 F600 Z48.2
G0 F15000 X117.019 Y115.037
G0 X117.021 Y114.35
G0 X116.73 Y114.35
;TIME_ELAPSED:1121.985787
;LAYER:240
;note -- min layer time used
M204 S5000
;TYPE:WALL-INNER
;MESH:Stickmaaaaan.obj
G1 F2700 E700.01524
G1 F600 X118.266 Y114.35 E700.06888
G1 X118.266 Y112.174 E700.14488
G1 X116.73 Y112.174 E700.19852
G1 X116.73 Y114.35 E700.27451
M204 S10000
G0 F15000 X116.31 Y114.77
M204 S5000
;TYPE:WALL-OUTER
G1 F600 X118.686 Y114.77 E700.35749
G1 X118.686 Y111.754 E700.46282
G1 X116.31 Y111.754 E700.54579
G1 X116.31 Y114.77 E700.65112
M204 S10000
G0 F15000 X116.51 Y114.77
G0 X117.218 Y113.743
G1 F2700 E700.15112
G0 F15000 X117.023 Y114.543
G0 X117.021 Y115.457
G0 X116.73 Y115.646
M204 S5000
;TYPE:WALL-INNER
G1 F2700 E700.65112
G1 F600 X116.73 Y117.822 E700.72711
G1 X118.266 Y117.822 E700.78076
G1 X118.266 Y115.646 E700.85675
G1 X116.73 Y115.646 E700.91039
M204 S10000
G0 F15000 X116.31 Y115.226
M204 S5000
;TYPE:WALL-OUTER
G1 F600 X116.31 Y118.242 E701.01572
G1 X118.686 Y118.242 E701.0987
G1 X118.686 Y115.226 E701.20402
G1 X116.31 Y115.226 E701.287
M204 S10000
G0 F15000 X116.31 Y115.426
G0 X117.341 Y116.134
G1 F2700 E700.787
;MESH:NONMESH
G0 F600 Z48.4
G0 F15000 X117.019 Y115.457
G0 X117.021 Y114.543
G0 X116.73 Y114.326
;TIME_ELAPSED:1125.942800
;LAYER:241
;note -- min layer time used
M204 S5000
;TYPE:WALL-INNER
;MESH:Stickmaaaaan.obj
G1 F2700 E701.287
G1 F600 X118.266 Y114.329 E701.34064
G1 X118.266 Y112.11 E701.41814
G1 X116.73 Y112.11 E701.47178
G1 X116.73 Y114.326 E701.54917
M204 S10000
G0 F15000 X116.31 Y114.746
M204 S5000
;TYPE:WALL-OUTER
G1 F600 X118.686 Y114.749 E701.63215
G1 X118.686 Y111.69 E701.73898
G1 X116.31 Y111.69 E701.82195
G1 X116.31 Y114.746 E701.92868
M204 S10000
G0 F15000 X116.51 Y114.746
G0 X117.218 Y113.72
G1 F2700 E701.42868
G0 F15000 X117.023 Y114.52
G0 X117.021 Y115.48
G0 X116.73 Y115.67
M204 S5000
;TYPE:WALL-INNER
G1 F2700 E701.92868
G1 F600 X116.73 Y117.89 E702.00621
G1 X118.266 Y117.89 E702.05985
G1 X118.266 Y115.67 E702.13738
G1 X116.73 Y115.67 E702.19102
M204 S10000
G0 F15000 X116.31 Y115.25
M204 S5000
;TYPE:WALL-OUTER
G1 F600 X116.31 Y118.31 E702.29789
G1 X118.686 Y118.31 E702.38086
G1 X118.686 Y115.25 E702.48773
G1 X116.31 Y115.25 E702.57071
M204 S10000
G0 F15000 X116.31 Y115.45
G0 X117.341 Y116.157
G1 F2700 E702.07071
;MESH:NONMESH
G0 F600 Z48.6
G0 F15000 X117.019 Y115.48
G0 X117.021 Y114.52
G0 X116.73 Y114.306
;TIME_ELAPSED:1129.934921
;LAYER:242
;note -- min layer time used
M204 S5000
;TYPE:WALL-INNER
;MESH:Stickmaaaaan.obj
G1 F2700 E702.57071
G1 F600 X118.266 Y114.306 E702.62435
G1 X118.266 Y112.042 E702.70341
G1 X116.73 Y112.042 E702.75706
G1 X116.73 Y114.306 E702.83612
M204 S10000
G0 F15000 X116.31 Y114.726
M204 S5000
;TYPE:WALL-OUTER
G1 F600 X118.686 Y114.726 E702.9191
G1 X118.686 Y111.622 E703.0275
G1 X116.31 Y111.622 E703.11048
G1 X116.31 Y114.726 E703.21888
M204 S10000
G0 F15000 X116.51 Y114.726
G0 X117.218 Y113.698
G1 F2700 E702.71888
G0 F15000 X117.023 Y114.498
G0 X117.021 Y115.502
G0 X116.73 Y115.69
M204 S5000
;TYPE:WALL-INNER
G1 F2700 E703.21888
G1 F600 X116.73 Y117.954 E703.29795
G1 X118.266 Y117.954 E703.35159
G1 X118.266 Y115.69 E703.43065
G1 X116.73 Y115.69 E703.4843
M204 S10000
G0 F15000 X116.31 Y115.27
M204 S5000
;TYPE:WALL-OUTER
G1 F600 X116.31 Y118.374 E703.5927
G1 X118.686 Y118.374 E703.67567
G1 X118.686 Y115.27 E703.78408
G1 X116.31 Y115.27 E703.86705
M204 S10000
G0 F15000 X116.31 Y115.47
G0 X117.341 Y116.179
G1 F2700 E703.36705
;MESH:NONMESH
G0 F600 Z48.8
G0 F15000 X117.019 Y115.502
G0 X117.021 Y114.498
G0 X116.73 Y114.282
;TIME_ELAPSED:1133.964137
;LAYER:243
;note -- min layer time used
M204 S5000
;TYPE:WALL-INNER
;MESH:Stickmaaaaan.obj
G1 F2700 E703.86705
G1 F600 X118.266 Y114.282 E703.9207
G1 X118.266 Y111.974 E704.0013
G1 X116.73 Y111.974 E704.05494
G1 X116.73 Y114.282 E704.13554
M204 S10000
G0 F15000 X116.31 Y114.702
M204 S5000
;TYPE:WALL-OUTER
G1 F600 X118.686 Y114.702 E704.21852
G1 X118.686 Y111.554 E704.32846
G1 X116.31 Y111.554 E704.41144
G1 X116.31 Y114.702 E704.52137
M204 S10000
G0 F15000 X116.51 Y114.702
G0 X117.218 Y113.675
G1 F2700 E704.02137
G0 F15000 X117.023 Y114.475
G0 X117.021 Y115.525
G0 X116.73 Y115.714
M204 S5000
;TYPE:WALL-INNER
G1 F2700 E704.52137
G1 F600 X116.73 Y118.022 E704.60198
G1 X118.266 Y118.022 E704.65562
G1 X118.266 Y115.714 E704.73622
G1 X116.73 Y115.714 E704.78986
M204 S10000
G0 F15000 X116.31 Y115.294
M204 S5000
;TYPE:WALL-OUTER
G1 F600 X116.31 Y118.442 E704.8998
G1 X118.686 Y118.442 E704.98278
G1 X118.686 Y115.294 E705.09272
G1 X116.31 Y115.294 E705.17569
M204 S10000
G0 F15000 X116.31 Y115.494
G0 X117.341 Y116.202
G1 F2700 E704.67569
;MESH:NONMESH
G0 F600 Z49
G0 F15000 X117.019 Y115.525
G0 X117.021 Y114.475
G0 X116.73 Y114.258
;TIME_ELAPSED:1138.029445
;LAYER:244
;note -- min layer time used
M204 S5000
;TYPE:WALL-INNER
;MESH:Stickmaaaaan.obj
G1 F2700 E705.17569
G1 F600 X118.266 Y114.261 E705.22934
G1 X118.266 Y111.91 E705.31144
G1 X116.73 Y111.91 E705.36508
G1 X116.73 Y114.258 E705.44708
M204 S10000
G0 F15000 X116.31 Y114.678
M204 S5000
;TYPE:WALL-OUTER
G1 F600 X118.686 Y114.681 E705.53006
G1 X118.686 Y111.49 E705.6415
G1 X116.31 Y111.49 E705.72448
G1 X116.31 Y114.678 E705.83581
M204 S10000
G0 F15000 X116.51 Y114.678
G0 X117.218 Y113.652
G1 F2700 E705.33581
G0 F15000 X117.023 Y114.452
G0 X117.021 Y115.548
G0 X116.73 Y115.738
M204 S5000
;TYPE:WALL-INNER
G1 F2700 E705.83581
G1 F600 X116.73 Y118.09 E705.91795
G1 X118.266 Y118.09 E705.97159
G1 X118.266 Y115.738 E706.05373
G1 X116.73 Y115.738 E706.10737
M204 S10000
G0 F15000 X116.31 Y115.318
M204 S5000
;TYPE:WALL-OUTER
G1 F600 X116.31 Y118.51 E706.21885
G1 X118.686 Y118.51 E706.30183
G1 X118.686 Y115.318 E706.4133
G1 X116.31 Y115.318 E706.49628
M204 S10000
G0 F15000 X116.31 Y115.518
G0 X117.341 Y116.225
G1 F2700 E705.99628
;MESH:NONMESH
G0 F600 Z49.2
G0 F15000 X117.019 Y115.548
G0 X117.021 Y114.452
G0 X116.73 Y114.238
;TIME_ELAPSED:1142.129803
;LAYER:245
;note -- min layer time used
M204 S5000
;TYPE:WALL-INNER
;MESH:Stickmaaaaan.obj
G1 F2700 E706.49628
G1 F600 X118.266 Y114.238 E706.54992
G1 X118.266 Y111.842 E706.6336
G1 X116.73 Y111.842 E706.68724
G1 X116.73 Y114.238 E706.77091
M204 S10000
G0 F15000 X116.31 Y114.658
M204 S5000
;TYPE:WALL-OUTER
G1 F600 X118.686 Y114.658 E706.85389
G1 X118.686 Y111.422 E706.9669
G1 X116.31 Y111.422 E707.04988
G1 X116.31 Y114.658 E707.16289
M204 S10000
G0 F15000 X116.51 Y114.658
G0 X117.218 Y113.63
G1 F2700 E706.66289
G0 F15000 X117.023 Y114.43
G0 X117.021 Y115.57
G0 X116.73 Y115.758
M204 S5000
;TYPE:WALL-INNER
G1 F2700 E707.16289
G1 F600 X116.73 Y118.154 E707.24657
G1 X118.266 Y118.154 E707.30021
G1 X118.266 Y115.758 E707.38388
G1 X116.73 Y115.758 E707.43753
M204 S10000
G0 F15000 X116.31 Y115.338
M204 S5000
;TYPE:WALL-OUTER
G1 F600 X116.31 Y118.574 E707.55054
G1 X118.686 Y118.574 E707.63351
G1 X118.686 Y115.338 E707.74653
G1 X116.31 Y115.338 E707.8295
M204 S10000
G0 F15000 X116.31 Y115.538
G0 X117.341 Y116.247
G1 F2700 E707.3295
;MESH:NONMESH
G0 F600 Z49.4
G0 F15000 X117.019 Y115.57
G0 X117.021 Y114.43
G0 X116.73 Y114.214
;TIME_ELAPSED:1146.267202
;LAYER:246
;note -- min layer time used
M204 S5000
;TYPE:WALL-INNER
;MESH:Stickmaaaaan.obj
G1 F2700 E707.8295
G1 F600 X118.266 Y114.214 E707.88315
G1 X118.266 Y111.774 E707.96836
G1 X116.73 Y111.774 E708.022
G1 X116.73 Y114.214 E708.10721
M204 S10000
G0 F15000 X116.31 Y114.634
M204 S5000
;TYPE:WALL-OUTER
G1 F600 X118.686 Y114.634 E708.19019
G1 X118.686 Y111.354 E708.30474
G1 X116.31 Y111.354 E708.38771
G1 X116.31 Y114.634 E708.50226
M204 S10000
G0 F15000 X116.51 Y114.634
G0 X117.218 Y113.607
G1 F2700 E708.00226
G0 F15000 X117.023 Y114.407
G0 X117.021 Y115.593
G0 X116.73 Y115.782
M204 S5000
;TYPE:WALL-INNER
G1 F2700 E708.50226
G1 F600 X116.73 Y118.222 E708.58748
G1 X118.266 Y118.222 E708.64112
G1 X118.266 Y115.782 E708.72633
G1 X116.73 Y115.782 E708.77997
M204 S10000
G0 F15000 X116.31 Y115.362
M204 S5000
;TYPE:WALL-OUTER
G1 F600 X116.31 Y118.642 E708.89452
G1 X118.686 Y118.642 E708.9775
G1 X118.686 Y115.362 E709.09204
G1 X116.31 Y115.362 E709.17502
M204 S10000
G0 F15000 X116.31 Y115.562
G0 X117.341 Y116.27
G1 F2700 E708.67502
;MESH:NONMESH
G0 F600 Z49.6
G0 F15000 X117.019 Y115.593
G0 X117.021 Y114.407
G0 X116.73 Y114.19
;TIME_ELAPSED:1150.440641
;LAYER:247
;note -- min layer time used
M204 S5000
;TYPE:WALL-INNER
;MESH:Stickmaaaaan.obj
G1 F2700 E709.17502
G1 F600 X118.266 Y114.193 E709.22866
G1 X118.266 Y111.71 E709.31538
G1 X116.73 Y111.71 E709.36902
G1 X116.73 Y114.19 E709.45563
M204 S10000
G0 F15000 X116.31 Y114.61
M204 S5000
;TYPE:WALL-OUTER
G1 F600 X118.686 Y114.613 E709.53861
G1 X118.686 Y111.29 E709.65466
G1 X116.31 Y111.29 E709.73763
G1 X116.31 Y114.61 E709.85358
M204 S10000
G0 F15000 X116.51 Y114.61
G0 X117.218 Y113.584
G1 F2700 E709.35358
G0 F15000 X117.023 Y114.384
G0 X117.021 Y115.616
G0 X116.73 Y115.806
M204 S5000
;TYPE:WALL-INNER
G1 F2700 E709.85358
G1 F600 X116.73 Y118.29 E709.94033
G1 X118.266 Y118.29 E709.99397
G1 X118.266 Y115.806 E710.08072
G1 X116.73 Y115.806 E710.13436
M204 S10000
G0 F15000 X116.31 Y115.386
M204 S5000
;TYPE:WALL-OUTER
G1 F600 X116.31 Y118.71 E710.25045
G1 X118.686 Y118.71 E710.33342
G1 X118.686 Y115.386 E710.44951
G1 X116.31 Y115.386 E710.53248
M204 S10000
G0 F15000 X116.31 Y115.586
G0 X117.341 Y116.293
G1 F2700 E710.03248
;MESH:NONMESH
G0 F600 Z49.8
G0 F15000 X117.019 Y115.616
G0 X117.021 Y114.384
G0 X116.73 Y114.17
;TIME_ELAPSED:1154.649081
;LAYER:248
;note -- min layer time used
M204 S5000
;TYPE:WALL-INNER
;MESH:Stickmaaaaan.obj
G1 F2700 E710.53248
G1 F600 X118.266 Y114.17 E710.58613
G1 X118.266 Y111.642 E710.67441
G1 X116.73 Y111.642 E710.72805
G1 X116.73 Y114.17 E710.81634
M204 S10000
G0 F15000 X116.31 Y114.59
M204 S5000
;TYPE:WALL-OUTER
G1 F600 X118.686 Y114.59 E710.89932
G1 X118.686 Y111.222 E711.01694
G1 X116.31 Y111.222 E711.09992
G1 X116.31 Y114.59 E711.21754
M204 S10000
G0 F15000 X116.51 Y114.59
G0 X117.218 Y113.562
G1 F2700 E710.71754
G0 F15000 X117.023 Y114.362
G0 X117.021 Y115.638
G0 X116.73 Y115.826
M204 S5000
;TYPE:WALL-INNER
G1 F2700 E711.21754
G1 F600 X116.73 Y118.354 E711.30582
G1 X118.266 Y118.354 E711.35946
G1 X118.266 Y115.826 E711.44775
G1 X116.73 Y115.826 E711.50139
M204 S10000
G0 F15000 X116.31 Y115.406
M204 S5000
;TYPE:WALL-OUTER
G1 F600 X116.31 Y118.774 E711.61901
G1 X118.686 Y118.774 E711.70199
G1 X118.686 Y115.406 E711.81961
G1 X116.31 Y115.406 E711.90259
M204 S10000
G0 F15000 X116.31 Y115.606
G0 X117.341 Y116.315
G1 F2700 E711.40259
;MESH:NONMESH
G0 F600 Z50
G0 F15000 X117.019 Y115.638
G0 X117.021 Y114.362
G0 X116.73 Y114.146
;TIME_ELAPSED:1158.894518
;LAYER:249
;note -- min layer time used
M204 S5000
;TYPE:WALL-INNER
;MESH:Stickmaaaaan.obj
G1 F2700 E711.90259
G1 F600 X118.266 Y114.146 E711.95623
G1 X118.266 Y111.574 E712.04605
G1 X116.73 Y111.574 E712.0997
G1 X116.73 Y114.146 E712.18952
M204 S10000
G0 F15000 X116.31 Y114.566
M204 S5000
;TYPE:WALL-OUTER
G1 F600 X118.686 Y114.566 E712.2725
G1 X118.686 Y111.154 E712.39165
G1 X116.31 Y111.154 E712.47463
G1 X116.31 Y114.566 E712.59379
M204 S10000
G0 F15000 X116.51 Y114.566
G0 X117.218 Y113.539
G1 F2700 E712.09379
G0 F15000 X117.023 Y114.339
G0 X117.021 Y115.661
G0 X116.73 Y115.85
M204 S5000
;TYPE:WALL-INNER
G1 F2700 E712.59379
G1 F600 X116.73 Y118.422 E712.68361
G1 X118.266 Y118.422 E712.73725
G1 X118.266 Y115.85 E712.82708
G1 X116.73 Y115.85 E712.88072
M204 S10000
G0 F15000 X116.31 Y115.43
M204 S5000
;TYPE:WALL-OUTER
G1 F600 X116.31 Y118.842 E712.99987
G1 X118.686 Y118.842 E713.08285
G1 X118.686 Y115.43 E713.20201
G1 X116.31 Y115.43 E713.28499
M204 S10000
G0 F15000 X116.31 Y115.63
G0 X117.341 Y116.338
G1 F2700 E712.78499
;MESH:NONMESH
G0 F600 Z50.2
G0 F15000 X117.019 Y115.661
G0 X117.021 Y114.339
G0 X116.73 Y114.122
;TIME_ELAPSED:1163.175951
;LAYER:250
;note -- min layer time used
M204 S5000
;TYPE:WALL-INNER
;MESH:Stickmaaaaan.obj
G1 F2700 E713.28499
G1 F600 X118.266 Y114.125 E713.33863
G1 X118.266 Y111.51 E713.42995
G1 X116.73 Y111.51 E713.4836
G1 X116.73 Y114.122 E713.57481
M204 S10000
G0 F15000 X116.31 Y114.542
M204 S5000
;TYPE:WALL-OUTER
G1 F600 X118.686 Y114.545 E713.65779
G1 X118.686 Y111.09 E713.77845
G1 X116.31 Y111.09 E713.86143
G1 X116.31 Y114.542 E713.98198
M204 S10000
G0 F15000 X116.51 Y114.542
G0 X117.218 Y113.516
G1 F2700 E713.48198
G0 F15000 X117.023 Y114.316
G0 X117.023 Y115.685
G0 X116.73 Y115.874
M204 S5000
;TYPE:WALL-INNER
G1 F2700 E713.98198
G1 F600 X116.73 Y118.489 E714.07331
G1 X118.266 Y118.486 E714.12695
G1 X118.266 Y115.874 E714.21817
G1 X116.73 Y115.874 E714.27181
M204 S10000
G0 F15000 X116.31 Y115.454
M204 S5000
;TYPE:WALL-OUTER
G1 F600 X116.31 Y118.909 E714.39247
G1 X118.686 Y118.906 E714.47545
G1 X118.686 Y115.454 E714.596
G1 X116.31 Y115.454 E714.67898
M204 S10000
G0 F15000 X116.31 Y115.654
G0 X117.341 Y116.361
G1 F2700 E714.17898
;MESH:NONMESH
G0 F600 Z50.4
G0 F15000 X117.021 Y115.685
G0 X117.023 Y114.316
G0 X116.73 Y114.102
;TIME_ELAPSED:1167.491417
;LAYER:251
;note -- min layer time used
M204 S5000
;TYPE:WALL-INNER
;MESH:Stickmaaaaan.obj
G1 F2700 E714.67898
G1 F600 X118.266 Y114.102 E714.73262
G1 X118.266 Y111.442 E714.82552
G1 X116.73 Y111.442 E714.87916
G1 X116.73 Y114.102 E714.97205
M204 S10000
G0 F15000 X116.31 Y114.522
M204 S5000
;TYPE:WALL-OUTER
G1 F600 X118.686 Y114.522 E715.05503
G1 X118.686 Y111.022 E715.17726
G1 X116.31 Y111.022 E715.26024
G1 X116.31 Y114.522 E715.38247
M204 S10000
G0 F15000 X116.51 Y114.522
G0 X117.218 Y113.494
G1 F2700 E714.88247
G0 F15000 X117.023 Y114.294
G0 X117.023 Y115.707
G0 X116.73 Y115.894
M204 S5000
;TYPE:WALL-INNER
G1 F2700 E715.38247
G1 F600 X116.73 Y118.554 E715.47537
G1 X118.266 Y118.554 E715.52901
G1 X118.266 Y115.894 E715.6219
G1 X116.73 Y115.894 E715.67555
M204 S10000
G0 F15000 X116.31 Y115.474
M204 S5000
;TYPE:WALL-OUTER
G1 F600 X116.31 Y118.974 E715.79778
G1 X118.686 Y118.974 E715.88075
G1 X118.686 Y115.474 E716.00299
G1 X116.31 Y115.474 E716.08596
M204 S10000
G0 F15000 X116.31 Y115.674
G0 X117.341 Y116.383
G1 F2700 E715.58596
;MESH:NONMESH
G0 F600 Z50.6
G0 F15000 X117.021 Y115.707
G0 X117.023 Y114.294
G0 X116.73 Y114.078
;TIME_ELAPSED:1171.844840
;LAYER:252
;note -- min layer time used
M204 S5000
;TYPE:WALL-INNER
;MESH:Stickmaaaaan.obj
G1 F2700 E716.08596
G1 F600 X118.266 Y114.078 E716.13961
G1 X118.266 Y111.375 E716.234
G1 X116.73 Y111.378 E716.28764
G1 X116.73 Y114.078 E716.38194
M204 S10000
G0 F15000 X116.31 Y114.498
M204 S5000
;TYPE:WALL-OUTER
G1 F600 X118.686 Y114.498 E716.46491
G1 X118.686 Y110.955 E716.58865
G1 X116.31 Y110.958 E716.67162
G1 X116.31 Y114.498 E716.79525
M204 S10000
G0 F15000 X116.51 Y114.498
G0 X117.218 Y113.471
G1 F2700 E716.29525
G0 F15000 X117.023 Y114.271
G0 X117.023 Y115.73
G0 X116.73 Y115.918
M204 S5000
;TYPE:WALL-INNER
G1 F2700 E716.79525
G1 F600 X116.73 Y118.622 E716.88968
G1 X118.266 Y118.622 E716.94333
G1 X118.266 Y115.918 E717.03776
G1 X116.73 Y115.918 E717.0914
M204 S10000
G0 F15000 X116.31 Y115.498
M204 S5000
;TYPE:WALL-OUTER
G1 F600 X116.31 Y119.042 E717.21517
G1 X118.686 Y119.042 E717.29815
G1 X118.686 Y115.498 E717.42191
G1 X116.31 Y115.498 E717.50489
M204 S10000
G0 F15000 X116.31 Y115.698
G0 X117.341 Y116.406
G1 F2700 E717.00489
;MESH:NONMESH
G0 F600 Z50.8
G0 F15000 X117.021 Y115.73
G0 X117.023 Y114.271
G0 X116.73 Y114.054
;TIME_ELAPSED:1176.233221
;LAYER:253
;note -- min layer time used
M204 S5000
;TYPE:WALL-INNER
;MESH:Stickmaaaaan.obj
G1 F2700 E717.50489
G1 F600 X118.266 Y114.057 E717.55853
G1 X118.266 Y111.31 E717.65447
G1 X116.73 Y111.31 E717.70811
G1 X116.73 Y114.054 E717.80394
M204 S10000
G0 F15000 X116.31 Y114.474
M204 S5000
;TYPE:WALL-OUTER
G1 F600 X118.686 Y114.477 E717.88692
G1 X118.686 Y110.89 E718.01218
G1 X116.31 Y110.89 E718.09516
G1 X116.31 Y114.474 E718.22033
M204 S10000
G0 F15000 X116.51 Y114.474
G0 X117.218 Y113.448
G1 F2700 E717.72033
G0 F15000 X117.023 Y114.248
G0 X117.023 Y115.753
G0 X116.73 Y115.942
M204 S5000
;TYPE:WALL-INNER
G1 F2700 E718.22033
G1 F600 X116.73 Y118.689 E718.31626
G1 X118.266 Y118.686 E718.3699
G1 X118.266 Y115.942 E718.46573
G1 X116.73 Y115.942 E718.51937
M204 S10000
G0 F15000 X116.31 Y115.522
M204 S5000
;TYPE:WALL-OUTER
G1 F600 X116.31 Y119.109 E718.64464
G1 X118.686 Y119.106 E718.72762
G1 X118.686 Y115.522 E718.85278
G1 X116.31 Y115.522 E718.93576
M204 S10000
G0 F15000 X116.31 Y115.722
G0 X117.341 Y116.429
G1 F2700 E718.43576
;MESH:NONMESH
G0 F600 Z51
G0 F15000 X117.021 Y115.753
G0 X117.023 Y114.248
G0 X116.73 Y114.034
;TIME_ELAPSED:1180.656525
;LAYER:254
;note -- min layer time used
M204 S5000
;TYPE:WALL-INNER
;MESH:Stickmaaaaan.obj
G1 F2700 E718.93576
G1 F600 X118.266 Y114.034 E718.9894
G1 X118.266 Y111.242 E719.08691
G1 X116.73 Y111.242 E719.14055
G1 X116.73 Y114.034 E719.23806
M204 S10000
G0 F15000 X116.31 Y114.454
M204 S5000
;TYPE:WALL-OUTER
G1 F600 X118.686 Y114.454 E719.32103
G1 X118.686 Y110.822 E719.44788
G1 X116.31 Y110.822 E719.53085
G1 X116.31 Y114.454 E719.65769
M204 S10000
G0 F15000 X116.51 Y114.454
G0 X117.218 Y113.426
G1 F2700 E719.15769
G0 F15000 X117.024 Y114.226
G0 X117.024 Y115.775
G0 X116.73 Y115.962
M204 S5000
;TYPE:WALL-INNER
G1 F2700 E719.65769
G1 F600 X116.73 Y118.754 E719.7552
G1 X118.266 Y118.754 E719.80884
G1 X118.266 Y115.962 E719.90635
G1 X116.73 Y115.962 E719.95999
M204 S10000
G0 F15000 X116.31 Y115.542
M204 S5000
;TYPE:WALL-OUTER
G1 F600 X116.31 Y119.174 E720.08683
G1 X118.686 Y119.174 E720.16981
G1 X118.686 Y115.542 E720.29665
G1 X116.31 Y115.542 E720.37962
M204 S10000
G0 F15000 X116.31 Y115.742
G0 X117.341 Y116.451
G1 F2700 E719.87962
;MESH:NONMESH
G0 F600 Z51.2
G0 F15000 X117.021 Y115.775
G0 X117.023 Y114.226
G0 X116.73 Y114.01
;TIME_ELAPSED:1185.117744
;LAYER:255
;note -- min layer time used
M204 S5000
;TYPE:WALL-INNER
;MESH:Stickmaaaaan.obj
G1 F2700 E720.37962
G1 F600 X118.266 Y114.01 E720.43327
G1 X118.266 Y111.175 E720.53227
G1 X116.73 Y111.178 E720.58592
G1 X116.73 Y114.01 E720.68482
M204 S10000
G0 F15000 X116.31 Y114.43
M204 S5000
;TYPE:WALL-OUTER
G1 F600 X118.686 Y114.43 E720.7678
G1 X118.686 Y110.755 E720.89614
G1 X116.31 Y110.758 E720.97912
G1 X116.31 Y114.43 E721.10735
M204 S10000
G0 F15000 X116.51 Y114.43
G0 X117.218 Y113.403
G1 F2700 E720.60735
G0 F15000 X117.024 Y114.203
G0 X117.024 Y115.798
G0 X116.73 Y115.986
M204 S5000
;TYPE:WALL-INNER
G1 F2700 E721.10735
G1 F600 X116.73 Y118.822 E721.2064
G1 X118.266 Y118.822 E721.26004
G1 X118.266 Y115.986 E721.35908
G1 X116.73 Y115.986 E721.41272
M204 S10000
G0 F15000 X116.31 Y115.566
M204 S5000
;TYPE:WALL-OUTER
G1 F600 X116.31 Y119.242 E721.5411
G1 X118.686 Y119.242 E721.62408
G1 X118.686 Y115.566 E721.75245
G1 X116.31 Y115.566 E721.83543
M204 S10000
G0 F15000 X116.31 Y115.766
G0 X117.341 Y116.474
G1 F2700 E721.33543
;MESH:NONMESH
G0 F600 Z51.4
G0 F15000 X117.021 Y115.798
G0 X117.023 Y114.203
G0 X116.73 Y113.986
;TIME_ELAPSED:1189.613889
;LAYER:256
;note -- min layer time used
M204 S5000
;TYPE:WALL-INNER
;MESH:Stickmaaaaan.obj
G1 F2700 E721.83543
G1 F600 X118.266 Y113.989 E721.88907
G1 X118.266 Y111.11 E721.98962
G1 X116.73 Y111.11 E722.04326
G1 X116.73 Y113.986 E722.1437
M204 S10000
G0 F15000 X116.31 Y114.406
M204 S5000
;TYPE:WALL-OUTER
G1 F600 X118.686 Y114.409 E722.22667
G1 X118.686 Y110.69 E722.35655
G1 X116.31 Y110.69 E722.43953
G1 X116.31 Y114.406 E722.56931
M204 S10000
G0 F15000 X116.51 Y114.406
G0 X117.218 Y113.38
G1 F2700 E722.06931
G0 F15000 X117.024 Y114.18
G0 X117.024 Y115.821
G0 X116.73 Y116.01
M204 S5000
;TYPE:WALL-INNER
G1 F2700 E722.56931
G1 F600 X116.73 Y118.889 E722.66985
G1 X118.266 Y118.886 E722.72349
G1 X118.266 Y116.01 E722.82393
G1 X116.73 Y116.01 E722.87757
M204 S10000
G0 F15000 X116.31 Y115.59
M204 S5000
;TYPE:WALL-OUTER
G1 F600 X116.31 Y119.309 E723.00745
G1 X118.686 Y119.306 E723.09043
G1 X118.686 Y115.59 E723.2202
G1 X116.31 Y115.59 E723.30318
M204 S10000
G0 F15000 X116.31 Y115.79
G0 X117.341 Y116.497
G1 F2700 E722.80318
;MESH:NONMESH
G0 F600 Z51.6
G0 F15000 X117.021 Y115.821
G0 X117.023 Y114.18
G0 X116.73 Y113.926
;TIME_ELAPSED:1194.145187
;LAYER:257
;note -- min layer time used
M204 S5000
;TYPE:WALL-INNER
;MESH:Stickmaaaaan.obj
G1 F2700 E723.30318
G1 F600 X118.266 Y113.926 E723.35682
G1 X118.266 Y111.042 E723.45754
G1 X116.73 Y111.042 E723.51118
G1 X116.73 Y113.926 E723.6119
M204 S10000
G0 F15000 X116.31 Y114.346
M204 S5000
;TYPE:WALL-OUTER
G1 F600 X118.686 Y114.346 E723.69488
G1 X118.686 Y110.622 E723.82493
G1 X116.31 Y110.622 E723.90791
G1 X116.31 Y114.346 E724.03796
M204 S10000
G0 F15000 X116.51 Y114.346
G0 X117.218 Y113.318
G1 F2700 E723.53796
G0 F15000 X117.024 Y114.118
G0 X117.022 Y115.882
G0 X116.73 Y116.07
M204 S5000
;TYPE:WALL-INNER
G1 F2700 E724.03796
G1 F600 X116.73 Y118.954 E724.13868
G1 X118.266 Y118.954 E724.19232
G1 X118.266 Y116.07 E724.29304
G1 X116.73 Y116.07 E724.34668
M204 S10000
G0 F15000 X116.31 Y115.65
M204 S5000
;TYPE:WALL-OUTER
G1 F600 X116.31 Y119.374 E724.47674
G1 X118.686 Y119.374 E724.55972
G1 X118.686 Y115.65 E724.68977
G1 X116.31 Y115.65 E724.77275
M204 S10000
G0 F15000 X116.31 Y115.85
G0 X117.341 Y116.559
G1 F2700 E724.27275
;MESH:NONMESH
G0 F600 Z51.8
G0 F15000 X117.018 Y115.882
G0 X117.02 Y114.118
G0 X116.73 Y113.858
;TIME_ELAPSED:1198.683549
;LAYER:258
;note -- min layer time used
M204 S5000
;TYPE:WALL-INNER
;MESH:Stickmaaaaan.obj
G1 F2700 E724.77275
G1 F600 X118.266 Y113.858 E724.82639
G1 X118.266 Y110.974 E724.92711
G1 X116.73 Y110.974 E724.98075
G1 X116.73 Y113.858 E725.08147
M204 S10000
G0 F15000 X116.31 Y114.278
M204 S5000
;TYPE:WALL-OUTER
G1 F600 X118.686 Y114.278 E725.16444
G1 X118.686 Y110.554 E725.2945
G1 X116.31 Y110.554 E725.37748
G1 X116.31 Y114.278 E725.50753
M204 S10000
G0 F15000 X116.51 Y114.278
G0 X117.218 Y113.251
G1 F2700 E725.00753
G0 F15000 X117.024 Y114.051
G0 X117.022 Y115.949
G0 X116.73 Y116.138
M204 S5000
;TYPE:WALL-INNER
G1 F2700 E725.50753
G1 F600 X116.73 Y119.022 E725.60825
G1 X118.266 Y119.022 E725.66189
G1 X118.266 Y116.138 E725.76261
G1 X116.73 Y116.138 E725.81625
M204 S10000
G0 F15000 X116.31 Y115.718
M204 S5000
;TYPE:WALL-OUTER
G1 F600 X116.31 Y119.442 E725.9463
G1 X118.686 Y119.442 E726.02928
G1 X118.686 Y115.718 E726.15934
G1 X116.31 Y115.718 E726.24231
M204 S10000
G0 F15000 X116.31 Y115.918
G0 X117.341 Y116.626
G1 F2700 E725.74231
;MESH:NONMESH
G0 F600 Z52
G0 F15000 X117.018 Y115.949
G0 X117.02 Y114.051
G0 X116.73 Y113.794
;TIME_ELAPSED:1203.223844
;LAYER:259
;note -- min layer time used
M204 S5000
;TYPE:WALL-INNER
;MESH:Stickmaaaaan.obj
G1 F2700 E726.24231
G1 F600 X118.266 Y113.794 E726.29595
G1 X118.266 Y110.91 E726.39667
G1 X116.73 Y110.91 E726.45031
G1 X116.73 Y113.794 E726.55103
M204 S10000
G0 F15000 X116.31 Y114.214
M204 S5000
;TYPE:WALL-OUTER
G1 F600 X118.686 Y114.214 E726.63401
G1 X118.686 Y110.49 E726.76406
G1 X116.31 Y110.49 E726.84704
G1 X116.31 Y114.214 E726.9771
M204 S10000
G0 F15000 X116.51 Y114.214
G0 X117.218 Y113.185
G1 F2700 E726.4771
G0 F15000 X117.024 Y113.985
G0 X117.021 Y116.015
G0 X116.73 Y116.203
M204 S5000
;TYPE:WALL-INNER
G1 F2700 E726.9771
G1 F600 X116.73 Y119.09 E727.07792
G1 X118.266 Y119.09 E727.13156
G1 X118.266 Y116.206 E727.23228
G1 X116.73 Y116.203 E727.28592
M204 S10000
G0 F15000 X116.31 Y115.783
M204 S5000
;TYPE:WALL-OUTER
G1 F600 X116.31 Y119.51 E727.41608
G1 X118.686 Y119.51 E727.49906
G1 X118.686 Y115.786 E727.62911
G1 X116.31 Y115.783 E727.71209
M204 S10000
G0 F15000 X116.31 Y115.983
G0 X117.341 Y116.692
G1 F2700 E727.21209
;MESH:NONMESH
G0 F600 Z52.2
G0 F15000 X117.018 Y116.015
G0 X117.021 Y113.985
G0 X116.73 Y113.726
;TIME_ELAPSED:1207.766624
;LAYER:260
;note -- min layer time used
M204 S5000
;TYPE:WALL-INNER
;MESH:Stickmaaaaan.obj
G1 F2700 E727.71209
G1 F600 X118.266 Y113.726 E727.76573
G1 X118.266 Y110.842 E727.86645
G1 X116.73 Y110.842 E727.92009
G1 X116.73 Y113.726 E728.02081
M204 S10000
G0 F15000 X116.31 Y114.146
M204 S5000
;TYPE:WALL-OUTER
G1 F600 X118.686 Y114.146 E728.10379
G1 X118.686 Y110.422 E728.23384
G1 X116.31 Y110.422 E728.31682
G1 X116.31 Y114.146 E728.44687
M204 S10000
G0 F15000 X116.51 Y114.146
G0 X117.218 Y113.118
G1 F2700 E727.94687
G0 F15000 X117.024 Y113.918
G0 X117.021 Y116.082
G0 X116.73 Y116.27
M204 S5000
;TYPE:WALL-INNER
G1 F2700 E728.44687
G1 F600 X116.73 Y119.154 E728.54759
G1 X118.266 Y119.154 E728.60123
G1 X118.266 Y116.27 E728.70195
G1 X116.73 Y116.27 E728.75559
M204 S10000
G0 F15000 X116.31 Y115.85
M204 S5000
;TYPE:WALL-OUTER
G1 F600 X116.31 Y119.574 E728.88565
G1 X118.686 Y119.574 E728.96862
G1 X118.686 Y115.85 E729.09868
G1 X116.31 Y115.85 E729.18165
M204 S10000
G0 F15000 X116.31 Y116.05
G0 X117.341 Y116.759
G1 F2700 E728.68165
;MESH:NONMESH
G0 F600 Z52.4
G0 F15000 X117.018 Y116.082
G0 X117.021 Y113.918
G0 X116.73 Y113.658
;TIME_ELAPSED:1212.310639
;LAYER:261
;note -- min layer time used
M204 S5000
;TYPE:WALL-INNER
;MESH:Stickmaaaaan.obj
G1 F2700 E729.18165
G1 F600 X118.266 Y113.658 E729.2353
G1 X118.266 Y110.774 E729.33601
G1 X116.73 Y110.774 E729.38966
G1 X116.73 Y113.658 E729.49037
M204 S10000
G0 F15000 X116.31 Y114.078
M204 S5000
;TYPE:WALL-OUTER
G1 F600 X118.686 Y114.078 E729.57335
G1 X118.686 Y110.354 E729.70341
G1 X116.31 Y110.354 E729.78638
G1 X116.31 Y114.078 E729.91644
M204 S10000
G0 F15000 X116.51 Y114.078
G0 X117.218 Y113.051
G1 F2700 E729.41644
G0 F15000 X117.024 Y113.851
G0 X117.021 Y116.149
G0 X116.73 Y116.338
M204 S5000
;TYPE:WALL-INNER
G1 F2700 E729.91644
G1 F600 X116.73 Y119.222 E730.01716
G1 X118.266 Y119.222 E730.0708
G1 X118.266 Y116.338 E730.17152
G1 X116.73 Y116.338 E730.22516
M204 S10000
G0 F15000 X116.31 Y115.918
M204 S5000
;TYPE:WALL-OUTER
G1 F600 X116.31 Y119.642 E730.35521
G1 X118.686 Y119.642 E730.43819
G1 X118.686 Y115.918 E730.56824
G1 X116.31 Y115.918 E730.65122
M204 S10000
G0 F15000 X116.31 Y116.118
G0 X117.341 Y116.826
G1 F2700 E730.15122
;MESH:NONMESH
G0 F600 Z52.6
G0 F15000 X117.018 Y116.149
G0 X117.021 Y113.851
G0 X116.73 Y113.594
;TIME_ELAPSED:1216.856405
;LAYER:262
;note -- min layer time used
M204 S5000
;TYPE:WALL-INNER
;MESH:Stickmaaaaan.obj
G1 F2700 E730.65122
G1 F600 X118.266 Y113.594 E730.70486
G1 X118.266 Y110.71 E730.80558
G1 X116.73 Y110.71 E730.85922
G1 X116.73 Y113.594 E730.95994
M204 S10000
G0 F15000 X116.31 Y114.014
M204 S5000
;TYPE:WALL-OUTER
G1 F600 X118.686 Y114.014 E731.04292
G1 X118.686 Y110.29 E731.17297
G1 X116.31 Y110.29 E731.25595
G1 X116.31 Y114.014 E731.386
M204 S10000
G0 F15000 X116.51 Y114.014
G0 X117.218 Y112.985
G1 F2700 E730.886
G0 F15000 X117.024 Y113.785
G0 X117.021 Y116.215
G0 X116.73 Y116.403
M204 S5000
;TYPE:WALL-INNER
G1 F2700 E731.386
G1 F600 X116.73 Y119.29 E731.48683
G1 X118.266 Y119.29 E731.54047
G1 X118.266 Y116.406 E731.64119
G1 X116.73 Y116.403 E731.69483
M204 S10000
G0 F15000 X116.31 Y115.983
M204 S5000
;TYPE:WALL-OUTER
G1 F600 X116.31 Y119.71 E731.82499
G1 X118.686 Y119.71 E731.90796
G1 X118.686 Y115.986 E732.03802
G1 X116.31 Y115.983 E732.121
M204 S10000
G0 F15000 X116.31 Y116.183
G0 X117.341 Y116.892
G1 F2700 E731.621
;MESH:NONMESH
G0 F600 Z52.8
G0 F15000 X117.018 Y116.215
G0 X117.021 Y113.785
G0 X116.73 Y113.526
;TIME_ELAPSED:1221.404502
;LAYER:263
;note -- min layer time used
M204 S5000
;TYPE:WALL-INNER
;MESH:Stickmaaaaan.obj
G1 F2700 E732.121
G1 F600 X118.266 Y113.526 E732.17464
G1 X118.266 Y110.642 E732.27536
G1 X116.73 Y110.642 E732.329
G1 X116.73 Y113.526 E732.42972
M204 S10000
G0 F15000 X116.31 Y113.946
M204 S5000
;TYPE:WALL-OUTER
G1 F600 X118.686 Y113.946 E732.51269
G1 X118.686 Y110.222 E732.64275
G1 X116.31 Y110.222 E732.72572
G1 X116.31 Y113.946 E732.85578
M204 S10000
G0 F15000 X116.51 Y113.946
G0 X117.218 Y112.918
G1 F2700 E732.35578
G0 F15000 X117.024 Y113.718
G0 X117.024 Y114.823
G0 X117.021 Y116.282
G0 X116.73 Y116.47
M204 S5000
;TYPE:WALL-INNER
G1 F2700 E732.85578
G1 F600 X116.73 Y119.354 E732.9565
G1 X118.266 Y119.354 E733.01014
G1 X118.266 Y116.47 E733.11086
G1 X116.73 Y116.47 E733.1645
M204 S10000
G0 F15000 X116.31 Y116.05
M204 S5000
;TYPE:WALL-OUTER
G1 F600 X116.31 Y119.774 E733.29455
G1 X118.686 Y119.774 E733.37753
G1 X118.686 Y116.05 E733.50758
G1 X116.31 Y116.05 E733.59056
M204 S10000
G0 F15000 X116.31 Y116.25
G0 X117.341 Y116.959
G1 F2700 E733.09056
;MESH:NONMESH
G0 F600 Z53
G0 F15000 X117.018 Y116.282
G0 X117.018 Y115.177
G0 X117.021 Y113.718
G0 X116.73 Y113.458
;TIME_ELAPSED:1225.953699
;LAYER:264
;note -- min layer time used
M204 S5000
;TYPE:WALL-INNER
;MESH:Stickmaaaaan.obj
G1 F2700 E733.59056
G1 F600 X118.266 Y113.458 E733.6442
G1 X118.266 Y110.574 E733.74492
G1 X116.73 Y110.574 E733.79856
G1 X116.73 Y113.458 E733.89928
M204 S10000
G0 F15000 X116.31 Y113.878
M204 S5000
;TYPE:WALL-OUTER
G1 F600 X118.686 Y113.878 E733.98226
G1 X118.686 Y110.154 E734.11231
G1 X116.31 Y110.154 E734.19529
G1 X116.31 Y113.878 E734.32534
M204 S10000
G0 F15000 X116.51 Y113.878
G0 X117.218 Y112.851
G1 F2700 E733.82534
G0 F15000 X117.024 Y113.651
G0 X117.024 Y114.756
G0 X117.021 Y116.349
G0 X116.73 Y116.538
M204 S5000
;TYPE:WALL-INNER
G1 F2700 E734.32534
G1 F600 X116.73 Y119.422 E734.42606
G1 X118.266 Y119.422 E734.4797
G1 X118.266 Y116.538 E734.58042
G1 X116.73 Y116.538 E734.63406
M204 S10000
G0 F15000 X116.31 Y116.118
M204 S5000
;TYPE:WALL-OUTER
G1 F600 X116.31 Y119.842 E734.76412
G1 X118.686 Y119.842 E734.8471
G1 X118.686 Y116.118 E734.97715
G1 X116.31 Y116.118 E735.06013
M204 S10000
G0 F15000 X116.31 Y116.318
G0 X117.341 Y117.026
G1 F2700 E734.56013
;MESH:NONMESH
G0 F600 Z53.2
G0 F15000 X117.018 Y116.349
G0 X117.018 Y115.244
G0 X117.021 Y113.651
G0 X116.73 Y113.394
;TIME_ELAPSED:1230.504509
;LAYER:265
;note -- min layer time used
M204 S5000
;TYPE:WALL-INNER
;MESH:Stickmaaaaan.obj
G1 F2700 E735.06013
G1 F600 X118.266 Y113.394 E735.11377
G1 X118.266 Y110.51 E735.21449
G1 X116.73 Y110.51 E735.26813
G1 X116.73 Y113.394 E735.36885
M204 S10000
G0 F15000 X116.31 Y113.814
M204 S5000
;TYPE:WALL-OUTER
G1 F600 X118.686 Y113.814 E735.45182
G1 X118.686 Y110.09 E735.58188
G1 X116.31 Y110.09 E735.66486
G1 X116.31 Y113.814 E735.79491
M204 S10000
G0 F15000 X116.51 Y113.814
G0 X117.218 Y112.785
G1 F2700 E735.29491
G0 F15000 X117.024 Y113.585
G0 X117.024 Y114.69
G0 X117.021 Y115.31
G0 X117.021 Y116.415
G0 X116.73 Y116.603
M204 S5000
;TYPE:WALL-INNER
G1 F2700 E735.79491
G1 F600 X116.73 Y119.49 E735.89573
G1 X118.266 Y119.49 E735.94937
G1 X118.266 Y116.606 E736.05009
G1 X116.73 Y116.603 E736.10374
M204 S10000
G0 F15000 X116.31 Y116.183
M204 S5000
;TYPE:WALL-OUTER
G1 F600 X116.31 Y119.91 E736.23389
G1 X118.686 Y119.91 E736.31687
G1 X118.686 Y116.186 E736.44692
G1 X116.31 Y116.183 E736.5299
M204 S10000
G0 F15000 X116.31 Y116.383
G0 X117.341 Y117.092
G1 F2700 E736.0299
;MESH:NONMESH
G0 F600 Z53.4
G0 F15000 X117.018 Y116.415
G0 X117.018 Y115.31
G0 X117.021 Y114.69
G0 X117.021 Y113.585
G0 X116.73 Y113.326
;TIME_ELAPSED:1235.057521
;LAYER:266
;note -- min layer time used
M204 S5000
;TYPE:WALL-INNER
;MESH:Stickmaaaaan.obj
G1 F2700 E736.5299
G1 F600 X118.266 Y113.326 E736.58354
G1 X118.266 Y110.442 E736.68426
G1 X116.73 Y110.442 E736.7379
G1 X116.73 Y113.326 E736.83862
M204 S10000
G0 F15000 X116.31 Y113.746
M204 S5000
;TYPE:WALL-OUTER
G1 F600 X118.686 Y113.746 E736.9216
G1 X118.686 Y110.022 E737.05165
G1 X116.31 Y110.022 E737.13463
G1 X116.31 Y113.746 E737.26469
M204 S10000
G0 F15000 X116.51 Y113.746
G0 X117.218 Y112.718
G1 F2700 E736.76469
G0 F15000 X117.024 Y113.518
G0 X117.024 Y114.623
G0 X117.021 Y115.377
G0 X117.021 Y116.482
G0 X116.73 Y116.67
M204 S5000
;TYPE:WALL-INNER
G1 F2700 E737.26469
G1 F600 X116.73 Y119.554 E737.3654
G1 X118.266 Y119.554 E737.41905
G1 X118.266 Y116.67 E737.51976
G1 X116.73 Y116.67 E737.57341
M204 S10000
G0 F15000 X116.31 Y116.25
M204 S5000
;TYPE:WALL-OUTER
G1 F600 X116.31 Y119.974 E737.70346
G1 X118.686 Y119.974 E737.78644
G1 X118.686 Y116.25 E737.91649
G1 X116.31 Y116.25 E737.99947
M204 S10000
G0 F15000 X116.31 Y116.45
G0 X117.341 Y117.159
G1 F2700 E737.49947
;MESH:NONMESH
G0 F600 Z53.6
G0 F15000 X117.018 Y116.482
G0 X117.018 Y115.377
G0 X117.021 Y114.623
G0 X117.021 Y113.518
G0 X116.73 Y113.258
;TIME_ELAPSED:1239.611497
;LAYER:267
;note -- min layer time used
M204 S5000
;TYPE:WALL-INNER
;MESH:Stickmaaaaan.obj
G1 F2700 E737.99947
G1 F600 X118.266 Y113.258 E738.05311
G1 X118.266 Y110.375 E738.15379
G1 X116.73 Y110.378 E738.20744
G1 X116.73 Y113.258 E738.30801
M204 S10000
G0 F15000 X116.31 Y113.678
M204 S5000
;TYPE:WALL-OUTER
G1 F600 X118.686 Y113.678 E738.39099
G1 X118.686 Y109.955 E738.52101
G1 X116.31 Y109.958 E738.60399
G1 X116.31 Y113.678 E738.7339
M204 S10000
G0 F15000 X116.51 Y113.678
G0 X117.218 Y112.651
G1 F2700 E738.2339
G0 F15000 X117.024 Y113.451
G0 X117.024 Y114.556
G0 X117.024 Y115.445
G0 X117.024 Y116.55
G0 X116.73 Y116.738
M204 S5000
;TYPE:WALL-INNER
G1 F2700 E738.7339
G1 F600 X116.73 Y119.622 E738.83462
G1 X118.266 Y119.622 E738.88826
G1 X118.266 Y116.738 E738.98898
G1 X116.73 Y116.738 E739.04262
M204 S10000
G0 F15000 X116.31 Y116.318
M204 S5000
;TYPE:WALL-OUTER
G1 F600 X116.31 Y120.042 E739.17268
G1 X118.686 Y120.042 E739.25565
G1 X118.686 Y116.318 E739.38571
G1 X116.31 Y116.318 E739.46868
M204 S10000
G0 F15000 X116.31 Y116.518
G0 X117.341 Y117.226
G1 F2700 E738.96868
;MESH:NONMESH
G0 F600 Z53.8
G0 F15000 X117.021 Y116.55
G0 X117.021 Y115.445
G0 X117.024 Y114.556
G0 X117.024 Y113.451
G0 X116.73 Y113.194
;TIME_ELAPSED:1244.166029
;LAYER:268
;note -- min layer time used
M204 S5000
;TYPE:WALL-INNER
;MESH:Stickmaaaaan.obj
G1 F2700 E739.46868
G1 F600 X118.266 Y113.194 E739.52233
G1 X118.266 Y110.31 E739.62305
G1 X116.73 Y110.31 E739.67669
G1 X116.73 Y113.194 E739.77741
M204 S10000
G0 F15000 X116.31 Y113.614
M204 S5000
;TYPE:WALL-OUTER
G1 F600 X118.686 Y113.614 E739.86038
G1 X118.686 Y109.89 E739.99044
G1 X116.31 Y109.89 E740.07341
G1 X116.31 Y113.614 E740.20347
M204 S10000
G0 F15000 X116.51 Y113.614
G0 X117.218 Y112.585
G1 F2700 E739.70347
G0 F15000 X117.024 Y113.385
G0 X117.024 Y114.49
G0 X117.024 Y115.511
G0 X117.024 Y116.616
G0 X116.73 Y116.806
M204 S5000
;TYPE:WALL-INNER
G1 F2700 E740.20347
G1 F600 X116.73 Y119.689 E740.30415
G1 X118.266 Y119.686 E740.35779
G1 X118.266 Y116.806 E740.45837
G1 X116.73 Y116.806 E740.51201
M204 S10000
G0 F15000 X116.31 Y116.386
M204 S5000
;TYPE:WALL-OUTER
G1 F600 X116.31 Y120.109 E740.64203
G1 X118.686 Y120.106 E740.72501
G1 X118.686 Y116.386 E740.85492
G1 X116.31 Y116.386 E740.9379
M204 S10000
G0 F15000 X116.31 Y116.586
G0 X117.341 Y117.292
G1 F2700 E740.4379
;MESH:NONMESH
G0 F600 Z54
G0 F15000 X117.021 Y116.616
G0 X117.021 Y115.511
G0 X117.024 Y114.49
G0 X117.024 Y113.385
G0 X116.73 Y113.126
;TIME_ELAPSED:1248.722070
;LAYER:269
;note -- min layer time used
M204 S5000
;TYPE:WALL-INNER
;MESH:Stickmaaaaan.obj
G1 F2700 E740.9379
G1 F600 X118.266 Y113.126 E740.99154
G1 X118.266 Y110.242 E741.09226
G1 X116.73 Y110.242 E741.1459
G1 X116.73 Y113.126 E741.24662
M204 S10000
G0 F15000 X116.31 Y113.546
M204 S5000
;TYPE:WALL-OUTER
G1 F600 X118.686 Y113.546 E741.3296
G1 X118.686 Y109.822 E741.45965
G1 X116.31 Y109.822 E741.54263
G1 X116.31 Y113.546 E741.67268
M204 S10000
G0 F15000 X116.51 Y113.546
G0 X117.218 Y112.518
G1 F2700 E741.17268
G0 F15000 X117.024 Y113.318
G0 X117.024 Y114.423
G0 X117.024 Y115.578
G0 X117.024 Y116.683
G0 X116.73 Y116.87
M204 S5000
;TYPE:WALL-INNER
G1 F2700 E741.67268
G1 F600 X116.73 Y119.754 E741.7734
G1 X118.266 Y119.754 E741.82704
G1 X118.266 Y116.87 E741.92776
G1 X116.73 Y116.87 E741.9814
M204 S10000
G0 F15000 X116.31 Y116.45
M204 S5000
;TYPE:WALL-OUTER
G1 F600 X116.31 Y120.174 E742.11146
G1 X118.686 Y120.174 E742.19444
G1 X118.686 Y116.45 E742.32449
G1 X116.31 Y116.45 E742.40747
M204 S10000
G0 F15000 X116.31 Y116.65
G0 X117.341 Y117.359
G1 F2700 E741.90747
;MESH:NONMESH
G0 F600 Z54.2
G0 F15000 X117.021 Y116.683
G0 X117.021 Y115.578
G0 X117.024 Y114.423
G0 X117.024 Y113.318
G0 X116.73 Y113.058
;TIME_ELAPSED:1253.280570
;LAYER:270
;note -- min layer time used
M204 S5000
;TYPE:WALL-INNER
;MESH:Stickmaaaaan.obj
G1 F2700 E742.40747
G1 F600 X118.266 Y113.058 E742.46111
G1 X118.266 Y110.175 E742.56179
G1 X116.73 Y110.178 E742.61543
G1 X116.73 Y113.058 E742.71601
M204 S10000
G0 F15000 X116.31 Y113.478
M204 S5000
;TYPE:WALL-OUTER
G1 F600 X118.686 Y113.478 E742.79899
G1 X118.686 Y109.755 E742.92901
G1 X116.31 Y109.758 E743.01199
G1 X116.31 Y113.478 E743.1419
M204 S10000
G0 F15000 X116.51 Y113.478
G0 X117.218 Y112.451
G1 F2700 E742.6419
G0 F15000 X117.025 Y113.251
G0 X117.025 Y114.356
G0 X117.025 Y115.645
G0 X117.025 Y116.75
G0 X116.73 Y116.938
M204 S5000
;TYPE:WALL-INNER
G1 F2700 E743.1419
G1 F600 X116.73 Y119.822 E743.24262
G1 X118.266 Y119.822 E743.29626
G1 X118.266 Y116.938 E743.39698
G1 X116.73 Y116.938 E743.45062
M204 S10000
G0 F15000 X116.31 Y116.518
M204 S5000
;TYPE:WALL-OUTER
G1 F600 X116.31 Y120.242 E743.58068
G1 X118.686 Y120.242 E743.66365
G1 X118.686 Y116.518 E743.79371
G1 X116.31 Y116.518 E743.87668
M204 S10000
G0 F15000 X116.31 Y116.718
G0 X117.341 Y117.426
G1 F2700 E743.37668
;MESH:NONMESH
G0 F600 Z54.4
G0 F15000 X117.021 Y116.75
G0 X117.021 Y115.645
G0 X117.024 Y114.356
G0 X117.024 Y113.251
G0 X116.73 Y112.994
;TIME_ELAPSED:1257.839472
;LAYER:271
;note -- min layer time used
M204 S5000
;TYPE:WALL-INNER
;MESH:Stickmaaaaan.obj
G1 F2700 E743.87668
G1 F600 X118.266 Y112.994 E743.93033
G1 X118.266 Y110.11 E744.03104
G1 X116.73 Y110.11 E744.08469
G1 X116.73 Y112.994 E744.1854
M204 S10000
G0 F15000 X116.31 Y113.414
M204 S5000
;TYPE:WALL-OUTER
G1 F600 X118.686 Y113.414 E744.26838
G1 X118.686 Y109.69 E744.39844
G1 X116.31 Y109.69 E744.48141
G1 X116.31 Y113.414 E744.61147
M204 S10000
G0 F15000 X116.51 Y113.414
G0 X117.218 Y112.385
G1 F2700 E744.11147
G0 F15000 X117.025 Y113.185
G0 X117.025 Y114.29
G0 X117.025 Y115.711
G0 X117.025 Y116.816
G0 X116.73 Y117.006
M204 S5000
;TYPE:WALL-INNER
G1 F2700 E744.61147
G1 F600 X116.73 Y119.889 E744.71215
G1 X118.266 Y119.886 E744.76579
G1 X118.266 Y117.006 E744.86637
G1 X116.73 Y117.006 E744.92001
M204 S10000
G0 F15000 X116.31 Y116.586
M204 S5000
;TYPE:WALL-OUTER
G1 F600 X116.31 Y120.309 E745.05003
G1 X118.686 Y120.306 E745.13301
G1 X118.686 Y116.586 E745.26292
G1 X116.31 Y116.586 E745.3459
M204 S10000
G0 F15000 X116.31 Y116.786
G0 X117.341 Y117.492
G1 F2700 E744.8459
;MESH:NONMESH
G0 F600 Z54.6
G0 F15000 X117.021 Y116.816
G0 X117.021 Y115.711
G0 X117.024 Y114.29
G0 X117.024 Y113.185
G0 X116.73 Y112.926
;TIME_ELAPSED:1262.399797
;LAYER:272
;note -- min layer time used
M204 S5000
;TYPE:WALL-INNER
;MESH:Stickmaaaaan.obj
G1 F2700 E745.3459
G1 F600 X118.266 Y112.926 E745.39954
G1 X118.266 Y110.042 E745.50026
G1 X116.73 Y110.042 E745.5539
G1 X116.73 Y112.926 E745.65462
M204 S10000
G0 F15000 X116.31 Y113.346
M204 S5000
;TYPE:WALL-OUTER
G1 F600 X118.686 Y113.346 E745.7376
G1 X118.686 Y109.622 E745.86765
G1 X116.31 Y109.622 E745.95063
G1 X116.31 Y113.346 E746.08068
M204 S10000
G0 F15000 X116.51 Y113.346
G0 X117.218 Y112.318
G1 F2700 E745.58068
G0 F15000 X117.025 Y113.118
G0 X117.025 Y114.223
G0 X117.025 Y115.778
G0 X117.025 Y116.883
G0 X116.73 Y117.07
M204 S5000
;TYPE:WALL-INNER
G1 F2700 E746.08068
G1 F600 X116.73 Y119.954 E746.1814
G1 X118.266 Y119.954 E746.23504
G1 X118.266 Y117.07 E746.33576
G1 X116.73 Y117.07 E746.3894
M204 S10000
G0 F15000 X116.31 Y116.65
M204 S5000
;TYPE:WALL-OUTER
G1 F600 X116.31 Y120.374 E746.51946
G1 X118.686 Y120.374 E746.60244
G1 X118.686 Y116.65 E746.73249
G1 X116.31 Y116.65 E746.81547
M204 S10000
G0 F15000 X116.31 Y116.85
G0 X117.341 Y117.559
G1 F2700 E746.31547
;MESH:NONMESH
G0 F600 Z54.8
G0 F15000 X117.021 Y116.883
G0 X117.021 Y115.778
G0 X117.024 Y114.223
G0 X117.024 Y113.118
G0 X116.73 Y112.858
;TIME_ELAPSED:1266.962502
;LAYER:273
;note -- min layer time used
M204 S5000
;TYPE:WALL-INNER
;MESH:Stickmaaaaan.obj
G1 F2700 E746.81547
G1 F600 X118.266 Y112.858 E746.86911
G1 X118.266 Y109.974 E746.96983
G1 X116.73 Y109.974 E747.02347
G1 X116.73 Y112.858 E747.12419
M204 S10000
G0 F15000 X116.31 Y113.278
M204 S5000
;TYPE:WALL-OUTER
G1 F600 X118.686 Y113.278 E747.20716
G1 X118.686 Y109.554 E747.33722
G1 X116.31 Y109.554 E747.4202
G1 X116.31 Y113.278 E747.55025
M204 S10000
G0 F15000 X116.51 Y113.278
G0 X117.218 Y112.251
G1 F2700 E747.05025
G0 F15000 X117.025 Y113.051
G0 X117.025 Y114.156
G0 X117.022 Y115.844
G0 X117.022 Y116.949
G0 X116.73 Y117.138
M204 S5000
;TYPE:WALL-INNER
G1 F2700 E747.55025
G1 F600 X116.73 Y120.022 E747.65097
G1 X118.266 Y120.022 E747.70461
G1 X118.266 Y117.138 E747.80533
G1 X116.73 Y117.138 E747.85897
M204 S10000
G0 F15000 X116.31 Y116.718
M204 S5000
;TYPE:WALL-OUTER
G1 F600 X116.31 Y120.442 E747.98902
G1 X118.686 Y120.442 E748.072
G1 X118.686 Y116.718 E748.20206
G1 X116.31 Y116.718 E748.28503
M204 S10000
G0 F15000 X116.31 Y116.918
G0 X117.341 Y117.626
G1 F2700 E747.78503
;MESH:NONMESH
G0 F600 Z55
G0 F15000 X117.017 Y116.949
G0 X117.017 Y115.844
G0 X117.02 Y114.156
G0 X117.02 Y113.051
G0 X116.73 Y112.794
;TIME_ELAPSED:1271.526486
;LAYER:274
;note -- min layer time used
M204 S5000
;TYPE:WALL-INNER
;MESH:Stickmaaaaan.obj
G1 F2700 E748.28503
G1 F600 X118.266 Y112.794 E748.33867
G1 X118.266 Y109.91 E748.43939
G1 X116.73 Y109.91 E748.49303
G1 X116.73 Y112.794 E748.59375
M204 S10000
G0 F15000 X116.31 Y113.214
M204 S5000
;TYPE:WALL-OUTER
G1 F600 X118.686 Y113.214 E748.67673
G1 X118.686 Y109.49 E748.80678
G1 X116.31 Y109.49 E748.88976
G1 X116.31 Y113.214 E749.01982
M204 S10000
G0 F15000 X116.51 Y113.214
G0 X117.218 Y112.185
G1 F2700 E748.51982
G0 F15000 X117.025 Y112.985
G0 X117.025 Y114.09
G0 X117.021 Y115.91
G0 X117.021 Y117.015
G0 X116.73 Y117.203
M204 S5000
;TYPE:WALL-INNER
G1 F2700 E749.01982
G1 F600 X116.73 Y120.09 E749.12064
G1 X118.266 Y120.09 E749.17428
G1 X118.266 Y117.206 E749.275
G1 X116.73 Y117.203 E749.32864
M204 S10000
G0 F15000 X116.31 Y116.783
M204 S5000
;TYPE:WALL-OUTER
G1 F600 X116.31 Y120.51 E749.4588
G1 X118.686 Y120.51 E749.54178
G1 X118.686 Y116.786 E749.67183
G1 X116.31 Y116.783 E749.75481
M204 S10000
G0 F15000 X116.31 Y116.983
G0 X117.341 Y117.692
G1 F2700 E749.25481
;MESH:NONMESH
G0 F600 Z55.2
G0 F15000 X117.017 Y117.015
G0 X117.017 Y115.91
G0 X117.021 Y114.09
G0 X117.021 Y112.985
G0 X116.73 Y112.726
;TIME_ELAPSED:1276.092415
;LAYER:275
;note -- min layer time used
M204 S5000
;TYPE:WALL-INNER
;MESH:Stickmaaaaan.obj
G1 F2700 E749.75481
G1 F600 X118.266 Y112.726 E749.80845
G1 X118.266 Y109.842 E749.90917
G1 X116.73 Y109.842 E749.96281
G1 X116.73 Y112.726 E750.06353
M204 S10000
G0 F15000 X116.31 Y113.146
M204 S5000
;TYPE:WALL-OUTER
G1 F600 X118.686 Y113.146 E750.14651
G1 X118.686 Y109.422 E750.27656
G1 X116.31 Y109.422 E750.35954
G1 X116.31 Y113.146 E750.48959
M204 S10000
G0 F15000 X116.51 Y113.146
G0 X117.218 Y112.118
G1 F2700 E749.98959
G0 F15000 X117.025 Y112.918
G0 X117.025 Y114.023
G0 X117.021 Y115.977
G0 X117.021 Y117.082
G0 X116.73 Y117.27
M204 S5000
;TYPE:WALL-INNER
G1 F2700 E750.48959
G1 F600 X116.73 Y120.154 E750.59031
G1 X118.266 Y120.154 E750.64395
G1 X118.266 Y117.27 E750.74467
G1 X116.73 Y117.27 E750.79831
M204 S10000
G0 F15000 X116.31 Y116.85
M204 S5000
;TYPE:WALL-OUTER
G1 F600 X116.31 Y120.574 E750.92837
G1 X118.686 Y120.574 E751.01134
G1 X118.686 Y116.85 E751.1414
G1 X116.31 Y116.85 E751.22437
M204 S10000
G0 F15000 X116.31 Y117.05
G0 X117.341 Y117.759
G1 F2700 E750.72437
;MESH:NONMESH
G0 F600 Z55.4
G0 F15000 X117.017 Y117.082
G0 X117.017 Y115.977
G0 X117.021 Y114.023
G0 X117.021 Y112.918
G0 X116.73 Y112.658
;TIME_ELAPSED:1280.659062
;LAYER:276
;note -- min layer time used
M204 S5000
;TYPE:WALL-INNER
;MESH:Stickmaaaaan.obj
G1 F2700 E751.22437
G1 F600 X118.266 Y112.658 E751.27802
G1 X118.266 Y109.774 E751.37873
G1 X116.73 Y109.774 E751.43238
G1 X116.73 Y112.658 E751.53309
M204 S10000
G0 F15000 X116.31 Y113.078
M204 S5000
;TYPE:WALL-OUTER
G1 F600 X118.686 Y113.078 E751.61607
G1 X118.686 Y109.354 E751.74613
G1 X116.31 Y109.354 E751.8291
G1 X116.31 Y113.078 E751.95916
M204 S10000
G0 F15000 X116.51 Y113.078
G0 X117.218 Y112.051
G1 F2700 E751.45916
G0 F15000 X117.025 Y112.851
G0 X117.025 Y113.956
G0 X117.021 Y116.044
G0 X117.021 Y117.149
G0 X116.73 Y117.338
M204 S5000
;TYPE:WALL-INNER
G1 F2700 E751.95916
G1 F600 X116.73 Y120.222 E752.05987
G1 X118.266 Y120.222 E752.11352
G1 X118.266 Y117.338 E752.21424
G1 X116.73 Y117.338 E752.26788
M204 S10000
G0 F15000 X116.31 Y116.918
M204 S5000
;TYPE:WALL-OUTER
G1 F600 X116.31 Y120.642 E752.39793
G1 X118.686 Y120.642 E752.48091
G1 X118.686 Y116.918 E752.61096
G1 X116.31 Y116.918 E752.69394
M204 S10000
G0 F15000 X116.31 Y117.118
G0 X117.341 Y117.826
G1 F2700 E752.19394
;MESH:NONMESH
G0 F600 Z55.6
G0 F15000 X117.017 Y117.149
G0 X117.017 Y116.044
G0 X117.021 Y113.956
G0 X117.021 Y112.851
G0 X116.73 Y112.594
;TIME_ELAPSED:1285.226979
;LAYER:277
;note -- min layer time used
M204 S5000
;TYPE:WALL-INNER
;MESH:Stickmaaaaan.obj
G1 F2700 E752.69394
G1 F600 X118.266 Y112.594 E752.74758
G1 X118.266 Y109.71 E752.8483
G1 X116.73 Y109.71 E752.90194
G1 X116.73 Y112.594 E753.00266
M204 S10000
G0 F15000 X116.31 Y113.014
M204 S5000
;TYPE:WALL-OUTER
G1 F600 X118.686 Y113.014 E753.08564
G1 X118.686 Y109.29 E753.21569
G1 X116.31 Y109.29 E753.29867
G1 X116.31 Y113.014 E753.42872
M204 S10000
G0 F15000 X116.51 Y113.014
G0 X117.218 Y111.985
G1 F2700 E752.92872
G0 F15000 X117.025 Y112.785
G0 X117.025 Y113.89
G0 X117.021 Y116.11
G0 X117.021 Y117.215
G0 X116.73 Y117.403
M204 S5000
;TYPE:WALL-INNER
G1 F2700 E753.42872
G1 F600 X116.73 Y120.29 E753.52955
G1 X118.266 Y120.29 E753.58319
G1 X118.266 Y117.406 E753.68391
G1 X116.73 Y117.403 E753.73755
M204 S10000
G0 F15000 X116.31 Y116.983
M204 S5000
;TYPE:WALL-OUTER
G1 F600 X116.31 Y120.71 E753.86771
G1 X118.686 Y120.71 E753.95068
G1 X118.686 Y116.986 E754.08074
G1 X116.31 Y116.983 E754.16372
M204 S10000
G0 F15000 X116.31 Y117.183
G0 X117.341 Y117.892
G1 F2700 E753.66372
;MESH:NONMESH
G0 F600 Z55.8
G0 F15000 X117.017 Y117.215
G0 X117.017 Y116.11
G0 X117.021 Y113.89
G0 X117.021 Y112.785
G0 X116.73 Y112.526
;TIME_ELAPSED:1289.796780
;LAYER:278
;note -- min layer time used
M204 S5000
;TYPE:WALL-INNER
;MESH:Stickmaaaaan.obj
G1 F2700 E754.16372
G1 F600 X118.266 Y112.526 E754.21736
G1 X118.266 Y109.642 E754.31808
G1 X116.73 Y109.642 E754.37172
G1 X116.73 Y112.526 E754.47244
M204 S10000
G0 F15000 X116.31 Y112.946
M204 S5000
;TYPE:WALL-OUTER
G1 F600 X118.686 Y112.946 E754.55541
G1 X118.686 Y109.222 E754.68547
G1 X116.31 Y109.222 E754.76844
G1 X116.31 Y112.946 E754.8985
M204 S10000
G0 F15000 X116.51 Y112.946
G0 X117.218 Y111.918
G1 F2700 E754.3985
G0 F15000 X117.025 Y112.718
G0 X117.025 Y113.823
G0 X117.021 Y116.177
G0 X117.021 Y117.282
G0 X116.73 Y117.47
M204 S5000
;TYPE:WALL-INNER
G1 F2700 E754.8985
G1 F600 X116.73 Y120.354 E754.99922
G1 X118.266 Y120.354 E755.05286
G1 X118.266 Y117.47 E755.15358
G1 X116.73 Y117.47 E755.20722
M204 S10000
G0 F15000 X116.31 Y117.05
M204 S5000
;TYPE:WALL-OUTER
G1 F600 X116.31 Y120.774 E755.33727
G1 X118.686 Y120.774 E755.42025
G1 X118.686 Y117.05 E755.5503
G1 X116.31 Y117.05 E755.63328
M204 S10000
G0 F15000 X116.31 Y117.25
G0 X117.341 Y117.959
G1 F2700 E755.13328
;MESH:NONMESH
G0 F600 Z56
G0 F15000 X117.017 Y117.282
G0 X117.017 Y116.177
G0 X117.021 Y113.823
G0 X117.021 Y112.718
G0 X116.73 Y112.458
;TIME_ELAPSED:1294.367240
;LAYER:279
;note -- min layer time used
M204 S5000
;TYPE:WALL-INNER
;MESH:Stickmaaaaan.obj
G1 F2700 E755.63328
G1 F600 X118.266 Y112.458 E755.68692
G1 X118.266 Y109.574 E755.78764
G1 X116.73 Y109.574 E755.84128
G1 X116.73 Y112.458 E755.942
M204 S10000
G0 F15000 X116.31 Y112.878
M204 S5000
;TYPE:WALL-OUTER
G1 F600 X118.686 Y112.878 E756.02498
G1 X118.686 Y109.154 E756.15503
G1 X116.31 Y109.154 E756.23801
G1 X116.31 Y112.878 E756.36806
M204 S10000
G0 F15000 X116.51 Y112.878
G0 X117.218 Y111.851
G1 F2700 E755.86806
G0 F15000 X117.025 Y112.651
G0 X117.025 Y113.756
G0 X117.021 Y116.244
G0 X117.021 Y117.349
G0 X116.73 Y117.538
M204 S5000
;TYPE:WALL-INNER
G1 F2700 E756.36806
G1 F600 X116.73 Y120.422 E756.46878
G1 X118.266 Y120.422 E756.52242
G1 X118.266 Y117.538 E756.62314
G1 X116.73 Y117.538 E756.67678
M204 S10000
G0 F15000 X116.31 Y117.118
M204 S5000
;TYPE:WALL-OUTER
G1 F600 X116.31 Y120.842 E756.80684
G1 X118.686 Y120.842 E756.88982
G1 X118.686 Y117.118 E757.01987
G1 X116.31 Y117.118 E757.10285
M204 S10000
G0 F15000 X116.31 Y117.318
G0 X117.341 Y118.026
G1 F2700 E756.60285
;MESH:NONMESH
G0 F600 Z56.2
G0 F15000 X117.017 Y117.349
G0 X117.017 Y116.244
G0 X117.021 Y113.756
G0 X117.021 Y112.651
G0 X116.73 Y112.394
;TIME_ELAPSED:1298.938912
;LAYER:280
;note -- min layer time used
M204 S5000
;TYPE:WALL-INNER
;MESH:Stickmaaaaan.obj
G1 F2700 E757.10285
G1 F600 X118.266 Y112.394 E757.15649
G1 X118.266 Y109.51 E757.25721
G1 X116.73 Y109.51 E757.31085
G1 X116.73 Y112.394 E757.41157
M204 S10000
G0 F15000 X116.31 Y112.814
M204 S5000
;TYPE:WALL-OUTER
G1 F600 X118.686 Y112.814 E757.49454
G1 X118.686 Y109.09 E757.6246
G1 X116.31 Y109.09 E757.70758
G1 X116.31 Y112.814 E757.83763
M204 S10000
G0 F15000 X116.51 Y112.814
G0 X117.218 Y111.785
G1 F2700 E757.33763
G0 F15000 X117.025 Y112.585
G0 X117.025 Y113.69
G0 X117.021 Y116.31
G0 X117.021 Y117.415
G0 X116.73 Y117.603
M204 S5000
;TYPE:WALL-INNER
G1 F2700 E757.83763
G1 F600 X116.73 Y120.49 E757.93845
G1 X118.266 Y120.49 E757.99209
G1 X118.266 Y117.606 E758.09281
G1 X116.73 Y117.603 E758.14646
M204 S10000
G0 F15000 X116.31 Y117.183
M204 S5000
;TYPE:WALL-OUTER
G1 F600 X116.31 Y120.91 E758.27661
G1 X118.686 Y120.91 E758.35959
G1 X118.686 Y117.186 E758.48964
G1 X116.31 Y117.183 E758.57262
M204 S10000
G0 F15000 X116.31 Y117.383
G0 X117.341 Y118.092
G1 F2700 E758.07262
;MESH:NONMESH
G0 F600 Z56.4
G0 F15000 X117.017 Y117.415
G0 X117.017 Y116.31
G0 X117.021 Y113.69
G0 X117.021 Y112.585
G0 X116.73 Y112.326
;TIME_ELAPSED:1303.512416
;LAYER:281
;note -- min layer time used
M204 S5000
;TYPE:WALL-INNER
;MESH:Stickmaaaaan.obj
G1 F2700 E758.57262
G1 F600 X118.266 Y112.326 E758.62626
G1 X118.266 Y109.442 E758.72698
G1 X116.73 Y109.442 E758.78062
G1 X116.73 Y112.326 E758.88134
M204 S10000
G0 F15000 X116.31 Y112.746
M204 S5000
;TYPE:WALL-OUTER
G1 F600 X118.686 Y112.746 E758.96432
G1 X118.686 Y109.022 E759.09437
G1 X116.31 Y109.022 E759.17735
G1 X116.31 Y112.746 E759.30741
M204 S10000
G0 F15000 X116.51 Y112.746
G0 X117.218 Y111.718
G1 F2700 E758.80741
G0 F15000 X117.025 Y112.518
G0 X117.025 Y113.623
G0 X117.021 Y116.377
G0 X117.021 Y117.482
G0 X116.73 Y117.67
M204 S5000
;TYPE:WALL-INNER
G1 F2700 E759.30741
G1 F600 X116.73 Y120.554 E759.40812
G1 X118.266 Y120.554 E759.46177
G1 X118.266 Y117.67 E759.56248
G1 X116.73 Y117.67 E759.61613
M204 S10000
G0 F15000 X116.31 Y117.25
M204 S5000
;TYPE:WALL-OUTER
G1 F600 X116.31 Y120.974 E759.74618
G1 X118.686 Y120.974 E759.82916
G1 X118.686 Y117.25 E759.95921
G1 X116.31 Y117.25 E760.04219
M204 S10000
G0 F15000 X116.31 Y117.45
G0 X117.341 Y118.159
G1 F2700 E759.54219
;MESH:NONMESH
G0 F600 Z56.6
G0 F15000 X117.017 Y117.482
G0 X117.017 Y116.377
G0 X117.021 Y113.623
G0 X117.021 Y112.518
G0 X116.73 Y112.258
;TIME_ELAPSED:1308.086526
;LAYER:282
;note -- min layer time used
M204 S5000
;TYPE:WALL-INNER
;MESH:Stickmaaaaan.obj
G1 F2700 E760.04219
G1 F600 X118.266 Y112.258 E760.09583
G1 X118.266 Y109.374 E760.19655
G1 X116.73 Y109.374 E760.25019
G1 X116.73 Y112.258 E760.35091
M204 S10000
G0 F15000 X116.31 Y112.678
M204 S5000
;TYPE:WALL-OUTER
G1 F600 X118.686 Y112.678 E760.43389
G1 X118.686 Y108.954 E760.56394
G1 X116.31 Y108.954 E760.64692
G1 X116.31 Y112.678 E760.77697
M204 S10000
G0 F15000 X116.51 Y112.678
G0 X117.218 Y111.651
G1 F2700 E760.27697
G0 F15000 X117.025 Y112.451
G0 X117.025 Y113.556
G0 X117.021 Y116.444
G0 X117.021 Y117.549
G0 X116.73 Y117.738
M204 S5000
;TYPE:WALL-INNER
G1 F2700 E760.77697
G1 F600 X116.73 Y120.622 E760.87769
G1 X118.266 Y120.622 E760.93133
G1 X118.266 Y117.738 E761.03205
G1 X116.73 Y117.738 E761.08569
M204 S10000
G0 F15000 X116.31 Y117.318
M204 S5000
;TYPE:WALL-OUTER
G1 F600 X116.31 Y121.042 E761.21575
G1 X118.686 Y121.042 E761.29872
G1 X118.686 Y117.318 E761.42878
G1 X116.31 Y117.318 E761.51175
M204 S10000
G0 F15000 X116.31 Y117.518
G0 X117.341 Y118.226
G1 F2700 E761.01175
;MESH:NONMESH
G0 F600 Z56.8
G0 F15000 X117.017 Y117.549
G0 X117.017 Y116.444
G0 X117.021 Y113.556
G0 X117.021 Y112.451
G0 X116.73 Y112.194
;TIME_ELAPSED:1312.661799
;LAYER:283
;note -- min layer time used
M204 S5000
;TYPE:WALL-INNER
;MESH:Stickmaaaaan.obj
G1 F2700 E761.51175
G1 F600 X118.266 Y112.194 E761.5654
G1 X118.266 Y109.31 E761.66611
G1 X116.73 Y109.31 E761.71976
G1 X116.73 Y112.194 E761.82047
M204 S10000
G0 F15000 X116.31 Y112.614
M204 S5000
;TYPE:WALL-OUTER
G1 F600 X118.686 Y112.614 E761.90345
G1 X118.686 Y108.89 E762.03351
G1 X116.31 Y108.89 E762.11648
G1 X116.31 Y112.614 E762.24654
M204 S10000
G0 F15000 X116.51 Y112.614
G0 X117.218 Y111.585
G1 F2700 E761.74654
G0 F15000 X117.025 Y112.385
G0 X117.025 Y113.49
G0 X117.021 Y116.51
G0 X117.021 Y117.615
G0 X116.73 Y117.803
M204 S5000
;TYPE:WALL-INNER
G1 F2700 E762.24654
G1 F600 X116.73 Y120.69 E762.34736
G1 X118.266 Y120.69 E762.401
G1 X118.266 Y117.806 E762.50172
G1 X116.73 Y117.803 E762.55536
M204 S10000
G0 F15000 X116.31 Y117.383
M204 S5000
;TYPE:WALL-OUTER
G1 F600 X116.31 Y121.11 E762.68552
G1 X118.686 Y121.11 E762.7685
G1 X118.686 Y117.386 E762.89855
G1 X116.31 Y117.383 E762.98153
M204 S10000
G0 F15000 X116.31 Y117.583
G0 X117.341 Y118.292
G1 F2700 E762.48153
;MESH:NONMESH
G0 F600 Z57
G0 F15000 X117.017 Y117.615
G0 X117.017 Y116.51
G0 X117.021 Y113.49
G0 X117.021 Y112.385
G0 X116.73 Y112.126
;TIME_ELAPSED:1317.238856
;LAYER:284
;note -- min layer time used
M204 S5000
;TYPE:WALL-INNER
;MESH:Stickmaaaaan.obj
G1 F2700 E762.98153
G1 F600 X118.266 Y112.126 E763.03517
G1 X118.266 Y109.242 E763.13589
G1 X116.73 Y109.242 E763.18953
G1 X116.73 Y112.126 E763.29025
M204 S10000
G0 F15000 X116.31 Y112.546
M204 S5000
;TYPE:WALL-OUTER
G1 F600 X118.686 Y112.546 E763.37323
G1 X118.686 Y108.822 E763.50328
G1 X116.31 Y108.822 E763.58626
G1 X116.31 Y112.546 E763.71631
M204 S10000
G0 F15000 X116.51 Y112.546
G0 X117.218 Y111.518
G1 F2700 E763.21631
G0 F15000 X117.025 Y112.318
G0 X117.025 Y113.423
G0 X117.025 Y116.578
G0 X117.025 Y117.683
G0 X116.73 Y117.87
M204 S5000
;TYPE:WALL-INNER
G1 F2700 E763.71631
G1 F600 X116.73 Y120.754 E763.81703
G1 X118.266 Y120.754 E763.87067
G1 X118.266 Y117.87 E763.97139
G1 X116.73 Y117.87 E764.02503
M204 S10000
G0 F15000 X116.31 Y117.45
M204 S5000
;TYPE:WALL-OUTER
G1 F600 X116.31 Y121.174 E764.15509
G1 X118.686 Y121.174 E764.23806
G1 X118.686 Y117.45 E764.36812
G1 X116.31 Y117.45 E764.4511
M204 S10000
G0 F15000 X116.31 Y117.65
G0 X117.341 Y118.359
G1 F2700 E763.9511
;MESH:NONMESH
G0 F600 Z57.2
G0 F15000 X117.021 Y117.683
G0 X117.021 Y116.578
G0 X117.025 Y113.423
G0 X117.025 Y112.318
G0 X116.73 Y112.058
;TIME_ELAPSED:1321.816543
;LAYER:285
;note -- min layer time used
M204 S5000
;TYPE:WALL-INNER
;MESH:Stickmaaaaan.obj
G1 F2700 E764.4511
G1 F600 X118.266 Y112.058 E764.50474
G1 X118.266 Y109.175 E764.60542
G1 X116.73 Y109.178 E764.65906
G1 X116.73 Y112.058 E764.75964
M204 S10000
G0 F15000 X116.31 Y112.478
M204 S5000
;TYPE:WALL-OUTER
G1 F600 X118.686 Y112.478 E764.84262
G1 X118.686 Y108.755 E764.97264
G1 X116.31 Y108.758 E765.05561
G1 X116.31 Y112.478 E765.18553
M204 S10000
G0 F15000 X116.51 Y112.478
G0 X117.218 Y111.451
G1 F2700 E764.68553
G0 F15000 X117.026 Y112.251
G0 X117.026 Y113.356
G0 X117.026 Y116.645
G0 X117.026 Y117.75
G0 X116.73 Y117.938
M204 S5000
;TYPE:WALL-INNER
G1 F2700 E765.18553
G1 F600 X116.73 Y120.822 E765.28625
G1 X118.266 Y120.822 E765.33989
G1 X118.266 Y117.938 E765.44061
G1 X116.73 Y117.938 E765.49425
M204 S10000
G0 F15000 X116.31 Y117.518
M204 S5000
;TYPE:WALL-OUTER
G1 F600 X116.31 Y121.242 E765.6243
G1 X118.686 Y121.242 E765.70728
G1 X118.686 Y117.518 E765.83733
G1 X116.31 Y117.518 E765.92031
M204 S10000
G0 F15000 X116.31 Y117.718
G0 X117.341 Y118.426
G1 F2700 E765.42031
;MESH:NONMESH
G0 F600 Z57.4
G0 F15000 X117.021 Y117.75
G0 X117.021 Y116.645
G0 X117.025 Y113.356
G0 X117.025 Y112.251
G0 X116.73 Y111.994
;TIME_ELAPSED:1326.394338
;LAYER:286
;note -- min layer time used
M204 S5000
;TYPE:WALL-INNER
;MESH:Stickmaaaaan.obj
G1 F2700 E765.92031
G1 F600 X118.266 Y111.994 E765.97395
G1 X118.266 Y109.11 E766.07467
G1 X116.73 Y109.11 E766.12831
G1 X116.73 Y111.994 E766.22903
M204 S10000
G0 F15000 X116.31 Y112.414
M204 S5000
;TYPE:WALL-OUTER
G1 F600 X118.686 Y112.414 E766.31201
G1 X118.686 Y108.69 E766.44206
G1 X116.31 Y108.69 E766.52504
G1 X116.31 Y112.414 E766.65509
M204 S10000
G0 F15000 X116.51 Y112.414
G0 X117.218 Y111.385
G1 F2700 E766.15509
G0 F15000 X117.026 Y112.185
G0 X117.026 Y113.29
G0 X117.026 Y116.711
G0 X117.026 Y117.816
G0 X116.73 Y118.006
M204 S5000
;TYPE:WALL-INNER
G1 F2700 E766.65509
G1 F600 X116.73 Y120.889 E766.75578
G1 X118.266 Y120.886 E766.80942
G1 X118.266 Y118.006 E766.91
G1 X116.73 Y118.006 E766.96364
M204 S10000
G0 F15000 X116.31 Y117.586
M204 S5000
;TYPE:WALL-OUTER
G1 F600 X116.31 Y121.309 E767.09366
G1 X118.686 Y121.306 E767.17664
G1 X118.686 Y117.586 E767.30655
G1 X116.31 Y117.586 E767.38953
M204 S10000
G0 F15000 X116.31 Y117.786
G0 X117.341 Y118.492
G1 F2700 E766.88953
;MESH:NONMESH
G0 F600 Z57.6
G0 F15000 X117.021 Y117.816
G0 X117.021 Y116.711
G0 X117.025 Y113.29
G0 X117.025 Y112.185
G0 X116.73 Y111.926
;TIME_ELAPSED:1330.973281
;LAYER:287
;note -- min layer time used
M204 S5000
;TYPE:WALL-INNER
;MESH:Stickmaaaaan.obj
G1 F2700 E767.38953
G1 F600 X118.266 Y111.926 E767.44317
G1 X118.266 Y109.042 E767.54389
G1 X116.73 Y109.042 E767.59753
G1 X116.73 Y111.926 E767.69825
M204 S10000
G0 F15000 X116.31 Y112.346
M204 S5000
;TYPE:WALL-OUTER
G1 F600 X118.686 Y112.346 E767.78123
G1 X118.686 Y108.622 E767.91128
G1 X116.31 Y108.622 E767.99426
G1 X116.31 Y112.346 E768.12431
M204 S10000
G0 F15000 X116.51 Y112.346
G0 X117.218 Y111.318
G1 F2700 E767.62431
G0 F15000 X117.026 Y112.118
G0 X117.026 Y113.223
G0 X117.026 Y116.778
G0 X117.026 Y117.883
G0 X116.73 Y118.07
M204 S5000
;TYPE:WALL-INNER
G1 F2700 E768.12431
G1 F600 X116.73 Y120.954 E768.22503
G1 X118.266 Y120.954 E768.27867
G1 X118.266 Y118.07 E768.37939
G1 X116.73 Y118.07 E768.43303
M204 S10000
G0 F15000 X116.31 Y117.65
M204 S5000
;TYPE:WALL-OUTER
G1 F600 X116.31 Y121.374 E768.56309
G1 X118.686 Y121.374 E768.64606
G1 X118.686 Y117.65 E768.77612
G1 X116.31 Y117.65 E768.85909
M204 S10000
G0 F15000 X116.31 Y117.85
G0 X117.341 Y118.559
G1 F2700 E768.35909
;MESH:NONMESH
G0 F600 Z57.8
G0 F15000 X117.021 Y117.883
G0 X117.021 Y116.778
G0 X117.025 Y113.223
G0 X117.025 Y112.118
G0 X116.73 Y111.858
;TIME_ELAPSED:1335.554335
;LAYER:288
;note -- min layer time used
M204 S5000
;TYPE:WALL-INNER
;MESH:Stickmaaaaan.obj
G1 F2700 E768.85909
G1 F600 X118.266 Y111.858 E768.91274
G1 X118.266 Y108.975 E769.01342
G1 X116.73 Y108.978 E769.06706
G1 X116.73 Y111.858 E769.16764
M204 S10000
G0 F15000 X116.31 Y112.278
M204 S5000
;TYPE:WALL-OUTER
G1 F600 X118.686 Y112.278 E769.25062
G1 X118.686 Y108.555 E769.38064
G1 X116.31 Y108.558 E769.46361
G1 X116.31 Y112.278 E769.59353
M204 S10000
G0 F15000 X116.51 Y112.278
G0 X117.218 Y111.251
G1 F2700 E769.09353
G0 F15000 X117.026 Y112.051
G0 X117.026 Y113.156
G0 X117.026 Y116.845
G0 X117.026 Y117.95
G0 X116.73 Y118.138
M204 S5000
;TYPE:WALL-INNER
G1 F2700 E769.59353
G1 F600 X116.73 Y121.022 E769.69425
G1 X118.266 Y121.022 E769.74789
G1 X118.266 Y118.138 E769.84861
G1 X116.73 Y118.138 E769.90225
M204 S10000
G0 F15000 X116.31 Y117.718
M204 S5000
;TYPE:WALL-OUTER
G1 F600 X116.31 Y121.442 E770.0323
G1 X118.686 Y121.442 E770.11528
G1 X118.686 Y117.718 E770.24533
G1 X116.31 Y117.718 E770.32831
M204 S10000
G0 F15000 X116.31 Y117.918
G0 X117.341 Y118.626
G1 F2700 E769.82831
;MESH:NONMESH
G0 F600 Z58
G0 F15000 X117.021 Y117.95
G0 X117.021 Y116.845
G0 X117.026 Y113.156
G0 X117.026 Y112.051
G0 X116.73 Y111.794
;TIME_ELAPSED:1340.135485
;LAYER:289
;note -- min layer time used
M204 S5000
;TYPE:WALL-INNER
;MESH:Stickmaaaaan.obj
G1 F2700 E770.32831
G1 F600 X118.266 Y111.794 E770.38195
G1 X118.266 Y108.91 E770.48267
G1 X116.73 Y108.91 E770.53631
G1 X116.73 Y111.794 E770.63703
M204 S10000
G0 F15000 X116.31 Y112.214
M204 S5000
;TYPE:WALL-OUTER
G1 F600 X118.686 Y112.214 E770.72001
G1 X118.686 Y108.49 E770.85006
G1 X116.31 Y108.49 E770.93304
G1 X116.31 Y112.214 E771.06309
M204 S10000
G0 F15000 X116.51 Y112.214
G0 X117.218 Y111.185
G1 F2700 E770.56309
G0 F15000 X117.026 Y111.985
G0 X117.026 Y113.09
G0 X117.026 Y116.911
G0 X117.026 Y118.016
G0 X116.73 Y118.206
M204 S5000
;TYPE:WALL-INNER
G1 F2700 E771.06309
G1 F600 X116.73 Y121.089 E771.16378
G1 X118.266 Y121.086 E771.21742
G1 X118.266 Y118.206 E771.318
G1 X116.73 Y118.206 E771.37164
M204 S10000
G0 F15000 X116.31 Y117.786
M204 S5000
;TYPE:WALL-OUTER
G1 F600 X116.31 Y121.509 E771.50166
G1 X118.686 Y121.506 E771.58464
G1 X118.686 Y117.786 E771.71455
G1 X116.31 Y117.786 E771.79753
M204 S10000
G0 F15000 X116.31 Y117.986
G0 X117.341 Y118.692
G1 F2700 E771.29753
;MESH:NONMESH
G0 F600 Z58.2
G0 F15000 X117.021 Y118.016
G0 X117.021 Y116.911
G0 X117.026 Y113.09
G0 X117.026 Y111.985
G0 X116.73 Y111.726
;TIME_ELAPSED:1344.717745
;LAYER:290
;note -- min layer time used
M204 S5000
;TYPE:WALL-INNER
;MESH:Stickmaaaaan.obj
G1 F2700 E771.79753
G1 F600 X118.266 Y111.726 E771.85117
G1 X118.266 Y108.842 E771.95189
G1 X116.73 Y108.842 E772.00553
G1 X116.73 Y111.726 E772.10625
M204 S10000
G0 F15000 X116.31 Y112.146
M204 S5000
;TYPE:WALL-OUTER
G1 F600 X118.686 Y112.146 E772.18923
G1 X118.686 Y108.422 E772.31928
G1 X116.31 Y108.422 E772.40226
G1 X116.31 Y112.146 E772.53231
M204 S10000
G0 F15000 X116.51 Y112.146
G0 X117.218 Y111.118
G1 F2700 E772.03231
G0 F15000 X117.026 Y111.918
G0 X117.026 Y113.023
G0 X117.021 Y116.977
G0 X117.021 Y118.082
G0 X116.73 Y118.27
M204 S5000
;TYPE:WALL-INNER
G1 F2700 E772.53231
G1 F600 X116.73 Y121.154 E772.63303
G1 X118.266 Y121.154 E772.68667
G1 X118.266 Y118.27 E772.78739
G1 X116.73 Y118.27 E772.84103
M204 S10000
G0 F15000 X116.31 Y117.85
M204 S5000
;TYPE:WALL-OUTER
G1 F600 X116.31 Y121.574 E772.97109
G1 X118.686 Y121.574 E773.05406
G1 X118.686 Y117.85 E773.18412
G1 X116.31 Y117.85 E773.26709
M204 S10000
G0 F15000 X116.31 Y118.05
G0 X117.341 Y118.759
G1 F2700 E772.76709
;MESH:NONMESH
G0 F600 Z58.4
G0 F15000 X117.016 Y118.082
G0 X117.016 Y116.977
G0 X117.021 Y113.023
G0 X117.021 Y111.918
G0 X116.73 Y111.658
;TIME_ELAPSED:1349.301992
;LAYER:291
;note -- min layer time used
M204 S5000
;TYPE:WALL-INNER
;MESH:Stickmaaaaan.obj
G1 F2700 E773.26709
G1 F600 X118.266 Y111.658 E773.32074
G1 X118.266 Y108.774 E773.42145
G1 X116.73 Y108.774 E773.4751
G1 X116.73 Y111.658 E773.57581
M204 S10000
G0 F15000 X116.31 Y112.078
M204 S5000
;TYPE:WALL-OUTER
G1 F600 X118.686 Y112.078 E773.65879
G1 X118.686 Y108.354 E773.78885
G1 X116.31 Y108.354 E773.87182
G1 X116.31 Y112.078 E774.00188
M204 S10000
G0 F15000 X116.51 Y112.078
G0 X117.218 Y111.051
G1 F2700 E773.50188
G0 F15000 X117.026 Y111.851
G0 X117.026 Y112.956
G0 X117.021 Y117.044
G0 X117.021 Y118.149
G0 X116.73 Y118.338
M204 S5000
;TYPE:WALL-INNER
G1 F2700 E774.00188
G1 F600 X116.73 Y121.222 E774.10259
G1 X118.266 Y121.222 E774.15624
G1 X118.266 Y118.338 E774.25696
G1 X116.73 Y118.338 E774.3106
M204 S10000
G0 F15000 X116.31 Y117.918
M204 S5000
;TYPE:WALL-OUTER
G1 F600 X116.31 Y121.642 E774.44065
G1 X118.686 Y121.642 E774.52363
G1 X118.686 Y117.918 E774.65368
G1 X116.31 Y117.918 E774.73666
M204 S10000
G0 F15000 X116.31 Y118.118
G0 X117.341 Y118.826
G1 F2700 E774.23666
;MESH:NONMESH
G0 F600 Z58.6
G0 F15000 X117.016 Y118.149
G0 X117.016 Y117.044
G0 X117.021 Y112.956
G0 X117.021 Y111.851
G0 X116.73 Y111.594
;TIME_ELAPSED:1353.887285
;LAYER:292
;note -- min layer time used
M204 S5000
;TYPE:WALL-INNER
;MESH:Stickmaaaaan.obj
G1 F2700 E774.73666
G1 F600 X118.266 Y111.594 E774.7903
G1 X118.266 Y108.71 E774.89102
G1 X116.73 Y108.71 E774.94466
G1 X116.73 Y111.594 E775.04538
M204 S10000
G0 F15000 X116.31 Y112.014
M204 S5000
;TYPE:WALL-OUTER
G1 F600 X118.686 Y112.014 E775.12836
G1 X118.686 Y108.29 E775.25841
G1 X116.31 Y108.29 E775.34139
G1 X116.31 Y112.014 E775.47144
M204 S10000
G0 F15000 X116.51 Y112.014
G0 X117.218 Y110.985
G1 F2700 E774.97144
G0 F15000 X117.026 Y111.785
G0 X117.026 Y112.89
G0 X117.021 Y117.11
G0 X117.021 Y118.215
G0 X116.73 Y118.403
M204 S5000
;TYPE:WALL-INNER
G1 F2700 E775.47144
G1 F600 X116.73 Y121.29 E775.57227
G1 X118.266 Y121.29 E775.62591
G1 X118.266 Y118.406 E775.72663
G1 X116.73 Y118.403 E775.78027
M204 S10000
G0 F15000 X116.31 Y117.983
M204 S5000
;TYPE:WALL-OUTER
G1 F600 X116.31 Y121.71 E775.91043
G1 X118.686 Y121.71 E775.9934
G1 X118.686 Y117.986 E776.12346
G1 X116.31 Y117.983 E776.20644
M204 S10000
G0 F15000 X116.31 Y118.183
G0 X117.341 Y118.892
G1 F2700 E775.70644
;MESH:NONMESH
G0 F600 Z58.8
G0 F15000 X117.016 Y118.215
G0 X117.016 Y117.11
G0 X117.021 Y112.89
G0 X117.021 Y111.785
G0 X116.73 Y111.526
;TIME_ELAPSED:1358.474261
;LAYER:293
;note -- min layer time used
M204 S5000
;TYPE:WALL-INNER
;MESH:Stickmaaaaan.obj
G1 F2700 E776.20644
G1 F600 X118.266 Y111.526 E776.26008
G1 X118.266 Y108.642 E776.3608
G1 X116.73 Y108.642 E776.41444
G1 X116.73 Y111.526 E776.51516
M204 S10000
G0 F15000 X116.31 Y111.946
M204 S5000
;TYPE:WALL-OUTER
G1 F600 X118.686 Y111.946 E776.59813
G1 X118.686 Y108.222 E776.72819
G1 X116.31 Y108.222 E776.81116
G1 X116.31 Y111.946 E776.94122
M204 S10000
G0 F15000 X116.51 Y111.946
G0 X117.218 Y110.918
G1 F2700 E776.44122
G0 F15000 X117.026 Y111.718
G0 X117.026 Y112.823
G0 X117.021 Y117.177
G0 X117.021 Y118.282
G0 X116.73 Y118.47
M204 S5000
;TYPE:WALL-INNER
G1 F2700 E776.94122
G1 F600 X116.73 Y121.354 E777.04194
G1 X118.266 Y121.354 E777.09558
G1 X118.266 Y118.47 E777.1963
G1 X116.73 Y118.47 E777.24994
M204 S10000
G0 F15000 X116.31 Y118.05
M204 S5000
;TYPE:WALL-OUTER
G1 F600 X116.31 Y121.774 E777.37999
G1 X118.686 Y121.774 E777.46297
G1 X118.686 Y118.05 E777.59302
G1 X116.31 Y118.05 E777.676
M204 S10000
G0 F15000 X116.31 Y118.25
G0 X117.341 Y118.959
G1 F2700 E777.176
;MESH:NONMESH
G0 F600 Z59
G0 F15000 X117.016 Y118.282
G0 X117.016 Y117.177
G0 X117.021 Y112.823
G0 X117.021 Y111.718
G0 X116.73 Y111.458
;TIME_ELAPSED:1363.061708
;LAYER:294
;note -- min layer time used
M204 S5000
;TYPE:WALL-INNER
;MESH:Stickmaaaaan.obj
G1 F2700 E777.676
G1 F600 X118.266 Y111.458 E777.72964
G1 X118.266 Y108.574 E777.83036
G1 X116.73 Y108.574 E777.884
G1 X116.73 Y111.458 E777.98472
M204 S10000
G0 F15000 X116.31 Y111.878
M204 S5000
;TYPE:WALL-OUTER
G1 F600 X118.686 Y111.878 E778.0677
G1 X118.686 Y108.154 E778.19775
G1 X116.31 Y108.154 E778.28073
G1 X116.31 Y111.878 E778.41078
M204 S10000
G0 F15000 X116.51 Y111.878
G0 X117.218 Y110.851
G1 F2700 E777.91078
G0 F15000 X117.026 Y111.651
G0 X117.026 Y112.756
G0 X117.021 Y117.244
G0 X117.021 Y118.349
G0 X116.73 Y118.538
M204 S5000
;TYPE:WALL-INNER
G1 F2700 E778.41078
G1 F600 X116.73 Y121.422 E778.5115
G1 X118.266 Y121.422 E778.56514
G1 X118.266 Y118.538 E778.66586
G1 X116.73 Y118.538 E778.7195
M204 S10000
G0 F15000 X116.31 Y118.118
M204 S5000
;TYPE:WALL-OUTER
G1 F600 X116.31 Y121.842 E778.84956
G1 X118.686 Y121.842 E778.93254
G1 X118.686 Y118.118 E779.06259
G1 X116.31 Y118.118 E779.14557
M204 S10000
G0 F15000 X116.31 Y118.318
G0 X117.341 Y119.026
G1 F2700 E778.64557
;MESH:NONMESH
G0 F600 Z59.2
G0 F15000 X117.016 Y118.349
G0 X117.016 Y117.244
G0 X117.021 Y112.756
G0 X117.021 Y111.651
G0 X116.73 Y111.394
;TIME_ELAPSED:1367.650201
;LAYER:295
;note -- min layer time used
M204 S5000
;TYPE:WALL-INNER
;MESH:Stickmaaaaan.obj
G1 F2700 E779.14557
G1 F600 X118.266 Y111.394 E779.19921
G1 X118.266 Y108.51 E779.29993
G1 X116.73 Y108.51 E779.35357
G1 X116.73 Y111.394 E779.45429
M204 S10000
G0 F15000 X116.31 Y111.814
M204 S5000
;TYPE:WALL-OUTER
G1 F600 X118.686 Y111.814 E779.53726
G1 X118.686 Y108.09 E779.66732
G1 X116.31 Y108.09 E779.7503
G1 X116.31 Y111.814 E779.88035
M204 S10000
G0 F15000 X116.51 Y111.814
G0 X117.218 Y110.785
G1 F2700 E779.38035
G0 F15000 X117.026 Y111.585
G0 X117.026 Y112.69
G0 X117.021 Y117.31
G0 X117.021 Y118.415
G0 X116.73 Y118.603
M204 S5000
;TYPE:WALL-INNER
G1 F2700 E779.88035
G1 F600 X116.73 Y121.49 E779.98117
G1 X118.266 Y121.49 E780.03481
G1 X118.266 Y118.606 E780.13553
G1 X116.73 Y118.603 E780.18917
M204 S10000
G0 F15000 X116.31 Y118.183
M204 S5000
;TYPE:WALL-OUTER
G1 F600 X116.31 Y121.91 E780.31933
G1 X118.686 Y121.91 E780.40231
G1 X118.686 Y118.186 E780.53236
G1 X116.31 Y118.183 E780.61534
M204 S10000
G0 F15000 X116.31 Y118.383
G0 X117.341 Y119.092
G1 F2700 E780.11534
;MESH:NONMESH
G0 F600 Z59.4
G0 F15000 X117.016 Y118.415
G0 X117.016 Y117.31
G0 X117.021 Y112.69
G0 X117.021 Y111.585
G0 X116.73 Y111.326
;TIME_ELAPSED:1372.240377
;LAYER:296
;note -- min layer time used
M204 S5000
;TYPE:WALL-INNER
;MESH:Stickmaaaaan.obj
G1 F2700 E780.61534
G1 F600 X118.266 Y111.326 E780.66898
G1 X118.266 Y108.442 E780.7697
G1 X116.73 Y108.442 E780.82334
G1 X116.73 Y111.326 E780.92406
M204 S10000
G0 F15000 X116.31 Y111.746
M204 S5000
;TYPE:WALL-OUTER
G1 F600 X118.686 Y111.746 E781.00704
G1 X118.686 Y108.022 E781.13709
G1 X116.31 Y108.022 E781.22007
G1 X116.31 Y111.746 E781.35013
M204 S10000
G0 F15000 X116.51 Y111.746
G0 X117.218 Y110.718
G1 F2700 E780.85013
G0 F15000 X117.026 Y111.518
G0 X117.026 Y112.623
G0 X117.021 Y117.377
G0 X117.021 Y118.482
G0 X116.73 Y118.67
M204 S5000
;TYPE:WALL-INNER
G1 F2700 E781.35013
G1 F600 X116.73 Y121.554 E781.45084
G1 X118.266 Y121.554 E781.50449
G1 X118.266 Y118.67 E781.6052
G1 X116.73 Y118.67 E781.65885
M204 S10000
G0 F15000 X116.31 Y118.25
M204 S5000
;TYPE:WALL-OUTER
G1 F600 X116.31 Y121.974 E781.7889
G1 X118.686 Y121.974 E781.87188
G1 X118.686 Y118.25 E782.00193
G1 X116.31 Y118.25 E782.08491
M204 S10000
G0 F15000 X116.31 Y118.45
G0 X117.341 Y119.159
G1 F2700 E781.58491
;MESH:NONMESH
G0 F600 Z59.6
G0 F15000 X117.016 Y118.482
G0 X117.016 Y117.377
G0 X117.021 Y112.623
G0 X117.021 Y111.518
G0 X116.73 Y111.258
;TIME_ELAPSED:1376.831025
;LAYER:297
;note -- min layer time used
M204 S5000
;TYPE:WALL-INNER
;MESH:Stickmaaaaan.obj
G1 F2700 E782.08491
G1 F600 X118.266 Y111.258 E782.13855
G1 X118.266 Y108.374 E782.23927
G1 X116.73 Y108.374 E782.29291
G1 X116.73 Y111.258 E782.39363
M204 S10000
G0 F15000 X116.31 Y111.678
M204 S5000
;TYPE:WALL-OUTER
G1 F600 X118.686 Y111.678 E782.47661
G1 X118.686 Y107.954 E782.60666
G1 X116.31 Y107.954 E782.68964
G1 X116.31 Y111.678 E782.81969
M204 S10000
G0 F15000 X116.51 Y111.678
G0 X117.218 Y110.651
G1 F2700 E782.31969
G0 F15000 X117.026 Y111.451
G0 X117.026 Y112.556
G0 X117.021 Y117.444
G0 X117.021 Y118.549
G0 X116.73 Y118.738
M204 S5000
;TYPE:WALL-INNER
G1 F2700 E782.81969
G1 F600 X116.73 Y121.622 E782.92041
G1 X118.266 Y121.622 E782.97405
G1 X118.266 Y118.738 E783.07477
G1 X116.73 Y118.738 E783.12841
M204 S10000
G0 F15000 X116.31 Y118.318
M204 S5000
;TYPE:WALL-OUTER
G1 F600 X116.31 Y122.042 E783.25847
G1 X118.686 Y122.042 E783.34144
G1 X118.686 Y118.318 E783.4715
G1 X116.31 Y118.318 E783.55447
M204 S10000
G0 F15000 X116.31 Y118.518
G0 X117.341 Y119.226
G1 F2700 E783.05447
;MESH:NONMESH
G0 F600 Z59.8
G0 F15000 X117.016 Y118.549
G0 X117.016 Y117.444
G0 X117.021 Y112.556
G0 X117.021 Y111.451
G0 X116.73 Y111.194
;TIME_ELAPSED:1381.422718
;LAYER:298
;note -- min layer time used
M204 S5000
;TYPE:WALL-INNER
;MESH:Stickmaaaaan.obj
G1 F2700 E783.55447
G1 F600 X118.266 Y111.194 E783.60812
G1 X118.266 Y108.31 E783.70883
G1 X116.73 Y108.31 E783.76248
G1 X116.73 Y111.194 E783.86319
M204 S10000
G0 F15000 X116.31 Y111.614
M204 S5000
;TYPE:WALL-OUTER
G1 F600 X118.686 Y111.614 E783.94617
G1 X118.686 Y107.89 E784.07623
G1 X116.31 Y107.89 E784.1592
G1 X116.31 Y111.614 E784.28926
M204 S10000
G0 F15000 X116.51 Y111.614
G0 X117.218 Y110.585
G1 F2700 E783.78926
G0 F15000 X117.026 Y111.385
G0 X117.026 Y112.49
G0 X117.021 Y117.51
G0 X117.021 Y118.615
G0 X116.73 Y118.803
M204 S5000
;TYPE:WALL-INNER
G1 F2700 E784.28926
G1 F600 X116.73 Y121.686 E784.38994
G1 X118.266 Y121.686 E784.44358
G1 X118.266 Y118.806 E784.54416
G1 X116.73 Y118.803 E784.5978
M204 S10000
G0 F15000 X116.31 Y118.383
M204 S5000
;TYPE:WALL-OUTER
G1 F600 X116.31 Y122.106 E784.72782
G1 X118.686 Y122.106 E784.8108
G1 X118.686 Y118.386 E784.94071
G1 X116.31 Y118.383 E785.02369
M204 S10000
G0 F15000 X116.31 Y118.583
G0 X117.341 Y119.292
G1 F2700 E784.52369
;MESH:NONMESH
G0 F600 Z60
G0 F15000 X117.016 Y118.615
G0 X117.016 Y117.51
G0 X117.021 Y112.49
G0 X117.021 Y111.385
G0 X116.73 Y111.126
;TIME_ELAPSED:1386.014494
;LAYER:299
;note -- min layer time used
M204 S5000
;TYPE:WALL-INNER
;MESH:Stickmaaaaan.obj
G1 F2700 E785.02369
G1 F600 X118.266 Y111.126 E785.07733
G1 X118.266 Y108.242 E785.17805
G1 X116.73 Y108.242 E785.23169
G1 X116.73 Y111.126 E785.33241
M204 S10000
G0 F15000 X116.31 Y111.546
M204 S5000
;TYPE:WALL-OUTER
G1 F600 X118.686 Y111.546 E785.41539
G1 X118.686 Y107.822 E785.54544
G1 X116.31 Y107.822 E785.62842
G1 X116.31 Y111.546 E785.75847
M204 S10000
G0 F15000 X116.51 Y111.546
G0 X117.218 Y110.518
G1 F2700 E785.25847
G0 F15000 X117.026 Y111.318
G0 X117.026 Y112.423
G0 X117.021 Y117.577
G0 X117.021 Y118.682
G0 X116.73 Y118.87
M204 S5000
;TYPE:WALL-INNER
G1 F2700 E785.75847
G1 F600 X116.73 Y121.754 E785.85919
G1 X118.266 Y121.754 E785.91283
G1 X118.266 Y118.87 E786.01355
G1 X116.73 Y118.87 E786.06719
M204 S10000
G0 F15000 X116.31 Y118.45
M204 S5000
;TYPE:WALL-OUTER
G1 F600 X116.31 Y122.174 E786.19725
G1 X118.686 Y122.174 E786.28023
G1 X118.686 Y118.45 E786.41028
G1 X116.31 Y118.45 E786.49326
M204 S10000
G0 F15000 X116.31 Y118.65
G0 X117.341 Y119.359
G1 F2700 E785.99326
;MESH:NONMESH
G0 F600 Z60.2
G0 F15000 X117.016 Y118.682
G0 X117.016 Y117.577
G0 X117.021 Y112.423
G0 X117.021 Y111.318
G0 X116.73 Y111.058
;TIME_ELAPSED:1390.608342
;LAYER:300
;note -- min layer time used
M204 S5000
;TYPE:WALL-INNER
;MESH:Stickmaaaaan.obj
G1 F2700 E786.49326
G1 F600 X118.266 Y111.058 E786.5469
G1 X118.266 Y108.174 E786.64762
G1 X116.73 Y108.174 E786.70126
G1 X116.73 Y111.058 E786.80198
M204 S10000
G0 F15000 X116.31 Y111.478
M204 S5000
;TYPE:WALL-OUTER
G1 F600 X118.686 Y111.478 E786.88495
G1 X118.686 Y107.754 E787.01501
G1 X116.31 Y107.754 E787.09799
G1 X116.31 Y111.478 E787.22804
M204 S10000
G0 F15000 X116.51 Y111.478
G0 X117.218 Y110.451
G1 F2700 E786.72804
G0 F15000 X117.027 Y111.251
G0 X117.027 Y112.356
G0 X117.022 Y117.644
G0 X117.022 Y118.749
G0 X116.73 Y118.938
M204 S5000
;TYPE:WALL-INNER
G1 F2700 E787.22804
G1 F600 X116.73 Y121.822 E787.32876
G1 X118.266 Y121.822 E787.3824
G1 X118.266 Y118.938 E787.48312
G1 X116.73 Y118.938 E787.53676
M204 S10000
G0 F15000 X116.31 Y118.518
M204 S5000
;TYPE:WALL-OUTER
G1 F600 X116.31 Y122.242 E787.66681
G1 X118.686 Y122.242 E787.74979
G1 X118.686 Y118.518 E787.87984
G1 X116.31 Y118.518 E787.96282
M204 S10000
G0 F15000 X116.31 Y118.718
G0 X117.341 Y119.426
G1 F2700 E787.46282
;MESH:NONMESH
G0 F600 Z60.4
G0 F15000 X117.015 Y118.749
G0 X117.015 Y117.644
G0 X117.02 Y112.356
G0 X117.02 Y111.251
G0 X116.73 Y110.994
;TIME_ELAPSED:1395.203221
;LAYER:301
;note -- min layer time used
M204 S5000
;TYPE:WALL-INNER
;MESH:Stickmaaaaan.obj
G1 F2700 E787.96282
G1 F600 X118.266 Y110.994 E788.01646
G1 X118.266 Y108.11 E788.11718
G1 X116.73 Y108.11 E788.17082
G1 X116.73 Y110.994 E788.27154
M204 S10000
G0 F15000 X116.31 Y111.414
M204 S5000
;TYPE:WALL-OUTER
G1 F600 X118.686 Y111.414 E788.35452
G1 X118.686 Y107.69 E788.48457
G1 X116.31 Y107.69 E788.56755
G1 X116.31 Y111.414 E788.69761
M204 S10000
G0 F15000 X116.51 Y111.414
G0 X117.218 Y110.385
G1 F2700 E788.19761
G0 F15000 X117.027 Y111.185
G0 X117.027 Y112.29
G0 X117.027 Y117.711
G0 X117.027 Y118.816
G0 X116.73 Y119.006
M204 S5000
;TYPE:WALL-INNER
G1 F2700 E788.69761
G1 F600 X116.73 Y121.886 E788.79818
G1 X118.266 Y121.886 E788.85183
G1 X118.266 Y119.006 E788.9524
G1 X116.73 Y119.006 E789.00605
M204 S10000
G0 F15000 X116.31 Y118.586
M204 S5000
;TYPE:WALL-OUTER
G1 F600 X116.31 Y122.306 E789.13596
G1 X118.686 Y122.306 E789.21894
G1 X118.686 Y118.586 E789.34885
G1 X116.31 Y118.586 E789.43183
M204 S10000
G0 F15000 X116.31 Y118.786
G0 X117.341 Y119.492
G1 F2700 E788.93183
;MESH:NONMESH
G0 F600 Z60.6
G0 F15000 X117.021 Y118.816
G0 X117.021 Y117.711
G0 X117.026 Y112.29
G0 X117.026 Y111.185
G0 X116.73 Y110.926
;TIME_ELAPSED:1399.797679
;LAYER:302
;note -- min layer time used
M204 S5000
;TYPE:WALL-INNER
;MESH:Stickmaaaaan.obj
G1 F2700 E789.43183
G1 F600 X118.266 Y110.926 E789.48547
G1 X118.266 Y108.042 E789.58619
G1 X116.73 Y108.042 E789.63983
G1 X116.73 Y110.926 E789.74055
M204 S10000
G0 F15000 X116.31 Y111.346
M204 S5000
;TYPE:WALL-OUTER
G1 F600 X118.686 Y111.346 E789.82353
G1 X118.686 Y107.622 E789.95358
G1 X116.31 Y107.622 E790.03656
G1 X116.31 Y111.346 E790.16661
M204 S10000
G0 F15000 X116.51 Y111.346
G0 X117.218 Y110.318
G1 F2700 E789.66661
G0 F15000 X117.027 Y111.118
G0 X117.027 Y112.223
G0 X117.027 Y117.778
G0 X117.027 Y118.883
G0 X116.73 Y119.07
M204 S5000
;TYPE:WALL-INNER
G1 F2700 E790.16661
G1 F600 X116.73 Y121.954 E790.26733
G1 X118.266 Y121.954 E790.32097
G1 X118.266 Y119.07 E790.42169
G1 X116.73 Y119.07 E790.47533
M204 S10000
G0 F15000 X116.31 Y118.65
M204 S5000
;TYPE:WALL-OUTER
G1 F600 X116.31 Y122.374 E790.60539
G1 X118.686 Y122.374 E790.68836
G1 X118.686 Y118.65 E790.81842
G1 X116.31 Y118.65 E790.90139
M204 S10000
G0 F15000 X116.31 Y118.85
G0 X117.341 Y119.559
G1 F2700 E790.40139
;MESH:NONMESH
G0 F600 Z60.8
G0 F15000 X117.021 Y118.883
G0 X117.021 Y117.778
G0 X117.026 Y112.223
G0 X117.026 Y111.118
G0 X116.73 Y110.858
;TIME_ELAPSED:1404.394802
;LAYER:303
;note -- min layer time used
M204 S5000
;TYPE:WALL-INNER
;MESH:Stickmaaaaan.obj
G1 F2700 E790.90139
G1 F600 X118.266 Y110.861 E790.95504
G1 X118.266 Y107.975 E791.05583
G1 X116.73 Y107.978 E791.10947
G1 X116.73 Y110.858 E791.21005
M204 S10000
G0 F15000 X116.31 Y111.278
M204 S5000
;TYPE:WALL-OUTER
G1 F600 X118.686 Y111.281 E791.29302
G1 X118.686 Y107.555 E791.42315
G1 X116.31 Y107.558 E791.50612
G1 X116.31 Y111.278 E791.63604
M204 S10000
G0 F15000 X116.51 Y111.278
G0 X117.218 Y110.252
G1 F2700 E791.13604
G0 F15000 X117.027 Y111.052
G0 X117.027 Y112.157
G0 X117.027 Y117.844
G0 X117.027 Y118.949
G0 X116.73 Y119.138
M204 S5000
;TYPE:WALL-INNER
G1 F2700 E791.63604
G1 F600 X116.73 Y122.022 E791.73676
G1 X118.266 Y122.022 E791.7904
G1 X118.266 Y119.138 E791.89112
G1 X116.73 Y119.138 E791.94476
M204 S10000
G0 F15000 X116.31 Y118.718
M204 S5000
;TYPE:WALL-OUTER
G1 F600 X116.31 Y122.442 E792.07481
G1 X118.686 Y122.442 E792.15779
G1 X118.686 Y118.718 E792.28784
G1 X116.31 Y118.718 E792.37082
M204 S10000
G0 F15000 X116.31 Y118.918
G0 X117.341 Y119.625
G1 F2700 E791.87082
;MESH:NONMESH
G0 F600 Z61
G0 F15000 X117.021 Y118.949
G0 X117.021 Y117.844
G0 X117.027 Y112.157
G0 X117.027 Y111.052
G0 X116.73 Y110.794
;TIME_ELAPSED:1408.992573
;LAYER:304
;note -- min layer time used
M204 S5000
;TYPE:WALL-INNER
;MESH:Stickmaaaaan.obj
G1 F2700 E792.37082
G1 F600 X118.266 Y110.794 E792.42446
G1 X118.266 Y107.91 E792.52518
G1 X116.73 Y107.91 E792.57882
G1 X116.73 Y110.794 E792.67954
M204 S10000
G0 F15000 X116.31 Y111.214
M204 S5000
;TYPE:WALL-OUTER
G1 F600 X118.686 Y111.214 E792.76252
G1 X118.686 Y107.49 E792.89257
G1 X116.31 Y107.49 E792.97555
G1 X116.31 Y111.214 E793.1056
M204 S10000
G0 F15000 X116.51 Y111.214
G0 X117.218 Y110.185
G1 F2700 E792.6056
G0 F15000 X117.027 Y110.985
G0 X117.027 Y112.09
G0 X117.027 Y117.911
G0 X117.027 Y119.016
G0 X116.73 Y119.206
M204 S5000
;TYPE:WALL-INNER
G1 F2700 E793.1056
G1 F600 X116.73 Y122.086 E793.20618
G1 X118.266 Y122.086 E793.25982
G1 X118.266 Y119.206 E793.3604
G1 X116.73 Y119.206 E793.41405
M204 S10000
G0 F15000 X116.31 Y118.786
M204 S5000
;TYPE:WALL-OUTER
G1 F600 X116.31 Y122.506 E793.54396
G1 X118.686 Y122.506 E793.62694
G1 X118.686 Y118.786 E793.75685
G1 X116.31 Y118.786 E793.83983
M204 S10000
G0 F15000 X116.31 Y118.986
G0 X117.341 Y119.692
G1 F2700 E793.33983
;MESH:NONMESH
G0 F600 Z61.2
G0 F15000 X117.021 Y119.016
G0 X117.021 Y117.911
G0 X117.027 Y112.09
G0 X117.027 Y110.985
G0 X116.73 Y110.726
;TIME_ELAPSED:1413.590246
;LAYER:305
;note -- min layer time used
M204 S5000
;TYPE:WALL-INNER
;MESH:Stickmaaaaan.obj
G1 F2700 E793.83983
G1 F600 X118.266 Y110.726 E793.89347
G1 X118.266 Y107.842 E793.99419
G1 X116.73 Y107.842 E794.04783
G1 X116.73 Y110.726 E794.14855
M204 S10000
G0 F15000 X116.31 Y111.146
M204 S5000
;TYPE:WALL-OUTER
G1 F600 X118.686 Y111.146 E794.23153
G1 X118.686 Y107.422 E794.36158
G1 X116.31 Y107.422 E794.44456
G1 X116.31 Y111.146 E794.57461
M204 S10000
G0 F15000 X116.51 Y111.146
G0 X117.218 Y110.118
G1 F2700 E794.07461
G0 F15000 X117.027 Y110.918
G0 X117.027 Y112.023
G0 X117.027 Y117.978
G0 X117.027 Y119.083
G0 X116.73 Y119.27
M204 S5000
;TYPE:WALL-INNER
G1 F2700 E794.57461
G1 F600 X116.73 Y122.154 E794.67533
G1 X118.266 Y122.154 E794.72897
G1 X118.266 Y119.27 E794.82969
G1 X116.73 Y119.27 E794.88333
M204 S10000
G0 F15000 X116.31 Y118.85
M204 S5000
;TYPE:WALL-OUTER
G1 F600 X116.31 Y122.574 E795.01339
G1 X118.686 Y122.574 E795.09636
G1 X118.686 Y118.85 E795.22642
G1 X116.31 Y118.85 E795.30939
M204 S10000
G0 F15000 X116.31 Y119.05
G0 X117.341 Y119.759
G1 F2700 E794.80939
;MESH:NONMESH
G0 F600 Z61.4
G0 F15000 X117.021 Y119.083
G0 X117.021 Y117.978
G0 X117.027 Y112.023
G0 X117.027 Y110.918
G0 X116.73 Y110.658
;TIME_ELAPSED:1418.190585
;LAYER:306
;note -- min layer time used
M204 S5000
;TYPE:WALL-INNER
;MESH:Stickmaaaaan.obj
G1 F2700 E795.30939
G1 F600 X118.266 Y110.661 E795.36304
G1 X118.266 Y107.775 E795.46382
G1 X116.73 Y107.778 E795.51747
G1 X116.73 Y110.658 E795.61805
M204 S10000
G0 F15000 X116.31 Y111.078
M204 S5000
;TYPE:WALL-OUTER
G1 F600 X118.686 Y111.081 E795.70102
G1 X118.686 Y107.355 E795.83115
G1 X116.31 Y107.358 E795.91412
G1 X116.31 Y111.078 E796.04404
M204 S10000
G0 F15000 X116.51 Y111.078
G0 X117.218 Y110.052
G1 F2700 E795.54404
G0 F15000 X117.027 Y110.852
G0 X117.027 Y111.957
G0 X117.027 Y118.044
G0 X117.027 Y119.149
G0 X116.73 Y119.338
M204 S5000
;TYPE:WALL-INNER
G1 F2700 E796.04404
G1 F600 X116.73 Y122.222 E796.14476
G1 X118.266 Y122.222 E796.1984
G1 X118.266 Y119.338 E796.29912
G1 X116.73 Y119.338 E796.35276
M204 S10000
G0 F15000 X116.31 Y118.918
M204 S5000
;TYPE:WALL-OUTER
G1 F600 X116.31 Y122.642 E796.48281
G1 X118.686 Y122.642 E796.56579
G1 X118.686 Y118.918 E796.69584
G1 X116.31 Y118.918 E796.77882
M204 S10000
G0 F15000 X116.31 Y119.118
G0 X117.341 Y119.825
G1 F2700 E796.27882
;MESH:NONMESH
G0 F600 Z61.6
G0 F15000 X117.021 Y119.149
G0 X117.021 Y118.044
G0 X117.027 Y111.957
G0 X117.027 Y110.852
G0 X116.73 Y110.594
;TIME_ELAPSED:1422.791555
;LAYER:307
;note -- min layer time used
M204 S5000
;TYPE:WALL-INNER
;MESH:Stickmaaaaan.obj
G1 F2700 E796.77882
G1 F600 X118.266 Y110.594 E796.83246
G1 X118.266 Y107.71 E796.93318
G1 X116.73 Y107.71 E796.98682
G1 X116.73 Y110.594 E797.08754
M204 S10000
G0 F15000 X116.31 Y111.014
M204 S5000
;TYPE:WALL-OUTER
G1 F600 X118.686 Y111.014 E797.17052
G1 X118.686 Y107.29 E797.30057
G1 X116.31 Y107.29 E797.38355
G1 X116.31 Y111.014 E797.5136
M204 S10000
G0 F15000 X116.51 Y111.014
G0 X117.218 Y109.985
G1 F2700 E797.0136
G0 F15000 X117.027 Y110.785
G0 X117.027 Y111.89
G0 X117.021 Y118.11
G0 X117.021 Y119.215
G0 X116.73 Y119.403
M204 S5000
;TYPE:WALL-INNER
G1 F2700 E797.5136
G1 F600 X116.73 Y122.286 E797.61429
G1 X118.266 Y122.286 E797.66793
G1 X118.266 Y119.406 E797.76851
G1 X116.73 Y119.403 E797.82215
M204 S10000
G0 F15000 X116.31 Y118.983
M204 S5000
;TYPE:WALL-OUTER
G1 F600 X116.31 Y122.706 E797.95217
G1 X118.686 Y122.706 E798.03515
G1 X118.686 Y118.986 E798.16506
G1 X116.31 Y118.983 E798.24804
M204 S10000
G0 F15000 X116.31 Y119.183
G0 X117.341 Y119.892
G1 F2700 E797.74804
;MESH:NONMESH
G0 F600 Z61.8
G0 F15000 X117.015 Y119.215
G0 X117.015 Y118.11
G0 X117.021 Y111.89
G0 X117.021 Y110.785
G0 X116.73 Y110.526
;TIME_ELAPSED:1427.392916
;LAYER:308
;note -- min layer time used
M204 S5000
;TYPE:WALL-INNER
;MESH:Stickmaaaaan.obj
G1 F2700 E798.24804
G1 F600 X118.266 Y110.526 E798.30168
G1 X118.266 Y107.642 E798.4024
G1 X116.73 Y107.642 E798.45604
G1 X116.73 Y110.526 E798.55676
M204 S10000
G0 F15000 X116.31 Y110.946
M204 S5000
;TYPE:WALL-OUTER
G1 F600 X118.686 Y110.946 E798.63974
G1 X118.686 Y107.222 E798.76979
G1 X116.31 Y107.222 E798.85277
G1 X116.31 Y110.946 E798.98282
M204 S10000
G0 F15000 X116.51 Y110.946
G0 X117.218 Y109.918
G1 F2700 E798.48282
G0 F15000 X117.027 Y110.718
G0 X117.027 Y111.823
G0 X117.021 Y118.177
G0 X117.021 Y119.282
G0 X116.73 Y119.47
M204 S5000
;TYPE:WALL-INNER
G1 F2700 E798.98282
G1 F600 X116.73 Y122.354 E799.08354
G1 X118.266 Y122.354 E799.13718
G1 X118.266 Y119.47 E799.2379
G1 X116.73 Y119.47 E799.29154
M204 S10000
G0 F15000 X116.31 Y119.05
M204 S5000
;TYPE:WALL-OUTER
G1 F600 X116.31 Y122.774 E799.42159
G1 X118.686 Y122.774 E799.50457
G1 X118.686 Y119.05 E799.63463
G1 X116.31 Y119.05 E799.7176
M204 S10000
G0 F15000 X116.31 Y119.25
G0 X117.341 Y119.959
G1 F2700 E799.2176
;MESH:NONMESH
G0 F600 Z62
G0 F15000 X117.015 Y119.282
G0 X117.015 Y118.177
G0 X117.021 Y111.823
G0 X117.021 Y110.718
G0 X116.73 Y110.458
;TIME_ELAPSED:1431.996349
;LAYER:309
;note -- min layer time used
M204 S5000
;TYPE:WALL-INNER
;MESH:Stickmaaaaan.obj
G1 F2700 E799.7176
G1 F600 X118.266 Y110.461 E799.77125
G1 X118.266 Y107.574 E799.87207
G1 X116.73 Y107.574 E799.92571
G1 X116.73 Y110.458 E800.02643
M204 S10000
G0 F15000 X116.31 Y110.878
M204 S5000
;TYPE:WALL-OUTER
G1 F600 X118.686 Y110.881 E800.10941
G1 X118.686 Y107.154 E800.23956
G1 X116.31 Y107.154 E800.32254
G1 X116.31 Y110.878 E800.4526
M204 S10000
G0 F15000 X116.51 Y110.878
G0 X117.218 Y109.852
G1 F2700 E799.9526
G0 F15000 X117.027 Y110.652
G0 X117.027 Y111.757
G0 X117.021 Y118.243
G0 X117.021 Y119.348
G0 X116.73 Y119.538
M204 S5000
;TYPE:WALL-INNER
G1 F2700 E800.4526
G1 F600 X116.73 Y122.422 E800.55331
G1 X118.266 Y122.422 E800.60696
G1 X118.266 Y119.538 E800.70767
G1 X116.73 Y119.538 E800.76132
M204 S10000
G0 F15000 X116.31 Y119.118
M204 S5000
;TYPE:WALL-OUTER
G1 F600 X116.31 Y122.842 E800.89137
G1 X118.686 Y122.842 E800.97435
G1 X118.686 Y119.118 E801.1044
G1 X116.31 Y119.118 E801.18738
M204 S10000
G0 F15000 X116.31 Y119.318
G0 X117.341 Y120.025
G1 F2700 E800.68738
;MESH:NONMESH
G0 F600 Z62.2
G0 F15000 X117.015 Y119.348
G0 X117.015 Y118.243
G0 X117.021 Y111.757
G0 X117.021 Y110.652
G0 X116.73 Y110.394
;TIME_ELAPSED:1436.601414
;LAYER:310
;note -- min layer time used
M204 S5000
;TYPE:WALL-INNER
;MESH:Stickmaaaaan.obj
G1 F2700 E801.18738
G1 F600 X118.266 Y110.394 E801.24102
G1 X118.266 Y107.51 E801.34174
G1 X116.73 Y107.51 E801.39538
G1 X116.73 Y110.394 E801.4961
M204 S10000
G0 F15000 X116.31 Y110.814
M204 S5000
;TYPE:WALL-OUTER
G1 F600 X118.686 Y110.814 E801.57908
G1 X118.686 Y107.09 E801.70913
G1 X116.31 Y107.09 E801.79211
G1 X116.31 Y110.814 E801.92216
M204 S10000
G0 F15000 X116.51 Y110.814
G0 X117.218 Y109.785
G1 F2700 E801.42216
G0 F15000 X117.027 Y110.585
G0 X117.027 Y111.69
G0 X117.021 Y118.31
G0 X117.021 Y119.415
G0 X116.73 Y119.603
M204 S5000
;TYPE:WALL-INNER
G1 F2700 E801.92216
G1 F600 X116.73 Y122.486 E802.02285
G1 X118.266 Y122.486 E802.07649
G1 X118.266 Y119.606 E802.17707
G1 X116.73 Y119.603 E802.23071
M204 S10000
G0 F15000 X116.31 Y119.183
M204 S5000
;TYPE:WALL-OUTER
G1 F600 X116.31 Y122.906 E802.36073
G1 X118.686 Y122.906 E802.4437
G1 X118.686 Y119.186 E802.57362
G1 X116.31 Y119.183 E802.6566
M204 S10000
G0 F15000 X116.31 Y119.383
G0 X117.341 Y120.092
G1 F2700 E802.1566
;MESH:NONMESH
G0 F600 Z62.4
G0 F15000 X117.015 Y119.415
G0 X117.015 Y118.31
G0 X117.021 Y111.69
G0 X117.021 Y110.585
G0 X116.73 Y110.326
;TIME_ELAPSED:1441.205975
;LAYER:311
;note -- min layer time used
M204 S5000
;TYPE:WALL-INNER
;MESH:Stickmaaaaan.obj
G1 F2700 E802.6566
G1 F600 X118.266 Y110.326 E802.71024
G1 X118.266 Y107.442 E802.81096
G1 X116.73 Y107.442 E802.8646
G1 X116.73 Y110.326 E802.96532
M204 S10000
G0 F15000 X116.31 Y110.746
M204 S5000
;TYPE:WALL-OUTER
G1 F600 X118.686 Y110.746 E803.04829
G1 X118.686 Y107.022 E803.17835
G1 X116.31 Y107.022 E803.26132
G1 X116.31 Y110.746 E803.39138
M204 S10000
G0 F15000 X116.51 Y110.746
G0 X117.218 Y109.718
G1 F2700 E802.89138
G0 F15000 X117.027 Y110.518
G0 X117.027 Y111.623
G0 X117.021 Y118.377
G0 X117.021 Y119.482
G0 X116.73 Y119.67
M204 S5000
;TYPE:WALL-INNER
G1 F2700 E803.39138
G1 F600 X116.73 Y122.554 E803.4921
G1 X118.266 Y122.554 E803.54574
G1 X118.266 Y119.67 E803.64646
G1 X116.73 Y119.67 E803.7001
M204 S10000
G0 F15000 X116.31 Y119.25
M204 S5000
;TYPE:WALL-OUTER
G1 F600 X116.31 Y122.974 E803.83015
G1 X118.686 Y122.974 E803.91313
G1 X118.686 Y119.25 E804.04318
G1 X116.31 Y119.25 E804.12616
M204 S10000
G0 F15000 X116.31 Y119.45
G0 X117.341 Y120.159
G1 F2700 E803.62616
;MESH:NONMESH
G0 F600 Z62.6
G0 F15000 X117.015 Y119.482
G0 X117.015 Y118.377
G0 X117.021 Y111.623
G0 X117.021 Y110.518
G0 X116.73 Y110.258
;TIME_ELAPSED:1445.812607
;LAYER:312
;note -- min layer time used
M204 S5000
;TYPE:WALL-INNER
;MESH:Stickmaaaaan.obj
G1 F2700 E804.12616
G1 F600 X118.266 Y110.261 E804.1798
G1 X118.266 Y107.374 E804.28063
G1 X116.73 Y107.374 E804.33427
G1 X116.73 Y110.258 E804.43499
M204 S10000
G0 F15000 X116.31 Y110.678
M204 S5000
;TYPE:WALL-OUTER
G1 F600 X118.686 Y110.681 E804.51796
G1 X118.686 Y106.954 E804.64812
G1 X116.31 Y106.954 E804.7311
G1 X116.31 Y110.678 E804.86115
M204 S10000
G0 F15000 X116.51 Y110.678
G0 X117.218 Y109.652
G1 F2700 E804.36115
G0 F15000 X117.027 Y110.452
G0 X117.027 Y111.557
G0 X117.021 Y118.443
G0 X117.021 Y119.548
G0 X116.73 Y119.738
M204 S5000
;TYPE:WALL-INNER
G1 F2700 E804.86115
G1 F600 X116.73 Y122.622 E804.96187
G1 X118.266 Y122.622 E805.01551
G1 X118.266 Y119.738 E805.11623
G1 X116.73 Y119.738 E805.16987
M204 S10000
G0 F15000 X116.31 Y119.318
M204 S5000
;TYPE:WALL-OUTER
G1 F600 X116.31 Y123.042 E805.29993
G1 X118.686 Y123.042 E805.38291
G1 X118.686 Y119.318 E805.51296
G1 X116.31 Y119.318 E805.59594
M204 S10000
G0 F15000 X116.31 Y119.518
G0 X117.341 Y120.225
G1 F2700 E805.09594
;MESH:NONMESH
G0 F600 Z62.8
G0 F15000 X117.015 Y119.548
G0 X117.015 Y118.443
G0 X117.021 Y111.557
G0 X117.021 Y110.452
G0 X116.73 Y110.194
;TIME_ELAPSED:1450.420872
;LAYER:313
;note -- min layer time used
M204 S5000
;TYPE:WALL-INNER
;MESH:Stickmaaaaan.obj
G1 F2700 E805.59594
G1 F600 X118.266 Y110.194 E805.64958
G1 X118.266 Y107.31 E805.7503
G1 X116.73 Y107.31 E805.80394
G1 X116.73 Y110.194 E805.90466
M204 S10000
G0 F15000 X116.31 Y110.614
M204 S5000
;TYPE:WALL-OUTER
G1 F600 X118.686 Y110.614 E805.98763
G1 X118.686 Y106.89 E806.11769
G1 X116.31 Y106.89 E806.20067
G1 X116.31 Y110.614 E806.33072
M204 S10000
G0 F15000 X116.51 Y110.614
G0 X117.218 Y109.585
G1 F2700 E805.83072
G0 F15000 X117.027 Y110.385
G0 X117.027 Y111.49
G0 X117.021 Y118.51
G0 X117.021 Y119.615
G0 X116.73 Y119.803
M204 S5000
;TYPE:WALL-INNER
G1 F2700 E806.33072
G1 F600 X116.73 Y122.686 E806.4314
G1 X118.266 Y122.686 E806.48505
G1 X118.266 Y119.806 E806.58562
G1 X116.73 Y119.803 E806.63927
M204 S10000
G0 F15000 X116.31 Y119.383
M204 S5000
;TYPE:WALL-OUTER
G1 F600 X116.31 Y123.106 E806.76928
G1 X118.686 Y123.106 E806.85226
G1 X118.686 Y119.386 E806.98218
G1 X116.31 Y119.383 E807.06515
M204 S10000
G0 F15000 X116.31 Y119.583
G0 X117.341 Y120.292
G1 F2700 E806.56515
;MESH:NONMESH
G0 F600 Z63
G0 F15000 X117.015 Y119.615
G0 X117.015 Y118.51
G0 X117.021 Y111.49
G0 X117.021 Y110.385
G0 X116.73 Y110.126
;TIME_ELAPSED:1455.028633
;LAYER:314
;note -- min layer time used
M204 S5000
;TYPE:WALL-INNER
;MESH:Stickmaaaaan.obj
G1 F2700 E807.06515
G1 F600 X118.266 Y110.126 E807.1188
G1 X118.266 Y107.242 E807.21951
G1 X116.73 Y107.242 E807.27316
G1 X116.73 Y110.126 E807.37387
M204 S10000
G0 F15000 X116.31 Y110.546
M204 S5000
;TYPE:WALL-OUTER
G1 F600 X118.686 Y110.546 E807.45685
G1 X118.686 Y106.822 E807.58691
G1 X116.31 Y106.822 E807.66988
G1 X116.31 Y110.546 E807.79994
M204 S10000
G0 F15000 X116.51 Y110.546
G0 X117.218 Y109.518
G1 F2700 E807.29994
G0 F15000 X117.028 Y110.318
G0 X117.028 Y111.423
G0 X117.022 Y118.577
G0 X117.022 Y119.682
G0 X116.73 Y119.87
M204 S5000
;TYPE:WALL-INNER
G1 F2700 E807.79994
G1 F600 X116.73 Y122.754 E807.90065
G1 X118.266 Y122.754 E807.9543
G1 X118.266 Y119.87 E808.05502
G1 X116.73 Y119.87 E808.10866
M204 S10000
G0 F15000 X116.31 Y119.45
M204 S5000
;TYPE:WALL-OUTER
G1 F600 X116.31 Y123.174 E808.23871
G1 X118.686 Y123.174 E808.32169
G1 X118.686 Y119.45 E808.45174
G1 X116.31 Y119.45 E808.53472
M204 S10000
G0 F15000 X116.31 Y119.65
G0 X117.341 Y120.359
G1 F2700 E808.03472
;MESH:NONMESH
G0 F600 Z63.2
G0 F15000 X117.014 Y119.682
G0 X117.014 Y118.577
G0 X117.02 Y111.423
G0 X117.02 Y110.318
G0 X116.73 Y110.058
;TIME_ELAPSED:1459.638452
;LAYER:315
;note -- min layer time used
M204 S5000
;TYPE:WALL-INNER
;MESH:Stickmaaaaan.obj
G1 F2700 E808.53472
G1 F600 X118.266 Y110.061 E808.58836
G1 X118.266 Y107.174 E808.68918
G1 X116.73 Y107.174 E808.74283
G1 X116.73 Y110.058 E808.84354
M204 S10000
G0 F15000 X116.31 Y110.478
M204 S5000
;TYPE:WALL-OUTER
G1 F600 X118.686 Y110.481 E808.92652
G1 X118.686 Y106.754 E809.05668
G1 X116.31 Y106.754 E809.13966
G1 X116.31 Y110.478 E809.26971
M204 S10000
G0 F15000 X116.51 Y110.478
G0 X117.218 Y109.452
G1 F2700 E808.76971
G0 F15000 X117.028 Y110.252
G0 X117.028 Y111.357
G0 X117.022 Y118.643
G0 X117.022 Y119.748
G0 X116.73 Y119.938
M204 S5000
;TYPE:WALL-INNER
G1 F2700 E809.26971
G1 F600 X116.73 Y122.822 E809.37043
G1 X118.266 Y122.822 E809.42407
G1 X118.266 Y119.938 E809.52479
G1 X116.73 Y119.938 E809.57843
M204 S10000
G0 F15000 X116.31 Y119.518
M204 S5000
;TYPE:WALL-OUTER
G1 F600 X116.31 Y123.242 E809.70849
G1 X118.686 Y123.242 E809.79146
G1 X118.686 Y119.518 E809.92152
G1 X116.31 Y119.518 E810.00449
M204 S10000
G0 F15000 X116.31 Y119.718
G0 X117.341 Y120.425
G1 F2700 E809.50449
;MESH:NONMESH
G0 F600 Z63.4
G0 F15000 X117.014 Y119.748
G0 X117.014 Y118.643
G0 X117.02 Y111.357
G0 X117.02 Y110.252
G0 X116.73 Y109.994
;TIME_ELAPSED:1464.249902
;LAYER:316
;note -- min layer time used
M204 S5000
;TYPE:WALL-INNER
;MESH:Stickmaaaaan.obj
G1 F2700 E810.00449
G1 F600 X118.266 Y109.994 E810.05814
G1 X118.266 Y107.11 E810.15886
G1 X116.73 Y107.11 E810.2125
G1 X116.73 Y109.994 E810.31322
M204 S10000
G0 F15000 X116.31 Y110.414
M204 S5000
;TYPE:WALL-OUTER
G1 F600 X118.686 Y110.414 E810.39619
G1 X118.686 Y106.69 E810.52625
G1 X116.31 Y106.69 E810.60922
G1 X116.31 Y110.414 E810.73928
M204 S10000
G0 F15000 X116.51 Y110.414
G0 X117.218 Y109.385
G1 F2700 E810.23928
G0 F15000 X117.028 Y110.185
G0 X117.028 Y111.29
G0 X117.022 Y118.71
G0 X117.022 Y119.815
G0 X116.73 Y120.003
M204 S5000
;TYPE:WALL-INNER
G1 F2700 E810.73928
G1 F600 X116.73 Y122.886 E810.83996
G1 X118.266 Y122.886 E810.8936
G1 X118.266 Y120.006 E810.99418
G1 X116.73 Y120.003 E811.04782
M204 S10000
G0 F15000 X116.31 Y119.583
M204 S5000
;TYPE:WALL-OUTER
G1 F600 X116.31 Y123.306 E811.17784
G1 X118.686 Y123.306 E811.26082
G1 X118.686 Y119.586 E811.39073
G1 X116.31 Y119.583 E811.47371
M204 S10000
G0 F15000 X116.31 Y119.783
G0 X117.341 Y120.492
G1 F2700 E810.97371
;MESH:NONMESH
G0 F600 Z63.6
G0 F15000 X117.014 Y119.815
G0 X117.014 Y118.71
G0 X117.02 Y111.29
G0 X117.02 Y110.185
G0 X116.73 Y109.926
;TIME_ELAPSED:1468.860849
;LAYER:317
;note -- min layer time used
M204 S5000
;TYPE:WALL-INNER
;MESH:Stickmaaaaan.obj
G1 F2700 E811.47371
G1 F600 X118.266 Y109.926 E811.52735
G1 X118.266 Y107.042 E811.62807
G1 X116.73 Y107.042 E811.68171
G1 X116.73 Y109.926 E811.78243
M204 S10000
G0 F15000 X116.31 Y110.346
M204 S5000
;TYPE:WALL-OUTER
G1 F600 X118.686 Y110.346 E811.86541
G1 X118.686 Y106.622 E811.99546
G1 X116.31 Y106.622 E812.07844
G1 X116.31 Y110.346 E812.20849
M204 S10000
G0 F15000 X116.51 Y110.346
G0 X117.218 Y109.318
G1 F2700 E811.70849
G0 F15000 X117.028 Y110.118
G0 X117.028 Y111.223
G0 X117.022 Y118.777
G0 X117.022 Y119.882
G0 X116.73 Y120.07
M204 S5000
;TYPE:WALL-INNER
G1 F2700 E812.20849
G1 F600 X116.73 Y122.954 E812.30921
G1 X118.266 Y122.954 E812.36285
G1 X118.266 Y120.07 E812.46357
G1 X116.73 Y120.07 E812.51722
M204 S10000
G0 F15000 X116.31 Y119.65
M204 S5000
;TYPE:WALL-OUTER
G1 F600 X116.31 Y123.374 E812.64727
G1 X118.686 Y123.374 E812.73025
G1 X118.686 Y119.65 E812.8603
G1 X116.31 Y119.65 E812.94328
M204 S10000
G0 F15000 X116.31 Y119.85
G0 X117.341 Y120.559
G1 F2700 E812.44328
;MESH:NONMESH
G0 F600 Z63.8
G0 F15000 X117.014 Y119.882
G0 X117.014 Y118.777
G0 X117.02 Y111.223
G0 X117.02 Y110.118
G0 X116.73 Y109.858
;TIME_ELAPSED:1473.473867
;LAYER:318
;note -- min layer time used
M204 S5000
;TYPE:WALL-INNER
;MESH:Stickmaaaaan.obj
G1 F2700 E812.94328
G1 F600 X118.266 Y109.861 E812.99692
G1 X118.266 Y106.975 E813.09771
G1 X116.73 Y106.978 E813.15135
G1 X116.73 Y109.858 E813.25193
M204 S10000
G0 F15000 X116.31 Y110.278
M204 S5000
;TYPE:WALL-OUTER
G1 F600 X118.686 Y110.281 E813.33491
G1 X118.686 Y106.555 E813.46503
G1 X116.31 Y106.558 E813.54801
G1 X116.31 Y110.278 E813.67792
M204 S10000
G0 F15000 X116.51 Y110.278
G0 X117.218 Y109.252
G1 F2700 E813.17792
G0 F15000 X117.028 Y110.052
G0 X117.028 Y111.157
G0 X117.028 Y118.844
G0 X117.028 Y119.949
G0 X116.73 Y120.138
M204 S5000
;TYPE:WALL-INNER
G1 F2700 E813.67792
G1 F600 X116.73 Y123.022 E813.77864
G1 X118.266 Y123.022 E813.83228
G1 X118.266 Y120.138 E813.933
G1 X116.73 Y120.138 E813.98664
M204 S10000
G0 F15000 X116.31 Y119.718
M204 S5000
;TYPE:WALL-OUTER
G1 F600 X116.31 Y123.442 E814.1167
G1 X118.686 Y123.442 E814.19967
G1 X118.686 Y119.718 E814.32973
G1 X116.31 Y119.718 E814.4127
M204 S10000
G0 F15000 X116.31 Y119.918
G0 X117.341 Y120.625
G1 F2700 E813.9127
;MESH:NONMESH
G0 F600 Z64
G0 F15000 X117.021 Y119.949
G0 X117.021 Y118.844
G0 X117.028 Y111.157
G0 X117.028 Y110.052
G0 X116.73 Y109.794
;TIME_ELAPSED:1478.087641
;LAYER:319
;note -- min layer time used
M204 S5000
;TYPE:WALL-INNER
;MESH:Stickmaaaaan.obj
G1 F2700 E814.4127
G1 F600 X118.266 Y109.794 E814.46635
G1 X118.266 Y106.91 E814.56706
G1 X116.73 Y106.91 E814.62071
G1 X116.73 Y109.794 E814.72142
M204 S10000
G0 F15000 X116.31 Y110.214
M204 S5000
;TYPE:WALL-OUTER
G1 F600 X118.686 Y110.214 E814.8044
G1 X118.686 Y106.49 E814.93446
G1 X116.31 Y106.49 E815.01743
G1 X116.31 Y110.214 E815.14749
M204 S10000
G0 F15000 X116.51 Y110.214
G0 X117.218 Y109.185
G1 F2700 E814.64749
G0 F15000 X117.028 Y109.985
G0 X117.028 Y111.09
G0 X117.028 Y118.911
G0 X117.028 Y120.016
G0 X116.73 Y120.206
M204 S5000
;TYPE:WALL-INNER
G1 F2700 E815.14749
G1 F600 X116.73 Y123.086 E815.24807
G1 X118.266 Y123.086 E815.30171
G1 X118.266 Y120.206 E815.40229
G1 X116.73 Y120.206 E815.45593
M204 S10000
G0 F15000 X116.31 Y119.786
M204 S5000
;TYPE:WALL-OUTER
G1 F600 X116.31 Y123.506 E815.58584
G1 X118.686 Y123.506 E815.66882
G1 X118.686 Y119.786 E815.79873
G1 X116.31 Y119.786 E815.88171
M204 S10000
G0 F15000 X116.31 Y119.986
G0 X117.341 Y120.692
G1 F2700 E815.38171
;MESH:NONMESH
G0 F600 Z64.2
G0 F15000 X117.021 Y120.016
G0 X117.021 Y118.911
G0 X117.028 Y111.09
G0 X117.028 Y109.985
G0 X116.73 Y109.726
;TIME_ELAPSED:1482.701317
;LAYER:320
;note -- min layer time used
M204 S5000
;TYPE:WALL-INNER
;MESH:Stickmaaaaan.obj
G1 F2700 E815.88171
G1 F600 X118.266 Y109.726 E815.93535
G1 X118.266 Y106.842 E816.03607
G1 X116.73 Y106.842 E816.08971
G1 X116.73 Y109.726 E816.19043
M204 S10000
G0 F15000 X116.31 Y110.146
M204 S5000
;TYPE:WALL-OUTER
G1 F600 X118.686 Y110.146 E816.27341
G1 X118.686 Y106.422 E816.40346
G1 X116.31 Y106.422 E816.48644
G1 X116.31 Y110.146 E816.61649
M204 S10000
G0 F15000 X116.51 Y110.146
G0 X117.218 Y109.118
G1 F2700 E816.11649
G0 F15000 X117.028 Y109.918
G0 X117.028 Y111.023
G0 X117.028 Y118.978
G0 X117.028 Y120.083
G0 X116.73 Y120.27
M204 S5000
;TYPE:WALL-INNER
G1 F2700 E816.61649
G1 F600 X116.73 Y123.154 E816.71721
G1 X118.266 Y123.154 E816.77085
G1 X118.266 Y120.27 E816.87157
G1 X116.73 Y120.27 E816.92521
M204 S10000
G0 F15000 X116.31 Y119.85
M204 S5000
;TYPE:WALL-OUTER
G1 F600 X116.31 Y123.574 E817.05527
G1 X118.686 Y123.574 E817.13825
G1 X118.686 Y119.85 E817.2683
G1 X116.31 Y119.85 E817.35128
M204 S10000
G0 F15000 X116.31 Y120.05
G0 X117.341 Y120.759
G1 F2700 E816.85128
;MESH:NONMESH
G0 F600 Z64.4
G0 F15000 X117.021 Y120.083
G0 X117.021 Y118.978
G0 X117.028 Y111.023
G0 X117.028 Y109.918
G0 X116.73 Y109.658
;TIME_ELAPSED:1487.317659
;LAYER:321
;note -- min layer time used
M204 S5000
;TYPE:WALL-INNER
;MESH:Stickmaaaaan.obj
G1 F2700 E817.35128
G1 F600 X118.266 Y109.661 E817.40492
G1 X118.266 Y106.775 E817.50571
G1 X116.73 Y106.778 E817.55935
G1 X116.73 Y109.658 E817.65993
M204 S10000
G0 F15000 X116.31 Y110.078
M204 S5000
;TYPE:WALL-OUTER
G1 F600 X118.686 Y110.081 E817.74291
G1 X118.686 Y106.355 E817.87303
G1 X116.31 Y106.358 E817.95601
G1 X116.31 Y110.078 E818.08592
M204 S10000
G0 F15000 X116.51 Y110.078
G0 X117.218 Y109.052
G1 F2700 E817.58592
G0 F15000 X117.028 Y109.852
G0 X117.028 Y110.957
G0 X117.028 Y119.044
G0 X117.028 Y120.149
G0 X116.73 Y120.338
M204 S5000
;TYPE:WALL-INNER
G1 F2700 E818.08592
G1 F600 X116.73 Y123.222 E818.18664
G1 X118.266 Y123.222 E818.24028
G1 X118.266 Y120.338 E818.341
G1 X116.73 Y120.338 E818.39464
M204 S10000
G0 F15000 X116.31 Y119.918
M204 S5000
;TYPE:WALL-OUTER
G1 F600 X116.31 Y123.642 E818.52469
G1 X118.686 Y123.642 E818.60767
G1 X118.686 Y119.918 E818.73773
G1 X116.31 Y119.918 E818.8207
M204 S10000
G0 F15000 X116.31 Y120.118
G0 X117.341 Y120.825
G1 F2700 E818.3207
;MESH:NONMESH
G0 F600 Z64.6
G0 F15000 X117.021 Y120.149
G0 X117.021 Y119.044
G0 X117.028 Y110.957
G0 X117.028 Y109.852
G0 X116.73 Y109.594
;TIME_ELAPSED:1491.934633
;LAYER:322
;note -- min layer time used
M204 S5000
;TYPE:WALL-INNER
;MESH:Stickmaaaaan.obj
G1 F2700 E818.8207
G1 F600 X118.266 Y109.594 E818.87435
G1 X118.266 Y106.71 E818.97506
G1 X116.73 Y106.71 E819.02871
G1 X116.73 Y109.594 E819.12942
M204 S10000
G0 F15000 X116.31 Y110.014
M204 S5000
;TYPE:WALL-OUTER
G1 F600 X118.686 Y110.014 E819.2124
G1 X118.686 Y106.29 E819.34245
G1 X116.31 Y106.29 E819.42543
G1 X116.31 Y110.014 E819.55549
M204 S10000
G0 F15000 X116.51 Y110.014
G0 X117.218 Y108.985
G1 F2700 E819.05549
G0 F15000 X117.028 Y109.785
G0 X117.028 Y110.89
G0 X117.028 Y119.111
G0 X117.028 Y120.216
G0 X116.73 Y120.406
M204 S5000
;TYPE:WALL-INNER
G1 F2700 E819.55549
G1 F600 X116.73 Y123.286 E819.65606
G1 X118.266 Y123.286 E819.70971
G1 X118.266 Y120.406 E819.81029
G1 X116.73 Y120.406 E819.86393
M204 S10000
G0 F15000 X116.31 Y119.986
M204 S5000
;TYPE:WALL-OUTER
G1 F600 X116.31 Y123.706 E819.99384
G1 X118.686 Y123.706 E820.07682
G1 X118.686 Y119.986 E820.20673
G1 X116.31 Y119.986 E820.28971
M204 S10000
G0 F15000 X116.31 Y120.186
G0 X117.341 Y120.892
G1 F2700 E819.78971
;MESH:NONMESH
G0 F600 Z64.8
G0 F15000 X117.021 Y120.216
G0 X117.021 Y119.111
G0 X117.028 Y110.89
G0 X117.028 Y109.785
G0 X116.73 Y109.526
;TIME_ELAPSED:1496.551508
;LAYER:323
;note -- min layer time used
M204 S5000
;TYPE:WALL-INNER
;MESH:Stickmaaaaan.obj
G1 F2700 E820.28971
G1 F600 X118.266 Y109.526 E820.34335
G1 X118.266 Y106.642 E820.44407
G1 X116.73 Y106.642 E820.49771
G1 X116.73 Y109.526 E820.59843
M204 S10000
G0 F15000 X116.31 Y109.946
M204 S5000
;TYPE:WALL-OUTER
G1 F600 X118.686 Y109.946 E820.68141
G1 X118.686 Y106.222 E820.81146
G1 X116.31 Y106.222 E820.89444
G1 X116.31 Y109.946 E821.02449
M204 S10000
G0 F15000 X116.51 Y109.946
G0 X117.218 Y108.918
G1 F2700 E820.52449
G0 F15000 X117.028 Y109.718
G0 X117.028 Y110.823
G0 X117.028 Y119.178
G0 X117.028 Y120.283
G0 X116.73 Y120.47
M204 S5000
;TYPE:WALL-INNER
G1 F2700 E821.02449
G1 F600 X116.73 Y123.354 E821.12521
G1 X118.266 Y123.354 E821.17885
G1 X118.266 Y120.47 E821.27957
G1 X116.73 Y120.47 E821.33321
M204 S10000
G0 F15000 X116.31 Y120.05
M204 S5000
;TYPE:WALL-OUTER
G1 F600 X116.31 Y123.774 E821.46327
G1 X118.686 Y123.774 E821.54624
G1 X118.686 Y120.05 E821.6763
G1 X116.31 Y120.05 E821.75928
M204 S10000
G0 F15000 X116.31 Y120.25
G0 X117.341 Y120.959
G1 F2700 E821.25928
;MESH:NONMESH
G0 F600 Z65
G0 F15000 X117.021 Y120.283
G0 X117.021 Y119.178
G0 X117.028 Y110.823
G0 X117.028 Y109.718
G0 X116.73 Y109.458
;TIME_ELAPSED:1501.171050
;LAYER:324
;note -- min layer time used
M204 S5000
;TYPE:WALL-INNER
;MESH:Stickmaaaaan.obj
G1 F2700 E821.75928
G1 F600 X118.266 Y109.461 E821.81292
G1 X118.266 Y106.574 E821.91374
G1 X116.73 Y106.574 E821.96738
G1 X116.73 Y109.458 E822.0681
M204 S10000
G0 F15000 X116.31 Y109.878
M204 S5000
;TYPE:WALL-OUTER
G1 F600 X118.686 Y109.881 E822.15108
G1 X118.686 Y106.154 E822.28124
G1 X116.31 Y106.154 E822.36421
G1 X116.31 Y109.878 E822.49427
M204 S10000
G0 F15000 X116.51 Y109.878
G0 X117.218 Y108.852
G1 F2700 E821.99427
G0 F15000 X117.028 Y109.652
G0 X117.028 Y110.757
G0 X117.021 Y119.243
G0 X117.021 Y120.348
G0 X116.73 Y120.538
M204 S5000
;TYPE:WALL-INNER
G1 F2700 E822.49427
G1 F600 X116.73 Y123.422 E822.59499
G1 X118.266 Y123.422 E822.64863
G1 X118.266 Y120.538 E822.74935
G1 X116.73 Y120.538 E822.80299
M204 S10000
G0 F15000 X116.31 Y120.118
M204 S5000
;TYPE:WALL-OUTER
G1 F600 X116.31 Y123.842 E822.93304
G1 X118.686 Y123.842 E823.01602
G1 X118.686 Y120.118 E823.14607
G1 X116.31 Y120.118 E823.22905
M204 S10000
G0 F15000 X116.31 Y120.318
G0 X117.341 Y121.025
G1 F2700 E822.72905
;MESH:NONMESH
G0 F600 Z65.2
G0 F15000 X117.014 Y120.348
G0 X117.014 Y119.243
G0 X117.021 Y110.757
G0 X117.021 Y109.652
G0 X116.73 Y109.394
;TIME_ELAPSED:1505.792099
;LAYER:325
;note -- min layer time used
M204 S5000
;TYPE:WALL-INNER
;MESH:Stickmaaaaan.obj
G1 F2700 E823.22905
G1 F600 X118.266 Y109.394 E823.28269
G1 X118.266 Y106.51 E823.38341
G1 X116.73 Y106.51 E823.43705
G1 X116.73 Y109.394 E823.53777
M204 S10000
G0 F15000 X116.31 Y109.814
M204 S5000
;TYPE:WALL-OUTER
G1 F600 X118.686 Y109.814 E823.62075
G1 X118.686 Y106.09 E823.7508
G1 X116.31 Y106.09 E823.83378
G1 X116.31 Y109.814 E823.96383
M204 S10000
G0 F15000 X116.51 Y109.814
G0 X117.218 Y108.785
G1 F2700 E823.46383
G0 F15000 X117.028 Y109.585
G0 X117.028 Y110.69
G0 X117.021 Y119.31
G0 X117.021 Y120.415
G0 X116.73 Y120.603
M204 S5000
;TYPE:WALL-INNER
G1 F2700 E823.96383
G1 F600 X116.73 Y123.486 E824.06452
G1 X118.266 Y123.486 E824.11816
G1 X118.266 Y120.606 E824.21874
G1 X116.73 Y120.603 E824.27238
M204 S10000
G0 F15000 X116.31 Y120.183
M204 S5000
;TYPE:WALL-OUTER
G1 F600 X116.31 Y123.906 E824.4024
G1 X118.686 Y123.906 E824.48538
G1 X118.686 Y120.186 E824.61529
G1 X116.31 Y120.183 E824.69827
M204 S10000
G0 F15000 X116.31 Y120.383
G0 X117.341 Y121.092
G1 F2700 E824.19827
;MESH:NONMESH
G0 F600 Z65.4
G0 F15000 X117.014 Y120.415
G0 X117.014 Y119.31
G0 X117.021 Y110.69
G0 X117.021 Y109.585
G0 X116.73 Y109.326
;TIME_ELAPSED:1510.412645
;LAYER:326
;note -- min layer time used
M204 S5000
;TYPE:WALL-INNER
;MESH:Stickmaaaaan.obj
G1 F2700 E824.69827
G1 F600 X118.266 Y109.326 E824.75191
G1 X118.266 Y106.442 E824.85263
G1 X116.73 Y106.442 E824.90627
G1 X116.73 Y109.326 E825.00699
M204 S10000
G0 F15000 X116.31 Y109.746
M204 S5000
;TYPE:WALL-OUTER
G1 F600 X118.686 Y109.746 E825.08997
G1 X118.686 Y106.022 E825.22002
G1 X116.31 Y106.022 E825.303
G1 X116.31 Y109.746 E825.43305
M204 S10000
G0 F15000 X116.51 Y109.746
G0 X117.218 Y108.718
G1 F2700 E824.93305
G0 F15000 X117.028 Y109.518
G0 X117.028 Y110.623
G0 X117.021 Y119.377
G0 X117.021 Y120.482
G0 X116.73 Y120.67
M204 S5000
;TYPE:WALL-INNER
G1 F2700 E825.43305
G1 F600 X116.73 Y123.554 E825.53377
G1 X118.266 Y123.554 E825.58741
G1 X118.266 Y120.67 E825.68813
G1 X116.73 Y120.67 E825.74177
M204 S10000
G0 F15000 X116.31 Y120.25
M204 S5000
;TYPE:WALL-OUTER
G1 F600 X116.31 Y123.974 E825.87183
G1 X118.686 Y123.974 E825.9548
G1 X118.686 Y120.25 E826.08486
G1 X116.31 Y120.25 E826.16783
M204 S10000
G0 F15000 X116.31 Y120.45
G0 X117.341 Y121.159
G1 F2700 E825.66783
;MESH:NONMESH
G0 F600 Z65.6
G0 F15000 X117.014 Y120.482
G0 X117.014 Y119.377
G0 X117.021 Y110.623
G0 X117.021 Y109.518
G0 X116.73 Y109.258
;TIME_ELAPSED:1515.035262
;LAYER:327
;note -- min layer time used
M204 S5000
;TYPE:WALL-INNER
;MESH:Stickmaaaaan.obj
G1 F2700 E826.16783
G1 F600 X118.266 Y109.261 E826.22148
G1 X118.266 Y106.374 E826.3223
G1 X116.73 Y106.374 E826.37594
G1 X116.73 Y109.258 E826.47666
M204 S10000
G0 F15000 X116.31 Y109.678
M204 S5000
;TYPE:WALL-OUTER
G1 F600 X118.686 Y109.681 E826.55964
G1 X118.686 Y105.954 E826.6898
G1 X116.31 Y105.954 E826.77277
G1 X116.31 Y109.678 E826.90283
M204 S10000
G0 F15000 X116.51 Y109.678
G0 X117.218 Y108.652
G1 F2700 E826.40283
G0 F15000 X117.028 Y109.452
G0 X117.028 Y110.557
G0 X117.021 Y119.443
G0 X117.021 Y120.548
G0 X116.73 Y120.738
M204 S5000
;TYPE:WALL-INNER
G1 F2700 E826.90283
G1 F600 X116.73 Y123.622 E827.00355
G1 X118.266 Y123.622 E827.05719
G1 X118.266 Y120.738 E827.15791
G1 X116.73 Y120.738 E827.21155
M204 S10000
G0 F15000 X116.31 Y120.318
M204 S5000
;TYPE:WALL-OUTER
G1 F600 X116.31 Y124.042 E827.3416
G1 X118.686 Y124.042 E827.42458
G1 X118.686 Y120.318 E827.55463
G1 X116.31 Y120.318 E827.63761
M204 S10000
G0 F15000 X116.31 Y120.518
G0 X117.341 Y121.225
G1 F2700 E827.13761
;MESH:NONMESH
G0 F600 Z65.8
G0 F15000 X117.014 Y120.548
G0 X117.014 Y119.443
G0 X117.021 Y110.557
G0 X117.021 Y109.452
G0 X116.73 Y109.194
;TIME_ELAPSED:1519.659512
;LAYER:328
;note -- min layer time used
M204 S5000
;TYPE:WALL-INNER
;MESH:Stickmaaaaan.obj
G1 F2700 E827.63761
G1 F600 X118.266 Y109.194 E827.69125
G1 X118.266 Y106.31 E827.79197
G1 X116.73 Y106.31 E827.84561
G1 X116.73 Y109.194 E827.94633
M204 S10000
G0 F15000 X116.31 Y109.614
M204 S5000
;TYPE:WALL-OUTER
G1 F600 X118.686 Y109.614 E828.02931
G1 X118.686 Y105.89 E828.15936
G1 X116.31 Y105.89 E828.24234
G1 X116.31 Y109.614 E828.37239
M204 S10000
G0 F15000 X116.51 Y109.614
G0 X117.218 Y108.585
G1 F2700 E827.87239
G0 F15000 X117.028 Y109.385
G0 X117.028 Y110.49
G0 X117.021 Y119.51
G0 X117.021 Y120.615
G0 X116.73 Y120.803
M204 S5000
;TYPE:WALL-INNER
G1 F2700 E828.37239
G1 F600 X116.73 Y123.686 E828.47308
G1 X118.266 Y123.686 E828.52672
G1 X118.266 Y120.806 E828.6273
G1 X116.73 Y120.803 E828.68094
M204 S10000
G0 F15000 X116.31 Y120.383
M204 S5000
;TYPE:WALL-OUTER
G1 F600 X116.31 Y124.106 E828.81096
G1 X118.686 Y124.106 E828.89393
G1 X118.686 Y120.386 E829.02385
G1 X116.31 Y120.383 E829.10683
M204 S10000
G0 F15000 X116.31 Y120.583
G0 X117.341 Y121.292
G1 F2700 E828.60683
;MESH:NONMESH
G0 F600 Z66
G0 F15000 X117.014 Y120.615
G0 X117.014 Y119.51
G0 X117.021 Y110.49
G0 X117.021 Y109.385
G0 X116.73 Y109.126
;TIME_ELAPSED:1524.283257
;LAYER:329
;note -- min layer time used
M204 S5000
;TYPE:WALL-INNER
;MESH:Stickmaaaaan.obj
G1 F2700 E829.10683
G1 F600 X118.266 Y109.126 E829.16047
G1 X118.266 Y106.242 E829.26119
G1 X116.73 Y106.242 E829.31483
G1 X116.73 Y109.126 E829.41555
M204 S10000
G0 F15000 X116.31 Y109.546
M204 S5000
;TYPE:WALL-OUTER
G1 F600 X118.686 Y109.546 E829.49852
G1 X118.686 Y105.822 E829.62858
G1 X116.31 Y105.822 E829.71156
G1 X116.31 Y109.546 E829.84161
M204 S10000
G0 F15000 X116.51 Y109.546
G0 X117.218 Y108.518
G1 F2700 E829.34161
G0 F15000 X117.029 Y109.318
G0 X117.029 Y110.423
G0 X117.022 Y119.577
G0 X117.022 Y120.682
G0 X116.73 Y120.87
M204 S5000
;TYPE:WALL-INNER
G1 F2700 E829.84161
G1 F600 X116.73 Y123.754 E829.94233
G1 X118.266 Y123.754 E829.99597
G1 X118.266 Y120.87 E830.09669
G1 X116.73 Y120.87 E830.15033
M204 S10000
G0 F15000 X116.31 Y120.45
M204 S5000
;TYPE:WALL-OUTER
G1 F600 X116.31 Y124.174 E830.28038
G1 X118.686 Y124.174 E830.36336
G1 X118.686 Y120.45 E830.49341
G1 X116.31 Y120.45 E830.57639
M204 S10000
G0 F15000 X116.31 Y120.65
G0 X117.341 Y121.359
G1 F2700 E830.07639
;MESH:NONMESH
G0 F600 Z66.2
G0 F15000 X117.013 Y120.682
G0 X117.013 Y119.577
G0 X117.02 Y110.423
G0 X117.02 Y109.318
G0 X116.73 Y109.058
;TIME_ELAPSED:1528.909061
;LAYER:330
;note -- min layer time used
M204 S5000
;TYPE:WALL-INNER
;MESH:Stickmaaaaan.obj
G1 F2700 E830.57639
G1 F600 X118.266 Y109.061 E830.63003
G1 X118.266 Y106.174 E830.73086
G1 X116.73 Y106.174 E830.7845
G1 X116.73 Y109.058 E830.88522
M204 S10000
G0 F15000 X116.31 Y109.478
M204 S5000
;TYPE:WALL-OUTER
G1 F600 X118.686 Y109.481 E830.9682
G1 X118.686 Y105.754 E831.09835
G1 X116.31 Y105.754 E831.18133
G1 X116.31 Y109.478 E831.31138
M204 S10000
G0 F15000 X116.51 Y109.478
G0 X117.218 Y108.452
G1 F2700 E830.81138
G0 F15000 X117.029 Y109.252
G0 X117.029 Y110.357
G0 X117.022 Y119.643
G0 X117.022 Y120.748
G0 X116.73 Y120.938
M204 S5000
;TYPE:WALL-INNER
G1 F2700 E831.31138
G1 F600 X116.73 Y123.822 E831.4121
G1 X118.266 Y123.822 E831.46575
G1 X118.266 Y120.938 E831.56646
G1 X116.73 Y120.938 E831.62011
M204 S10000
G0 F15000 X116.31 Y120.518
M204 S5000
;TYPE:WALL-OUTER
G1 F600 X116.31 Y124.242 E831.75016
G1 X118.686 Y124.242 E831.83314
G1 X118.686 Y120.518 E831.96319
G1 X116.31 Y120.518 E832.04617
M204 S10000
G0 F15000 X116.31 Y120.718
G0 X117.341 Y121.425
G1 F2700 E831.54617
;MESH:NONMESH
G0 F600 Z66.4
G0 F15000 X117.013 Y120.748
G0 X117.013 Y119.643
G0 X117.02 Y110.357
G0 X117.02 Y109.252
G0 X116.73 Y108.994
;TIME_ELAPSED:1533.536495
;LAYER:331
;note -- min layer time used
M204 S5000
;TYPE:WALL-INNER
;MESH:Stickmaaaaan.obj
G1 F2700 E832.04617
G1 F600 X118.266 Y108.994 E832.09981
G1 X118.266 Y106.11 E832.20053
G1 X116.73 Y106.11 E832.25417
G1 X116.73 Y108.994 E832.35489
M204 S10000
G0 F15000 X116.31 Y109.414
M204 S5000
;TYPE:WALL-OUTER
G1 F600 X118.686 Y109.414 E832.43787
G1 X118.686 Y105.69 E832.56792
G1 X116.31 Y105.69 E832.6509
G1 X116.31 Y109.414 E832.78095
M204 S10000
G0 F15000 X116.51 Y109.414
G0 X117.218 Y108.385
G1 F2700 E832.28095
G0 F15000 X117.029 Y109.185
G0 X117.029 Y110.29
G0 X117.022 Y119.71
G0 X117.022 Y120.815
G0 X116.73 Y121.003
M204 S5000
;TYPE:WALL-INNER
G1 F2700 E832.78095
G1 F600 X116.73 Y123.886 E832.88163
G1 X118.266 Y123.886 E832.93528
G1 X118.266 Y121.006 E833.03585
G1 X116.73 Y121.003 E833.0895
M204 S10000
G0 F15000 X116.31 Y120.583
M204 S5000
;TYPE:WALL-OUTER
G1 F600 X116.31 Y124.306 E833.21952
G1 X118.686 Y124.306 E833.30249
G1 X118.686 Y120.586 E833.43241
G1 X116.31 Y120.583 E833.51538
M204 S10000
G0 F15000 X116.31 Y120.783
G0 X117.341 Y121.492
G1 F2700 E833.01538
;MESH:NONMESH
G0 F600 Z66.6
G0 F15000 X117.013 Y120.815
G0 X117.013 Y119.71
G0 X117.02 Y110.29
G0 X117.02 Y109.185
G0 X116.73 Y108.926
;TIME_ELAPSED:1538.163427
;LAYER:332
;note -- min layer time used
M204 S5000
;TYPE:WALL-INNER
;MESH:Stickmaaaaan.obj
G1 F2700 E833.51538
G1 F600 X118.266 Y108.926 E833.56903
G1 X118.266 Y106.042 E833.66974
G1 X116.73 Y106.042 E833.72339
G1 X116.73 Y108.926 E833.82411
M204 S10000
G0 F15000 X116.31 Y109.346
M204 S5000
;TYPE:WALL-OUTER
G1 F600 X118.686 Y109.346 E833.90708
G1 X118.686 Y105.622 E834.03714
G1 X116.31 Y105.622 E834.12011
G1 X116.31 Y109.346 E834.25017
M204 S10000
G0 F15000 X116.51 Y109.346
G0 X116.991 Y108.667
G0 X117.147 Y107.041
;TYPE:SKIN
G1 F433 X117.147 Y106.459 E834.27833
G1 X117.849 Y106.459 E834.3123
G1 X117.849 Y107.041 E834.34047
G1 X117.147 Y107.041 E834.37444
G0 F15000 X117.341 Y107.041
G1 F2700 E833.87444
G0 F15000 X117.029 Y109.118
G0 X117.029 Y110.223
G0 X117.022 Y119.777
G0 X117.022 Y120.882
G0 X116.73 Y121.07
M204 S5000
;TYPE:WALL-INNER
G1 F2700 E834.37444
G1 F600 X116.73 Y123.954 E834.47516
G1 X118.266 Y123.954 E834.5288
G1 X118.266 Y121.07 E834.62952
G1 X116.73 Y121.07 E834.68316
M204 S10000
G0 F15000 X116.31 Y120.65
M204 S5000
;TYPE:WALL-OUTER
G1 F600 X116.31 Y124.374 E834.81322
G1 X118.686 Y124.374 E834.89619
G1 X118.686 Y120.65 E835.02625
G1 X116.31 Y120.65 E835.10922
M204 S10000
G0 F15000 X116.31 Y120.85
G0 X116.991 Y121.332
G0 X117.147 Y122.955
;TYPE:SKIN
G1 F433 X117.849 Y122.955 E835.1432
G1 X117.849 Y123.537 E835.17136
G1 X117.147 Y123.537 E835.20533
G1 X117.147 Y122.955 E835.2335
G0 F15000 X117.341 Y122.955
G1 F2700 E834.7335
;MESH:NONMESH
G0 F600 Z66.8
G0 F15000 X117.013 Y120.882
G0 X117.013 Y119.777
G0 X117.02 Y110.223
G0 X117.02 Y109.118
G0 X116.73 Y108.858
;TIME_ELAPSED:1543.573241
;LAYER:333
;note -- min layer time used
M204 S5000
;TYPE:WALL-INNER
;MESH:Stickmaaaaan.obj
G1 F2700 E835.2335
G1 F647.8 X118.266 Y108.861 E835.28714
G1 X118.266 Y105.974 E835.38796
G1 X116.73 Y105.974 E835.44161
G1 X116.73 Y108.858 E835.54232
M204 S10000
G0 F15000 X116.31 Y109.278
M204 S5000
;TYPE:WALL-OUTER
G1 F647.8 X118.686 Y109.281 E835.6253
G1 X118.686 Y105.554 E835.75546
G1 X116.31 Y105.554 E835.83844
G1 X116.31 Y109.278 E835.96849
M204 S10000
G0 F15000 X116.51 Y109.278
G0 X116.991 Y108.601
G0 X117.498 Y106.742
;TYPE:SKIN
G1 F612.8 X117.498 Y107.29 E835.98872
G0 F15000 X117.066 Y107.722
G1 F647.8 X117.066 Y106.31 E836.03803
G1 X117.93 Y106.31 E836.06821
G1 X117.93 Y107.722 E836.11752
G1 X117.066 Y107.722 E836.14769
G0 F15000 X117.341 Y107.722
G1 F2700 E835.64769
G0 F15000 X117.029 Y109.052
G0 X117.029 Y110.157
G0 X117.021 Y119.843
G0 X117.021 Y120.948
G0 X116.73 Y121.138
M204 S5000
;TYPE:WALL-INNER
G1 F2700 E836.14769
G1 F647.8 X116.73 Y124.022 E836.24841
G1 X118.266 Y124.022 E836.30205
G1 X118.266 Y121.138 E836.40277
G1 X116.73 Y121.138 E836.45641
M204 S10000
G0 F15000 X116.31 Y120.718
M204 S5000
;TYPE:WALL-OUTER
G1 F647.8 X116.31 Y124.442 E836.58647
G1 X118.686 Y124.442 E836.66945
G1 X118.686 Y120.718 E836.7995
G1 X116.31 Y120.718 E836.88248
M204 S10000
G0 F15000 X116.31 Y120.918
G0 X116.991 Y121.398
G0 X117.498 Y123.254
;TYPE:SKIN
G1 F612.8 X117.498 Y122.706 E836.90271
G0 F15000 X117.066 Y122.274
G1 F647.8 X117.93 Y122.274 E836.93288
G1 X117.93 Y123.686 E836.98219
G1 X117.066 Y123.686 E837.01237
G1 X117.066 Y122.274 E837.06168
G0 F15000 X117.341 Y122.274
G1 F2700 E836.56168
;MESH:NONMESH
G0 F600 Z67
G0 F15000 X117.013 Y120.948
G0 X117.013 Y119.843
G0 X117.021 Y110.157
G0 X117.021 Y109.052
G0 X116.73 Y108.794
;TIME_ELAPSED:1548.947360
;LAYER:334
;note -- min layer time used
M204 S5000
;TYPE:WALL-INNER
;MESH:Stickmaaaaan.obj
G1 F2700 E837.06168
G1 F706.7 X118.266 Y108.794 E837.11532
G1 X118.266 Y105.91 E837.21604
G1 X116.73 Y105.91 E837.26968
G1 X116.73 Y108.794 E837.3704
M204 S10000
G0 F15000 X116.31 Y109.214
M204 S5000
;TYPE:WALL-OUTER
G1 F706.7 X118.686 Y109.214 E837.45338
G1 X118.686 Y105.49 E837.58343
G1 X116.31 Y105.49 E837.66641
G1 X116.31 Y109.214 E837.79646
M204 S10000
G0 F15000 X116.51 Y109.214
G0 X116.991 Y108.534
G0 X117.498 Y106.678
;TYPE:SKIN
G1 F668.5 X117.498 Y108.026 E837.84623
G0 F15000 X117.066 Y108.458
G1 F706.7 X117.066 Y106.246 E837.92348
G1 X117.93 Y106.246 E837.95365
G1 X117.93 Y108.458 E838.0309
G1 X117.066 Y108.458 E838.06107
G0 F15000 X117.341 Y108.185
G1 F2700 E837.56107
G0 F15000 X117.029 Y108.985
G0 X117.029 Y110.09
G0 X117.021 Y119.91
G0 X117.021 Y121.015
G0 X116.73 Y121.203
M204 S5000
;TYPE:WALL-INNER
G1 F2700 E838.06107
G1 F706.7 X116.73 Y124.086 E838.16176
G1 X118.266 Y124.086 E838.2154
G1 X118.266 Y121.206 E838.31598
G1 X116.73 Y121.203 E838.36962
M204 S10000
G0 F15000 X116.31 Y120.783
M204 S5000
;TYPE:WALL-OUTER
G1 F706.7 X116.31 Y124.506 E838.49964
G1 X118.686 Y124.506 E838.58262
G1 X118.686 Y120.786 E838.71253
G1 X116.31 Y120.783 E838.79551
M204 S10000
G0 F15000 X116.31 Y120.983
G0 X116.991 Y121.465
G0 X117.498 Y123.318
;TYPE:SKIN
G1 F668.5 X117.498 Y121.97 E838.84527
G0 F15000 X117.066 Y121.538
G1 F706.7 X117.93 Y121.538 E838.87545
G1 X117.93 Y123.75 E838.9527
G1 X117.066 Y123.75 E838.98287
G1 X117.066 Y121.538 E839.06012
G0 F15000 X117.341 Y121.815
G1 F2700 E838.56012
;MESH:NONMESH
G0 F600 Z67.2
G0 F15000 X117.013 Y121.015
G0 X117.013 Y119.91
G0 X117.021 Y110.09
G0 X117.021 Y108.985
G0 X116.73 Y108.726
;TIME_ELAPSED:1554.334466
;LAYER:335
;note -- min layer time used
M204 S5000
;TYPE:WALL-INNER
;MESH:Stickmaaaaan.obj
G1 F2700 E839.06012
G1 F602.8 X118.266 Y108.726 E839.11376
G1 X118.266 Y106.438 E839.19367
G1 X116.73 Y106.438 E839.24731
G1 X116.73 Y108.726 E839.32721
M204 S10000
G0 F15000 X116.31 Y109.146
M204 S5000
;TYPE:WALL-OUTER
G1 F602.8 X118.686 Y109.146 E839.41019
G1 X118.686 Y106.018 E839.51943
G1 X116.31 Y106.018 E839.60241
G1 X116.31 Y109.146 E839.71165
M204 S10000
G0 F15000 X116.51 Y109.146
G0 X116.991 Y108.467
G0 X117.498 Y107.206
;TYPE:SKIN
G1 F570.2 X117.498 Y107.958 E839.73941
G0 F15000 X117.066 Y108.39
G1 F602.8 X117.066 Y106.774 E839.79585
G1 X117.93 Y106.774 E839.82602
G1 X117.93 Y108.39 E839.88246
G1 X117.066 Y108.39 E839.91263
G0 F15000 X117.341 Y108.117
G1 F2700 E839.41263
G0 F15000 X117.021 Y108.917
G0 X117.021 Y110.022
G0 X117.021 Y119.978
G0 X117.021 Y121.083
G0 X116.73 Y121.27
M204 S5000
;TYPE:WALL-INNER
G1 F2700 E839.91263
G1 F602.8 X116.73 Y123.558 E839.99253
G1 X118.266 Y123.558 E840.04618
G1 X118.266 Y121.27 E840.12608
G1 X116.73 Y121.27 E840.17972
M204 S10000
G0 F15000 X116.31 Y120.85
M204 S5000
;TYPE:WALL-OUTER
G1 F602.8 X116.31 Y123.978 E840.28896
G1 X118.686 Y123.978 E840.37194
G1 X118.686 Y120.85 E840.48118
G1 X116.31 Y120.85 E840.56416
M204 S10000
G0 F15000 X116.31 Y121.05
G0 X116.991 Y121.533
G0 X117.498 Y122.79
;TYPE:SKIN
G1 F570.2 X117.498 Y122.038 E840.59192
G0 F15000 X117.066 Y121.606
G1 F602.8 X117.93 Y121.606 E840.62209
G1 X117.93 Y123.222 E840.67853
G1 X117.066 Y123.222 E840.7087
G1 X117.066 Y121.606 E840.76514
G0 F15000 X117.341 Y121.883
G1 F2700 E840.26514
;MESH:NONMESH
G0 F600 Z67.4
G0 F15000 X117.021 Y121.083
G0 X117.021 Y119.978
G0 X117.021 Y110.022
G0 X117.021 Y108.917
G0 X116.73 Y108.658
;TIME_ELAPSED:1559.707766
;LAYER:336
;note -- min layer time used
M204 S5000
;TYPE:WALL-INNER
;MESH:Stickmaaaaan.obj
G1 F2700 E840.76514
G1 F600 X118.266 Y108.658 E840.81878
G1 X118.266 Y107.038 E840.87536
G1 X116.73 Y107.038 E840.929
G1 X116.73 Y108.658 E840.98557
M204 S10000
G0 F15000 X116.31 Y109.078
M204 S5000
;TYPE:WALL-OUTER
G1 F600 X118.686 Y109.078 E841.06855
G1 X118.686 Y106.618 E841.15446
G1 X116.31 Y106.618 E841.23744
G1 X116.31 Y109.078 E841.32335
M204 S10000
G0 F15000 X116.51 Y109.078
G0 X116.991 Y108.401
G0 X117.553 Y107.848
;TYPE:SKIN
G1 F567.6 X117.526 Y107.896 E841.32538
G1 X117.471 Y107.896 E841.32741
G1 X117.443 Y107.848 E841.32946
G1 X117.47 Y107.8 E841.3315
G1 X117.525 Y107.8 E841.33353
G1 X117.553 Y107.848 E841.33558
G0 F15000 X117.066 Y108.322
G1 F600 X117.066 Y107.374 E841.36869
G1 X117.93 Y107.374 E841.39886
G1 X117.93 Y108.322 E841.43197
G1 X117.066 Y108.322 E841.46214
G0 F15000 X117.341 Y108.051
G1 F2700 E840.96214
G0 F15000 X117.021 Y108.851
G0 X117.021 Y109.956
G0 X117.021 Y120.044
G0 X117.021 Y121.149
G0 X116.73 Y121.338
M204 S5000
;TYPE:WALL-INNER
G1 F2700 E841.46214
G1 F600 X116.73 Y122.958 E841.51872
G1 X118.266 Y122.958 E841.57236
G1 X118.266 Y121.338 E841.62893
G1 X116.73 Y121.338 E841.68258
M204 S10000
G0 F15000 X116.31 Y120.918
M204 S5000
;TYPE:WALL-OUTER
G1 F600 X116.31 Y123.378 E841.76849
G1 X118.686 Y123.378 E841.85146
G1 X118.686 Y120.918 E841.93738
G1 X116.31 Y120.918 E842.02035
M204 S10000
G0 F15000 X116.31 Y121.118
G0 X116.991 Y121.599
G0 X117.553 Y122.148
;TYPE:SKIN
G1 F567.6 X117.526 Y122.196 E842.02239
G1 X117.471 Y122.196 E842.02442
G1 X117.443 Y122.148 E842.02647
G1 X117.47 Y122.1 E842.0285
G1 X117.525 Y122.1 E842.03053
G1 X117.553 Y122.148 E842.03258
G0 F15000 X117.066 Y121.674
G1 F600 X117.93 Y121.674 E842.06276
G1 X117.93 Y122.622 E842.09586
G1 X117.066 Y122.622 E842.12604
G1 X117.066 Y121.674 E842.15914
G0 F15000 X117.341 Y121.949
G1 F2700 E841.65914
;MESH:NONMESH
G0 F600 Z67.6
G0 F15000 X117.021 Y121.149
G0 X117.021 Y120.044
G0 X117.021 Y109.956
G0 X117.021 Y108.851
G0 X116.73 Y108.594
;TIME_ELAPSED:1564.198913
;LAYER:337
;note -- min layer time used
M204 S5000
;TYPE:WALL-INNER
;MESH:Stickmaaaaan.obj
G1 F2700 E842.15914
G1 F600 X118.266 Y108.594 E842.21279
G1 X118.266 Y107.638 E842.24617
G1 X116.73 Y107.638 E842.29982
G1 X116.73 Y108.594 E842.3332
M204 S10000
G0 F15000 X116.31 Y109.014
M204 S5000
;TYPE:WALL-OUTER
G1 F600 X118.686 Y109.014 E842.41618
G1 X118.686 Y107.218 E842.4789
G1 X116.31 Y107.218 E842.56188
G1 X116.31 Y109.014 E842.6246
M204 S10000
G0 F15000 X116.51 Y109.014
G0 X117.032 Y108.292
;TYPE:SKIN
G1 F715.9 X117.032 Y107.94 E842.6349
G1 X117.964 Y107.94 E842.66218
G1 X117.964 Y108.292 E842.67248
G1 X117.032 Y108.292 E842.69976
G0 F15000 X117.341 Y107.984
G1 F2700 E842.19976
G0 F15000 X117.021 Y108.784
G0 X117.021 Y109.889
G0 X117.021 Y120.111
G0 X117.021 Y121.216
G0 X116.73 Y121.406
M204 S5000
;TYPE:WALL-INNER
G1 F2700 E842.69976
G1 F600 X116.73 Y122.358 E842.73301
G1 X118.266 Y122.358 E842.78665
G1 X118.266 Y121.406 E842.8199
G1 X116.73 Y121.406 E842.87354
M204 S10000
G0 F15000 X116.31 Y120.986
M204 S5000
;TYPE:WALL-OUTER
G1 F600 X116.31 Y122.778 E842.93612
G1 X118.686 Y122.778 E843.0191
G1 X118.686 Y120.986 E843.08168
G1 X116.31 Y120.986 E843.16466
M204 S10000
G0 F15000 X116.31 Y121.186
G0 X117.031 Y121.707
;TYPE:SKIN
G1 F720 X117.965 Y121.707 E843.19184
G1 X117.965 Y122.057 E843.20203
G1 X117.031 Y122.057 E843.22921
G1 X117.031 Y121.707 E843.2394
G0 F15000 X117.341 Y122.016
G1 F2700 E842.7394
;MESH:NONMESH
G0 F600 Z67.8
G0 F15000 X117.021 Y121.216
G0 X117.021 Y120.111
G0 X117.021 Y109.889
G0 X117.021 Y108.784
G0 X116.697 Y108.559
;TIME_ELAPSED:1567.743113
;LAYER:338
;note -- min layer time used
M204 S5000
;TYPE:WALL-INNER
;MESH:Stickmaaaaan.obj
G1 F2700 E843.2394
G1 F711.9 X118.299 Y108.559 E843.28655
G1 X118.299 Y108.205 E843.29697
G1 X116.697 Y108.205 E843.34413
G1 X116.697 Y108.559 E843.35455
M204 S10000
G0 F15000 X116.31 Y108.946
M204 S5000
;TYPE:WALL-OUTER
G1 F600 X118.686 Y108.946 E843.43752
G1 X118.686 Y107.818 E843.47692
G1 X116.31 Y107.818 E843.55989
G1 X116.31 Y108.946 E843.59929
M204 S10000
G0 F15000 X116.51 Y108.946
G1 F2700 E843.09929
G0 F15000 X116.591 Y108.667
G0 X116.697 Y109.822
G0 X116.697 Y120.178
G0 X116.697 Y121.437
M204 S5000
;TYPE:WALL-INNER
G1 F2700 E843.59929
G1 F711.9 X116.697 Y121.791 E843.60971
G1 X118.299 Y121.791 E843.65686
G1 X118.299 Y121.437 E843.66728
G1 X116.697 Y121.437 E843.71444
M204 S10000
G0 F15000 X116.31 Y121.05
M204 S5000
;TYPE:WALL-OUTER
G1 F600 X116.31 Y122.178 E843.75383
G1 X118.686 Y122.178 E843.83681
G1 X118.686 Y121.05 E843.8762
G1 X116.31 Y121.05 E843.95918
M204 S10000
G0 F15000 X116.31 Y121.25
G1 F2700 E843.45918
;MESH:NONMESH
G0 F600 Z68
G0 F15000 X116.591 Y121.333
G0 X116.591 Y120.178
G0 X116.591 Y109.822
G0 X116.32 Y108.868
;TIME_ELAPSED:1570.179350
;LAYER:339
;note -- min layer time used
M204 S5000
;TYPE:WALL-OUTER
;MESH:Stickmaaaaan.obj
G1 F2700 E843.95918
G1 F572.7 X116.32 Y108.428 E843.97528
G1 X118.676 Y108.428 E844.06147
G1 X118.676 Y108.868 E844.07757
G1 X116.32 Y108.868 E844.16377
M204 S10000
G0 F15000 X116.32 Y108.668
G1 F2700 E843.66377
G0 F15000 X116.32 Y109.756
G0 X116.32 Y120.244
G0 X116.32 Y121.128
M204 S5000
G1 F2700 E844.16377
G1 F572.7 X118.676 Y121.128 E844.24997
G1 X118.676 Y121.568 E844.26606
G1 X116.32 Y121.568 E844.35226
G1 X116.32 Y121.128 E844.36836
M204 S10000
G0 F15000 X116.52 Y121.128
;TIME_ELAPSED:1571.502058
G1 F2700 E843.86836
M140 S0
M204 S5000
M107
G91 ;Relative positioning
G1 E-2 F2700 ;Retract a bit
G1 E-2 Z0.2 F2400 ;Retract and raise Z
G1 X5 Y5 F3000 ;Wipe out
G1 Z2 ;Raise Z more
G90 ;Absolute positioning
G1 X0 Y225 ;Present print
M106 S0 ;Turn-off fan
M104 S0 ;Turn-off hotend
M140 S0 ;Turn-off bed
M84 X Y E ;Disable all steppers but Z
M82 ;absolute extrusion mode
M104 S0
;End of Gcode
